tau,R,V,H,L,Lr,Lc,Uc
0.0,1.4,0.0,0.9,1.0,1.0,0.0,0.7
0.012,1.399991766066677,-0.0013808261869587563,0.8903725957332836,1.3669770552502327,2.5589222703840795,0.17503184011638584,0.7021959793710177
0.023417592161013676,1.399968285192694,-0.0027390256857633575,0.88236288945576,1.2892100335663608,2.40187469137635,0.17654537575637183,0.7042116825724298
0.03590866501996123,1.3999245642845846,-0.00426843756187762,0.8746619706553319,1.2183705757019951,2.258585009156838,0.17815614224715245,0.7063422290063288
0.04946278772122316,1.3998552054352236,-0.0059732818476686865,0.8673499409170884,1.154517216622406,2.129178747345108,0.17985568589970408,0.7085737714311873
0.06416510588738042,1.399753502253988,-0.007869297748663745,0.8604387756046941,1.097084100947782,2.0125204564511634,0.18164774544440085,0.7109084395445809
0.08009842128331969,1.3996114277223957,-0.009972141442753824,0.8539425323835714,1.045573105210927,1.9076110000230058,0.18353521039884824,0.7133469246128342
0.09734826843564091,1.3994194185062891,-0.012297962512672058,0.8478734139736462,0.9995175493164137,1.813514279364539,0.18552081926828856,0.7158893847315821
0.11600225075098482,1.3991661614453619,-0.014863284580335513,0.8422414962080736,0.9584802281523648,1.7293533294132566,0.187607126891473,0.7185353802831531
0.13614978128282448,1.3988383610589306,-0.017684946064093515,0.8370543280156385,0.9220502358302909,1.6543039377852153,0.18979653387536652,0.7212838876175178
0.15788197124262865,1.3984204867949883,-0.020780076735752835,0.8323166260204488,0.8898402417250405,1.5875891417862227,0.1920913416638583,0.7241333403468382
0.18129179093733727,1.3978944935750763,-0.02416613512229506,0.8280300924822679,0.8614841657883452,1.5284744887307773,0.19449384284591317,0.7270817068948081
0.20647462017448415,1.397239504352092,-0.027861031882666996,0.8241933958899834,0.8366352991965567,1.476264144513374,0.19700645387973936,0.7301266082187432
0.23352930973369757,1.3964314366621784,-0.03188336547894307,0.82080234945337,0.8149649129443949,1.4302979286170456,0.1996318972717442,0.733265477579426
0.2625598681327875,1.3954425466653178,-0.03625279568697874,0.8178503145525133,0.7961613802737499,1.3899493206088378,0.20237343993866208,0.7364957616218479
0.2936778726014317,1.3942408539091289,-0.04099057858481149,0.8153288444845179,0.7799298074728169,1.3546244201154491,0.20523519483018482,0.7398151597825734
0.32700568661456336,1.39278939777224,-0.04612028510717776,0.8132285713175605,0.7659921290378633,1.323761763213919,0.20822249486180777,0.7432218980608302
0.3626805586059939,1.3910452614334476,-0.0516687262835137,0.8115403292125677,0.7540875872314701,1.296832821455478,0.211342353007462,0.7467150343783125
0.40085968738470723,1.3889582795969286,-0.057667114261624,0.810256505564088,0.74397349262801,1.2733429539640069,0.21460403129201316,0.7502947966451893
0.4417263739932531,1.386469319438933,-0.06415250091972738,0.8093726206186407,0.735426158185332,1.2528325607052002,0.2180197556654637,0.753962961205219
0.4854974316143646,1.3835079869322613,-0.07116955562423913,0.8088891595758204,0.7282419166134307,1.2348781984637232,0.2216056347631383,0.7577232879269583
0.532432065135255,1.3799895600701828,-0.07877276728374008,0.8088137200613346,0.7222381675088783,1.2190934652198557,0.22538286979790073,0.7615820371910826
0.5828423759026248,1.3758108888947203,-0.08702917125528868,0.8091635918880064,0.7172544531478676,1.2051295254885965,0.2293793808071387,0.7655485995171004
0.6371084005785819,1.3708446509534589,-0.09602219449757082,0.8099690071979719,0.7131534209613105,1.1926745812719426,0.23363226065067844,0.7696364911828296
0.6956854156310398,1.364932620365817,-0.10585474461419894,0.8112771672679696,0.7098227019298009,1.1814550024043067,0.23819040145529521,0.773863861299991
0.759111544917922,1.3578770694799533,-0.11665298763260723,0.8131572420231025,0.7071764970489038,1.171234544221087,0.24311844987672082,0.7782543845719215
0.8279928205764239,1.3494326810627886,-0.12856705914957017,0.8157059582413672,0.7051579630878964,1.1618148384963214,0.24850108767947127,0.7828372518819514
0.9029232628978959,1.3393063460466426,-0.14176092199960844,0.8190512106841796,0.7037419089719003,1.1530384830805462,0.2544453348632542,0.787644239842925
0.984246788497447,1.3271858297582793,-0.15637275597391243,0.823345252797074,0.7029354087258858,1.1447970619626273,0.2610737554891443,0.792699212917608
1.0715472376519117,1.3128368000692303,-0.1724188662710739,0.8287292005554776,0.7027688843380644,1.1370426726837557,0.2684950959923732,0.7979942116835711
1.1630604462605232,1.296272488528833,-0.18966505293997435,0.8352595642043554,0.7032668952945659,1.1297803620958393,0.2767534284932925,0.8034618324564922
1.255950304826013,1.2778233920647255,-0.20764093843232387,0.8428612805858221,0.7044104596898478,1.1229985120530035,0.2858224073266921,0.8089913703794608
1.3477808734526253,1.2579211535728216,-0.22589592339619732,0.851399787680284,0.706137978855727,1.1165699816024066,0.2957059761090474,0.8145031297884093
1.4374681687694413,1.2368439934390358,-0.24419565275073946,0.860790750494544,0.7083865325719783,1.110229241348043,0.30654382379591355,0.8199919690152002
1.5249812568591836,1.214676324313495,-0.26248742131181574,0.8710314703367464,0.7111235226692003,1.103603086515943,0.3186439588224576,0.8255078411637051
1.610806578903016,1.1913647322604228,-0.28080236628570926,0.882187969019373,0.7143603328916344,1.0962060584653508,0.3325146073179178,0.831129227010395
1.6957311119737013,1.1667379122930857,-0.2992018904658501,0.8943947468910847,0.718172218116794,1.0873645371822642,0.3489798990513238,0.8369581823255409
1.7809207125740567,1.1404583436807014,-0.31776030179028947,0.9078882505258081,0.7227541580277882,1.0760253166099791,0.3694829994455972,0.843137778175514
1.867961153299901,1.1119820693432276,-0.33647854202703753,0.9230392662407506,0.7285602057372663,1.0603441934925977,0.39677621798193496,0.8498749157324949
1.9404216789602604,1.08705461978639,-0.3513952712060902,0.93672824592356,0.7348157986914136,1.0423087479825237,0.42732284940030346,0.8558800678669661
2.0032168603437808,1.0646094718427628,-0.3632440832595035,0.9493517888262438,0.7421111777837945,1.021021437261534,0.46320091830605514,0.861434366011985
2.0592221055033217,1.04400476569634,-0.37224632891053466,0.9611211921311192,0.7513311017356279,0.9953954795316744,0.5072667239395815,0.8667136884360562
2.1152273506628627,1.0229619644076933,-0.37864940844578776,0.9731885916670794,0.7655097777342132,0.9604097955056431,0.5706097599627833,0.8723588157777041
2.167046833845446,1.003269815887763,-0.38052725084609185,0.9842799603227217,0.7876575735151072,0.9155038154825608,0.6598113315476536,0.8779750448647997
2.2000529782404294,0.9907367610531006,-0.3783476252351387,0.9910142020789126,0.8106684448711868,0.8778279586345085,0.7435089311078652,0.8817886185433553
2.2270234335257446,0.9805900364141504,-0.3735357063192075,0.996076330324887,0.8387784558504461,0.8399583444627355,0.8375985672381566,0.8850653290852774
2.248956644969523,0.9724660130989233,-0.36675355090100265,0.999695354662233,0.8715934344581477,0.8033043710014077,0.9398824979148876,0.8878510312967614
2.2674574391154056,0.9657545781743735,-0.35829114175952526,1.002220777997829,0.9098040913270016,0.7675338141090225,1.0520743685449805,0.8902948293734761
2.2833433150523863,0.9601378637338931,-0.3483764999992311,1.0038458004882789,0.9536489474669831,0.7327916295253564,1.1745062654086098,0.8924682805682316
2.2971942163632892,0.9553870712096921,-0.33716514036583456,1.0047128705810457,1.003258949908986,0.6991849383166783,1.3073329615012936,0.8944240286601303
2.309423933468997,0.9513367505854738,-0.324775422273421,1.0049293359261675,1.058593721533848,0.6668180422372217,1.450369400830474,0.8962003529512388
2.320341596520515,0.9478622433993761,-0.31129997217866706,1.0045795485852245,1.119441071593119,0.6357739225017925,1.6031082206844451,0.897826561100507
2.3312592595720334,0.9445493858609224,-0.29508205878951194,1.0036044794350605,1.1933191097931015,0.6027830179748944,1.7838552016113087,0.8994912966939403
2.3401159889867795,0.9420029881365111,-0.2795554605280433,1.0022679408123576,1.2642563223873278,0.5747247383916088,1.9537879063830468,0.9008696347749571
2.3489727184015257,0.939604722271485,-0.26157938725276064,1.0003637568682342,1.3459496567760303,0.5457029647798494,2.1461963487722113,0.9022717618683118
2.3571093172826827,0.937551752018099,-0.2426385412715439,0.998049239689587,1.4306599089758842,0.5184246417632224,2.342895176188546,0.9035791199981211
2.364583663959819,0.9358102225837024,-0.22299010084991272,0.9953968121069638,1.5160691257730803,0.4930958609667328,2.5390423905794277,0.9047941668437971
2.3715105141718915,0.9343346143826551,-0.20272724474629775,0.9924558379562118,1.600485439133744,0.46963693572698584,2.731333942540502,0.905929899238338
2.3779833598255404,0.933088692339741,-0.18194096424350914,0.9892697831822952,1.6821692527699166,0.4479617160178921,2.9163767895219412,0.9069971271480503
2.3840759368295563,0.932044005017017,-0.16073355833653483,0.9858795633380034,1.7593493990423996,0.427992733969483,3.090706064115316,0.9080043564809199
2.3898457216976725,0.9311780110257142,-0.1392238802446359,0.9823256356468819,1.830290725734736,0.4096627424829334,3.250918708986539,0.9089581067134718
2.3953361560984545,0.9304725934352542,-0.1175523399387995,0.9786498265241937,1.8933784512682759,0.3929151123597173,3.3938417901768343,0.9098631121686103
2.4005777816692344,0.9299128257433336,-0.09588586166486383,0.9748969711465165,1.9472177678638816,0.37770347596894693,3.5167320597588163,0.9107224182547465
2.405588503573041,0.929485868301739,-0.07442240098835805,0.9711163169075835,1.990745844760051,0.3639904895916919,3.61750119992841,0.9115373995654532
2.410373071294325,0.929179918270532,-0.05339478002557192,0.96736264057069,2.0233482447980586,0.3517458190541333,3.6949506705419837,0.9123077109356328
2.414921545082642,0.9289831734979176,-0.03307496370244123,0.9636972594659473,2.0449660664919485,0.3409441806880107,3.7489879522958858,0.9130311337526836
2.4192055796145757,0.9288827723511416,-0.013784376582491792,0.9601899403810851,2.0561799566505363,0.3315659627864111,3.7807939505146613,0.9137031368757715
2.4227271121411458,0.9288621826573884,0.0020853946339883488,0.9572889280130386,2.058441613436337,0.3244588336578969,3.792424393214777,0.9142478097173891
2.426248421574945,0.9288973733385961,0.017883857537930318,0.9543906480713732,2.0543482631965673,0.3179091333041183,3.7907873930890164,0.9147847571810328
2.429889481135714,0.9289920092680319,0.03406621727382895,0.9514150695821805,2.0435272172983114,0.3117306200813383,3.7753238145152848,0.9153312086287387
2.4338896177905034,0.929163402285836,0.05157198651416271,0.9481931418471151,2.0242300935634154,0.3056424864835981,3.742817700643233,0.9159205395404649
2.438182379533294,0.9294243775529551,0.06993456327904238,0.9448165277630395,1.9955140131335487,0.2999204157875043,3.6911076104795932,0.9165393320694897
2.4427306814207896,0.9297856092656703,0.08879710577004768,0.9413594973773398,1.9570435799344075,0.2947608286752783,3.6193263311935366,0.9171786875830237
2.447515152145966,0.9302564132800264,0.10786761201078057,0.9378868733111292,1.9090369341357811,0.290310466272554,3.527763401999008,0.9178323650357866
2.4525297257076106,0.9308454789748952,0.12690450497385392,0.9344564540523697,1.8521819341505865,0.28668202853188024,3.4176818397692927,0.9184960206913129
2.4577795667041733,0.9315615869797927,0.14570984870968479,0.9311201341910089,1.7875289857569199,0.2839658624759665,3.2910921090378733,0.9191667822310633
2.4632799194213066,0.9324142959810635,0.16412377212975737,0.9279249246059037,1.7163773910221543,0.2822401487364637,3.1505146333078446,0.9198429415796191
2.4690554350099436,0.9334145804774187,0.18201849544593024,0.9249141739649658,1.6401704520970823,0.2815801574515367,2.998760746742628,0.9205237021872071
2.4751398903102353,0.9345754245920443,0.19929208789962233,0.9221289598994726,1.560407938391214,0.2820667596358164,2.8387491171466115,0.9212089691023178
2.4815763255108148,0.935912398691672,0.21586245238484658,0.9196095452041047,1.4785783942757411,0.2837944891007959,2.6733622994506865,0.9218991832760111
2.4884176507983145,0.9374442576183583,0.23166188686677702,0.9173968218803857,1.3961101213828533,0.2868796503899202,2.5053405923757865,0.9225952011400625
2.4957277773317332,0.9391936041194431,0.2466323392828478,0.9155337105592356,1.3143382628946731,0.29146914284521735,2.337207382944129,0.9232982181628949
2.5035833419058653,0.9411876630201411,0.2607213014106052,0.9140665127640087,1.234485350310797,0.2977508294423345,2.1712198711792596,0.9240097344796541
2.5120761259561752,0.9434592146012546,0.2738781997721852,0.9130462207400301,1.1576531781780026,0.30596646852002146,2.0093398878359836,0.9247315623845072
2.521316318871005,0.9460477413550344,0.28605111108083925,0.9125297741279329,1.084824540883868,0.3164284945814728,1.853220587186263,0.925465878937091
2.5314368455731104,0.9490008517432211,0.29718362946134463,0.9125812112466437,1.0168740266564107,0.32954231919213023,1.704205734120691,0.9262153318376122
2.5425990731625876,0.9523760576086898,0.3072117230125086,0.9132725836932343,0.9545876871617504,0.345836343425128,1.5633390308983728,0.9269832128405266
2.5550003431883854,0.9562429988245972,0.31606043313433335,0.9146843611612313,0.8986919586582496,0.36600250663405604,1.4313814106824432,0.9277737204279579
2.5688838494190804,0.960686192801615,0.3236402350295623,0.9169047832045686,0.8498930006200213,0.3909505848602662,1.3088354163797764,0.9285923353684757
2.584551566712051,0.9658083769175083,0.32984299800632083,0.9200271279016421,0.8089271564501388,0.421879218506501,1.1959750943937766,0.9294463394676477
2.602380565684724,0.9717342769649462,0.33453748720127646,0.9241429093741252,0.776622675875241,0.4603629293665028,1.0928824223839793,0.9303454753838999
2.6228415320221146,0.9786139340354181,0.33756483444034824,0.9293271429146788,0.7539669696055926,0.5084410578291246,0.9994928813820605,0.9313026497183189
2.646512555085073,0.9866225100781802,0.3387359860135989,0.9356082460771994,0.7421551349583435,0.5686533912936658,0.9156568786230211,0.9323342747788935
2.6740654840580023,0.9959479919976219,0.33783808883184735,0.9429099286150954,0.7425426898371675,0.6438613563757951,0.84122402329854,0.9334590920474756
2.7062017008599537,1.0067588596174737,0.3346637079598997,0.9509595923574682,0.7563338377627513,0.7365822660414436,0.7760854094840591,0.9346941037825265
2.7436229247045354,1.0191825507772427,0.32905330142724654,0.9592070209293646,0.7839184347769375,0.8478443213884751,0.7199925481653998,0.9360495803694382
2.787983667277023,1.0336001339049705,0.3207278167611416,0.9669289224414279,0.8249028508112457,0.9782691907952022,0.6715365108272892,0.9375515658767023
2.831881442590897,1.0474778662348576,0.31141325762239686,0.9721236489778555,0.8676042362501317,1.0990232779642526,0.6361851945360109,0.9389184056194221
2.8757792179047708,1.0609318132700956,0.3014766649367365,0.9748896840962767,0.907527129547153,1.2058844031502811,0.6091698559440248,0.9401477553080906
2.9159698203071565,1.0728599528714602,0.2920652578002937,0.9754582237958311,0.9390266297818912,1.2885325450928273,0.589520714470955,0.9411342796987621
2.954418804113138,1.0839138254708474,0.28290575578769783,0.9744680498736285,0.9634995522717881,1.3529843861761586,0.5740147183674176,0.9419392049820696
2.992249845302409,1.0944447018683003,0.27381850011902764,0.9722649157088383,0.9818964018800617,1.4026809181940454,0.5611118855660779,0.9425883026861429
3.030079886195499,1.1046309157187966,0.2647053924463686,0.9690761070707372,0.9948840050443843,1.4397725173802045,0.5499954927085642,0.9430887912097795
3.0683494808396685,1.1145847493687278,0.2554933867606412,0.9650711736072143,1.0030594758460205,1.465960156652504,0.540158795039537,0.9434402339603437
3.1074253660040987,1.1243850841298744,0.2461187804184889,0.9603838375029947,1.00698433291724,1.4827098397482577,0.5312588260862224,0.9436377375420364
3.147644956548893,1.1340906720528174,0.23652092185915824,0.9551229532594558,1.0071856062494287,1.491321881768629,0.5230493307302283,0.9436731309331531
3.189343718584347,1.1437469931140014,0.2266381493328861,0.949378815885733,1.0041514297654115,1.4929580958181334,0.5153447637126894,0.9435354034759359
3.232877374347247,1.1533902950323338,0.21640412978981005,0.9432270473743278,0.9983263341853028,1.4886536292869972,0.5079990390836083,0.9432107318443007
3.2786453186212174,1.1630503171112627,0.20574358318101565,0.9367309730625577,0.9901071628854987,1.4793224374199414,0.5008918883510561,0.942682166968081
3.327121346924849,1.172752556002437,0.19456628037791995,0.9299427961086129,0.9798390873556972,1.4657590309215618,0.49391914378983265,0.9419288995723031
3.3789011547181342,1.1825208531527631,0.18275743068868025,0.9229034334011088,0.967810202653928,1.4486358327741842,0.48698457253367194,0.9409248288619231
3.434786667742412,1.1923816437077621,0.1701603230679781,0.9156401458148633,0.9542413431407603,1.4284918220845957,0.4799908641969248,0.9396357375037057
3.4959594776640266,1.202373367197271,0.1565403296424082,0.9081591197362607,0.9392623696620737,1.405699386346981,0.4728253529771661,0.9380131683620632
3.5644157673629544,1.2125734073967112,0.14149421857176714,0.9004226358895465,0.9228455859738236,1.3803641684095769,0.4653270035380702,0.935978635054398
3.644491984869356,1.2232069344948744,0.12413094014536419,0.8922574052910038,0.9045509988337012,1.3519327703079254,0.45716922735947696,0.9333674021205391
3.7432227222342833,1.234418050622025,0.10302445393700148,0.8835036573815157,0.8837254112925212,1.3195143340217363,0.4479364885633061,0.9299036807447995
3.8419534595992104,1.2435591005774698,0.08218546187561766,0.8761615104144017,0.8649699926249041,1.290376307329306,0.4395636779205024,0.9262802076498995
3.9321209461454227,1.250118308164596,0.06332655140562234,0.8706385670594133,0.8496355767223529,1.266618191544987,0.4326529618997188,0.9229188968272446
4.022460683172107,1.2549900209978222,0.044540160663354866,0.8661877497377396,0.8359062131315284,1.2453747534098965,0.42643767285316025,0.9195721096384472
4.115314839856347,1.2582316761757988,0.025287096671229154,0.8626966589747344,0.8233876576049959,1.2259704398805962,0.42080487532939564,0.9162171813557164
4.2124608688195355,1.2597100318015193,0.0051432896157780385,0.86017775609272,0.8118892007584029,1.2080185108517665,0.4157598906650394,0.9128610472136688
4.316976585043078,1.2591122379237945,-0.01660126299340481,0.8587242196360418,0.8011964041049258,1.1910460310042061,0.4113467772056454,0.9094909520181254
4.441436927539051,1.2554249985255432,-0.04269587296534519,0.858657408970023,0.790534759580615,1.173514814403754,0.40755470475747607,0.9058886724086807
4.565100963351187,1.248525570613248,-0.06895130981243158,0.8603701655914596,0.7819767246693308,1.1584477890190055,0.40550566031965607,0.9028404664784865
4.683400385382415,1.2388634566409076,-0.09447205474355422,0.863684410726196,0.7755348692009554,1.145727646494075,0.4053420919078356,0.9004980592948747
4.80503417119191,1.2257518851355438,-0.12120875485811683,0.8688465400568556,0.7705714545718358,1.1338548378156124,0.40728807132805944,0.8987490763411164
4.9361165836778,1.2079410316163142,-0.1506547387776373,0.8764890816620196,0.7670142509819089,1.121750991664728,0.41227751029908977,0.8976984020086809
5.057778646143341,1.1879185894450366,-0.17858822013419764,0.8856266242133376,0.7653420446568602,1.1103685333494293,0.420315555964291,0.8975812969011902
5.179440708608883,1.1644652370687945,-0.20703383756211768,0.8968694541109161,0.7652865246651163,1.097790723639394,0.43278232569083847,0.8983792756010693
5.2917453844605316,1.1397261493687207,-0.23355265623993718,0.9092458689896706,0.766841229074144,1.0837801489516075,0.4499023091966805,0.9000153949987058
5.399007807112007,1.1133206335912191,-0.25872737224734316,0.9229611007333143,0.7701557461291567,1.0663973121172219,0.4739141801410916,0.9024757401847475
5.480805478279214,1.0913896945914139,-0.2773668428114116,0.9346954292152718,0.7744181463421388,1.0487493130313554,0.5000869796529221,0.9050080943495618
5.5529571661640205,1.0708106914030737,-0.2928677110758846,0.9459358454539013,0.7801639827825952,1.028224865932935,0.5321030996322557,0.9077662850532384
5.625108854048827,1.0491679709533053,-0.30668264804211953,0.9579099733781253,0.7890951699293843,1.0006535468076976,0.5775367930510711,0.9110725392841765
5.69028491307995,1.028840019822224,-0.3165606445875992,0.9691534909376811,0.802197181635972,0.9666031233067408,0.6377912399652031,0.9145897622699338
5.7515447423546995,1.0092594210802905,-0.32186182090352294,0.9797189806426292,0.823097254291457,0.9225967300616423,0.7235977785212715,0.9184206810346532
5.788036647117911,0.9975024585128287,-0.3220237143880045,0.9857329105698952,0.8429040568371312,0.8884936929656037,0.7973144207086588,0.9209775874012512
5.818717697019789,0.9876532586370952,-0.3195407220738767,0.9903999256198026,0.8668386177827396,0.8537526047617882,0.879924630803691,0.9233052776122038
5.844222571554069,0.9795561965067318,-0.3149571764906086,0.9938227995487569,0.8944816545143703,0.8196909583589366,0.9692723506698042,0.9253754179368036
5.866061214908724,0.9727426480644156,-0.3086055067956763,0.9962580675969117,0.92628067933115,0.7861248637643078,1.0664364948979923,0.9272531137709742
5.885050840252815,0.9669532255201035,-0.30072814239327295,0.9978563437927394,0.9623813683519684,0.753205775360608,1.171556961343329,0.9289696186668442
5.901782658700659,0.961995362252797,-0.2915006203020022,0.998732801876669,1.0028367049279887,0.7210666694429448,1.2846067404130328,0.930549620820433
5.916689646207839,0.9577249253211494,-0.28105925691384387,0.9989776481823999,1.0475687999025296,0.6898374063898187,1.4053001934152407,0.9320122026929137
5.930101593613437,0.9540303151939896,-0.26951343049409265,0.9986642010549563,1.0963645951109724,0.6596309156088096,1.5330982746131352,0.9333727860417748
5.943513541019035,0.9505063070980169,-0.25555441993009786,0.9977397090225759,1.1546830324278847,0.6274985968876755,1.6818674679680938,0.934775232208258
5.955687882642673,0.9474845061640452,-0.24045282536189885,0.9962752658101038,1.2168753144332078,0.5968184143378943,1.8369322145285214,0.9360831320498907
5.9667245846417565,0.9449167126483703,-0.22448333946352164,0.9943541002078947,1.2813086190395504,0.567971903820249,1.994645334258852,0.937295398510197
5.976828038263002,0.9427313901389647,-0.2077545660661601,0.9920405032937192,1.3468517457536853,0.5409427009243842,2.1527607905829864,0.9384247705703453
5.986164036308616,0.940871500223423,-0.19035998449049246,0.9893889605729622,1.412290741583929,0.5156884574142888,2.308893025753569,0.9394821745046041
5.994863616613991,0.9392923536845442,-0.17239249681132515,0.9864478762443594,1.4763221511549711,0.49216390920957026,2.460480393100372,0.9404764218826402
6.003030775012263,0.9379586713402728,-0.1539497184031385,0.9832620287991063,1.537590316733546,0.4703245001533185,2.6048561333137736,0.941414550765573
6.010747789884355,0.9368423713527579,-0.13513860033502412,0.9798746070760368,1.594735794625903,0.45012874769899647,2.73934284155281,0.9423020693176328
6.018078612875889,0.9359208697460087,-0.11608002632831192,0.9763290169535361,1.6464542905026427,0.4315400195444105,2.861368561460875,0.9431431022046957
6.025070807918481,0.9351756948113225,-0.09691337211231683,0.972670511403025,1.6915668278319331,0.41452753831056854,2.9686061173532976,0.9439404652697012
6.031756354285615,0.934591273955004,-0.0778007837728881,0.9689476148546111,1.729100430934196,0.39906641293030515,3.059134448938087,0.9446956894508222
6.038151500874297,0.9341537968649106,-0.058930843925662536,0.965213265583325,1.7583756450034584,0.3851366110182149,3.131614678988702,0.9454090086387907
6.044255650537664,0.9338500994014723,-0.04052171712641042,0.9615256649137744,1.7790930592731098,0.3727211915552083,3.185464926991011,0.9460793069002895
6.050048684508351,0.9336665394548403,-0.02282568764772023,0.9579491888403057,1.7914079566087187,0.36180510899656665,3.2210108042208705,0.9467039611894822
6.055484449454934,0.9335877997365396,-0.006142435951669689,0.9545568456550698,1.7959864959955203,0.3523781626944402,3.2395948292966006,0.9472783461578186
6.059968845632282,0.9335910809116051,0.007595988243310833,0.9517535652527058,1.7945242631581093,0.3452203670162325,3.2438281592999862,0.9477426508676257
6.064378679860663,0.9336542158005362,0.02101817676174384,0.9490106444343708,1.7884674776101375,0.33874157484487105,3.238193380375404,0.9481900715050009
6.069329199385994,0.9337952189636725,0.03590950830903546,0.9459678101611089,1.776347989309914,0.33213977982944287,3.2205561987903852,0.9486807476617495
6.074700143783348,0.9340308308559301,0.05176699966695589,0.9427348074293933,1.7571697369530297,0.3257853130297792,3.18855416087628,0.9491983342991879
6.080426319535922,0.9343746390634299,0.06823202850680646,0.9393950336552932,1.7304146734069585,0.3199334391890429,3.1408959076248744,0.9497322923264174
6.0864711057637155,0.9348381485033841,0.08501618590107124,0.9360203080076481,1.6960135255247812,0.31477477718718516,3.0772522738623773,0.950275049292474
6.092817244188198,0.93543161359735,0.10187901736789544,0.9326751093810816,1.654299916473155,0.3104568734818252,2.998142959464485,0.9508209672474495
6.0994628848578305,0.9361648310350077,0.11861978320926009,0.9294180378687599,1.6059407205746257,0.3070980286348001,2.904783412514451,0.9513658355487947
6.106419599220199,0.9370479131282758,0.1350727009376506,0.926302688047501,1.5518520849027484,0.3047987295958157,2.798905440209681,0.9519065415126979
6.113711222628681,0.9380920147878683,0.15110228783694768,0.9233786399770568,1.4931145487366124,0.30365212542551223,2.6825769720477126,0.9524408061000634
6.1213731937389655,0.9393099982179685,0.1665981991051589,0.9206926819348644,1.4308974654305116,0.30375384850577464,2.5580410823552486,0.9529669563319849
6.129452355119114,0.9407170452253343,0.18146988711918535,0.9182901744295141,1.366397741428552,0.3052113614175807,2.4275841214395233,0.9534837332253345
6.138007263899819,0.9423312465546699,0.19564151070733363,0.9162164391264471,1.3007938272684316,0.30815319773486016,2.293434456802003,0.9539901384185926
6.147109072870938,0.9441742064052749,0.2090473489607278,0.9145180903220359,1.2352137243903167,0.31273868108998054,2.157688767690653,0.9544853205612495
6.15684304577003,0.9462717017882478,0.22162778435251784,0.9132442602350533,1.1707150775469524,0.31916888368616536,2.0222612714077393,0.9549685007666778
6.1673107865738865,0.9486544347918974,0.23332579454479252,0.9124476805085007,1.1082755446122103,0.3276997415841813,1.8888513476402393,0.9554389366730273
6.178633296796082,0.9513589140119885,0.24408383409582038,0.9121855643575291,1.0487920708793756,0.3386584117148847,1.7589257300438668,0.9558959268286354
6.1909550227161265,0.954428499228211,0.25384097060228594,0.9125201826323587,0.9930881957330804,0.35246414111101004,1.6337122503551507,0.956338860458943
6.20444911986297,0.9579146407966584,0.2625301513583874,0.9135189315252804,0.9419289236586087,0.3696550851561821,1.5142027621610352,0.9567673218118884
6.219324183841695,0.9618783232376801,0.27007547409585897,0.9152535214671508,0.8960430910172511,0.39092243374884195,1.4011637482856603,0.9571812607124298
6.235832709569613,0.9663916822266568,0.2763893965774763,0.9177976255036152,0.8561529415778826,0.4171525074923927,1.2951533756633724,0.957581242835108
6.2542813383658755,0.971539642385953,0.2813698945161651,0.9212218271933724,0.8230097260354619,0.44947498470957425,1.1965444673613495,0.957968786418019
6.275042101431515,0.9774210841459136,0.284897783585261,0.9255838305940175,0.7974312084268504,0.4893082696278197,1.1055541472258812,0.9583467651011194
6.298561512743854,0.9841482433529651,0.2868350852470273,0.9309104586331757,0.7803286010337722,0.5383752404502207,1.0222819616173238,0.9587197866464982
6.325358756861314,0.9918413391606776,0.28702699211505744,0.937166122281896,0.7726907823474447,0.5986233673954017,0.9467581972994878,0.9590942955107444
6.355997167982508,1.0006136070373626,0.28531309450915693,0.9442028635520034,0.7754569208146048,0.6719216109752388,0.8789922306539708,0.9594778735853061
6.391073143768854,1.0105598927744748,0.2815472138356363,0.9517088894210418,0.7892097722161598,0.7595204655367862,0.8188990788955335,0.9598775428768168
6.431292250733977,1.0217686464075755,0.2756001080243273,0.9591819811287122,0.8137669929689952,0.8613922956307412,0.7661416903072494,0.9602964698403355
6.4785519371127815,1.0345986807582046,0.2671488053604022,0.9660373531058054,0.8484652300422295,0.9776455169561132,0.7192849431283459,0.9607354525820285
6.5247996105379595,1.0467427268658158,0.25789922910116403,0.9705657854555662,0.8833011034164997,1.0823311390497716,0.6842710677832278,0.9610957368879867
6.5710472839631375,1.0584437992480191,0.24803825672060908,0.9729857115957439,0.9152656329895071,1.1738398921197122,0.6566913738593021,0.9613665974614743
6.613831878074399,1.0688543324166466,0.23856607612294212,0.9735185104287762,0.9403307768429732,1.2447191706868734,0.6359423829990728,0.9615188279134963
6.655004924588349,1.0784854832764112,0.22924467146816985,0.9726966267950756,0.959560374720765,1.299928916620809,0.6191918328207211,0.9615618567195541
6.6956489229436,1.0876136279775077,0.2199138862206254,0.9708215787823603,0.9737094048295418,1.3423903178111103,0.6050284918479732,0.9614948469520777
6.736379787610317,1.0963790282769144,0.21048137075532325,0.968097903395131,0.9833394316809154,1.3739970239939543,0.5926818393678764,0.9613122046840427
6.777642277419699,1.1048659698241945,0.200876097031835,0.9646819354405228,0.9889604163006975,1.3962540988808352,0.58166673372056,0.9610061709721779
6.819806744829408,1.1131283794370908,0.19103458328581102,0.9607003266091056,0.9910537843102236,1.4104548960540007,0.5716526725664466,0.9605675775846358
6.863211413916166,1.1212001276629306,0.18089528150728246,0.9562596378418782,0.9900727787276882,1.4177427117547974,0.5624028457005789,0.9599861283317246
6.908187290559749,1.1290998771932483,0.17039506118594955,0.9514521835926215,0.9864392504515083,1.4191372277144612,0.5537412731885553,0.9592505089044974
6.9550763705849095,1.1368332347391346,0.15946627593328014,0.9463600630258505,0.9805407582373362,1.4155478564132193,0.5455336600614531,0.9583484191110451
7.004247940897852,1.1443932326657993,0.14803372584764146,0.9410582786036213,0.972728850276888,1.4077819895715749,0.5376757109822013,0.9572665634082087
7.0561158487511255,1.1517594662900366,0.13601104744815853,0.9356174678787872,0.9633185731296583,1.396551250858587,0.5300858954007297,0.9559906170769299
7.11115911597541,1.1588958143351757,0.12329606383463511,0.9301066561077893,0.9525890624903399,1.3824769585554018,0.5227011664252782,0.9545051845555178
7.1699483523659415,1.1657463024879087,0.10976453308943412,0.9245964728005993,0.9407851265835694,1.3660952643924251,0.5154749887747135,0.952793785674067
7.233180419252667,1.1722281566872124,0.09526165422051311,0.9191634792863365,0.928120016574214,1.347862324337114,0.5083777088113139,0.9508389720049278
7.301721780055064,1.1782202163048465,0.07959102967448656,0.9138967512220749,0.9147803872298744,1.3281605686897224,0.5014002057700264,0.9486228841133661
7.376648836995625,1.18354335435846,0.06250333398974668,0.9089089622419233,0.9009369214636136,1.3073102228644076,0.4945636200628196,0.9461292431098736
7.4592156608156035,1.1879276899580418,0.04369975914587234,0.9043564581804028,0.8867723067466151,1.2856020394120953,0.48794257408113484,0.9433501499605484
7.550425346908128,1.1909662073879554,0.022923038093335135,0.9004751013945739,0.8725655815915087,1.263410959628524,0.48172020355449335,0.9403094416692866
7.649024934376033,1.1921171039117582,0.0004078828239259362,0.8976188981688245,0.8589316126750661,1.2415652083709394,0.4762980169791927,0.9371356799194089
7.746636014738862,1.1910648579062837,-0.021990133139308927,0.8961435883971113,0.847151960315897,1.2219812723467411,0.4723226482850528,0.9341861386251299
7.843923974150039,1.1878334058954747,-0.04447022782626807,0.895998382501997,0.8370335618062525,1.2042265543839539,0.46984056922855116,0.93150653032903
7.9478556568894625,1.1819543489642568,-0.06870374542800009,0.8973004691240096,0.8279186871153369,1.1868428881115385,0.4689944861191353,0.9290021697666451
8.055080872438108,1.17323519299903,-0.09397654566690816,0.9002312814245428,0.8202558913482878,1.1701520295127978,0.4703597531837778,0.9268802397710224
8.16510314502492,1.1614555458567006,-0.12020382331847906,0.9049424394333893,0.814158844061285,1.1537325527706672,0.4745851353519028,0.9252679584943065
8.277948097307238,1.1463604780014083,-0.1473692995694647,0.9116149276512253,0.8097416526544532,1.136825865177765,0.4826574401311413,0.9242916067755886
8.39159804082417,1.1280502485342863,-0.17485262327775966,0.9202804681516902,0.8072534233597157,1.1186053087788619,0.4959015379405696,0.9240909135694859
8.50018845397695,1.1076436911862149,-0.20092273124775603,0.9304384930214201,0.8069754040497661,1.0985609255980586,0.5153898825014736,0.9247238900364221
8.586945473543725,1.0893261518421473,-0.22123070207110873,0.9398872706061554,0.8086340385095176,1.0792084813843585,0.5380595956346768,0.9258761600382137
8.6737024931105,1.0692869241621792,-0.24049223098661465,0.9504846587017233,0.8126930197210069,1.0549973897038432,0.5703886497381706,0.9276679305306011
8.752149064706517,1.0497909441543356,-0.2561969235012734,0.9609501541708884,0.8196360450196614,1.0266100074982358,0.6126620825410869,0.9299003908782605
8.823942590711932,1.03095424694434,-0.26801943710119214,0.9710597675132512,0.8307194463334238,0.9923613079082816,0.6690775847585659,0.9325140286769199
8.880233273136852,1.0156716247353967,-0.27443692232694145,0.9790922358368351,0.8450131731039523,0.9573945354787657,0.732631810729139,0.9349897369824522
8.92212526101818,1.0041186149915675,-0.27668547655942793,0.984911834868358,0.8610935219576727,0.924970224937935,0.7972168189774105,0.9371018406738895
8.956807130882636,0.9945238662968824,-0.27619718280162464,0.9894407901711738,0.8799658233758632,0.8927845815401478,0.8671470652115786,0.939040453548091
8.98616884553198,0.9864476669243878,-0.2735214295907363,0.9929075629404324,0.9017680017249025,0.8609135614373763,0.9426224420124286,0.940826339439806
9.011555255916628,0.9795562533857507,-0.2690150644150649,0.9954875183060596,0.9266915493004328,0.8293510400545472,1.0240320585463185,0.9424839604207467
9.03382929713954,0.9736278423081249,-0.26292829125336675,0.9973013867727097,0.9548266992309157,0.7982011624391725,1.1114522360226589,0.9440292530894748
9.053607437187718,0.9684980150787302,-0.25544852601421714,0.9984423954992699,0.9861802303211655,0.7675893930074876,1.2047710676348435,0.9454750067281126
9.071348834206674,0.964040314711509,-0.24672309882454196,0.9989858834273565,1.0206642250289486,0.7376447662445705,1.3036836838133266,0.9468318545373453
9.08909023122563,0.9597570519517161,-0.23571951928235468,0.9989654523266996,1.0623909721888438,0.7053212795350032,1.4194606648426842,0.9482454173672279
9.105148582972445,0.9560671161727033,-0.22345171540263478,0.9983582052690803,1.1073734396877628,0.674084669599263,1.5406622097762626,0.9495726689778433
9.119655432395817,0.9529190315478006,-0.21019513952857552,0.9972418549744165,1.1544729849689173,0.6444010996334814,1.6645448703043533,0.9508087105236056
9.132889424826692,0.9502284787358398,-0.19607883883276522,0.9956854757832624,1.202916187773855,0.6163138730986676,1.7895185024490423,0.9519643171138698
9.145076346525185,0.9479275912589206,-0.18121057453275552,0.9937479671994904,1.2518534324487336,0.5898333125764365,1.9138735523210308,0.9530490803520067
9.156394721030308,0.945962818829162,-0.16569100371378134,0.9914812364202428,1.3003501716506465,0.5649605250186933,2.0357398182826,0.9540708894382331
9.166986819435198,0.9442915866282511,-0.1496192871567611,0.9889325632861565,1.347411695012332,0.5416908586753117,2.1531325313493523,0.9550361754808936
9.176966319968493,0.9428797934929298,-0.13309772077117948,0.9861465209238621,1.392015662013012,0.5200165442320897,2.2640147797939343,0.955950093990808
9.186423339304246,0.9416999136916234,-0.11623611582272739,0.9831666422769229,1.433151772671429,0.49992906804752196,2.3663744772953357,0.9568166339632509
9.195427547435289,0.9407294773272007,-0.09915605813432585,0.9800369091679892,1.4698692571851384,0.4814209659233565,2.4583175484469204,0.9576386724724019
9.20402981549165,0.9399497710502334,-0.0819949708165296,0.9768030661581641,1.5013322960800888,0.4644867387892568,2.5381778533709207,0.9584179905831895
9.21226268229443,0.9393446469105285,-0.06490974639299042,0.973513702146018,1.5268820399008909,0.44912265004716884,2.6046414297546128,0.9591552640191907
9.220139773765197,0.9388993657377565,-0.048079740355668546,0.9702210267073405,1.546101471923847,0.4353253628653041,2.65687758098239,0.9598500352262255
9.227653988487681,0.9385994364358792,-0.031709539654310046,0.9669813831092776,1.5588765392395265,0.4230899120816702,2.694663166397383,0.9605006484404711
9.234773364827033,0.9384294238933689,-0.016034041001627655,0.963855974381596,1.5654461344245387,0.41240867801304515,2.718483590836032,0.9611040563729362
9.241430859121339,0.9383716144941172,-0.0013344878087993388,0.9609135290362846,1.5664401674500363,0.4032756896395179,2.729604645260555,0.9616551998331747
9.247494268775085,0.9384040054649456,0.01200431915490776,0.9582409558183292,1.5629339225431804,0.3957095354100715,2.7301583096762894,0.9621449127225729
9.253369220324581,0.9385122289465132,0.024813732599864944,0.9556785908532394,1.5555700583327923,0.3890825502743695,2.722057566391215,0.9626073129262811
9.259828010457007,0.9387174443324247,0.03869010267055942,0.9529149101660034,1.5431410725870012,0.38261134119578494,2.7036708039782176,0.9631009712909011
9.26676235780618,0.9390364789247077,0.0532622191267447,0.9500359902235471,1.5250902378377593,0.37662151435908303,2.6735589613164357,0.9636128295594518
9.274111980907158,0.9394833142700632,0.06824518016183435,0.9471135413444259,1.501201473493807,0.37135475436786347,2.6310481926197506,0.9641338061814126
9.281844285397021,0.9400700323307891,0.08340160389577185,0.9442122699844472,1.4715806036383865,0.3670018695050176,2.5761593377717555,0.9646570684630251
9.28994714691699,0.9408076634421915,0.09853036610064134,0.9413917842101652,1.436616216074896,0.3637192532242729,2.5095131789255194,0.9651773644800868
9.298425587721926,0.9417070148630498,0.11346190490269276,0.9387072946682226,1.3969241675323525,0.3616413816840035,2.4322069533807014,0.9656906472141772
9.307299979447395,0.9427794676902608,0.12805467317470634,0.9362102241760478,1.3532850037724244,0.3608922064942141,2.345677801050635,0.9661937985036494
9.31660495659022,0.9440377103851235,0.1421911596534295,0.9339490330616101,1.3065837754796388,0.3615960948218337,2.251571456137444,0.9666843942702479
9.326388839498488,0.9454963975553067,0.15577343025802987,0.9319702339767529,1.2577584719407662,0.3638884257202067,2.1516285181613255,0.9671605015237481
9.336713580956339,0.9471727478082572,0.16871857694558973,0.9303194691335162,1.207759668109817,0.367926025128565,2.0475933110910693,0.9676205110342476
9.347655300039108,0.9490871097322255,0.18095442310293225,0.9290425236103843,1.1575214877221127,0.3738978385873584,1.9411451368568668,0.9680630096245597
9.359305465514572,0.9512635290359377,0.19241566488441597,0.9281861725486787,1.1079427957226071,0.38203641566185764,1.8338491757833566,0.9684866933378583
9.371772788178918,0.953730346285187,0.20304047960144378,0.9277987691450243,1.059877229838861,0.3926308695737445,1.7271235901039776,0.9688903212013095
9.38518588944611,0.9565208464745532,0.2127675442021267,0.9279304591918501,1.014130800935144,0.4060419705420154,1.6222196313282726,0.969272709455902
9.39969682842011,0.9596739692565396,0.2215333724342855,0.9286328491746779,0.971466001495022,0.42271988950381073,1.5202121134862334,0.9696327672272923
9.415485567338258,0.963235066467121,0.22926987707553803,0.9299578486433366,0.9326114673782848,0.4432246856237022,1.4219982491328675,0.9699695752529929
9.432765376815334,0.9672566452865863,0.23590208317154615,0.9319552312471415,0.8982760512630037,0.4682485682914031,1.3283035342346043,0.9702825075461561
9.451789046154834,0.9717989603854964,0.24134601563173974,0.9346681940005075,0.8691651174002327,0.4986367325074226,1.2396935022930429,0.9705713910291849
9.472855201167137,0.9769301271025356,0.24550689538076412,0.9381257985238095,0.8459948575965051,0.5353986573676921,1.156591057825318,0.9708366807593286
9.496312945852063,0.9827250925293125,0.24827812841791227,0.9423306810683567,0.8294956908606396,0.579692300096442,1.0792990816248371,0.971079595176906
9.522561102221571,0.9892622727316532,0.24954223250669935,0.9472400882811653,0.8203872202335482,0.6327474185454778,1.0080270219216185,0.9713020921324224
9.552037185322153,0.9966164496612664,0.24917576664326951,0.9527392766148582,0.8192951493316056,0.695675919429414,0.9429143792337972,0.9715064701219848
9.585210391360286,1.0048515945927379,0.24705873771538717,0.9586132690957543,0.8265815565092214,0.7691523062901906,0.884010806728252,0.9716943402118468
9.622644702470556,1.0140299948253606,0.24307541331407548,0.9645340131558348,0.8421277830770347,0.8530917590728839,0.8311638070811855,0.9718646740000719
9.665274563971716,1.0242688548934076,0.23706668350794824,0.9700750748122333,0.8652253145957498,0.9466306864992793,0.7838199426922203,0.9720103502383636
9.715455181935605,1.035957862515993,0.2286051558052934,0.9747399811787499,0.8948991636524237,1.0492262574994877,0.7405720698053597,0.9721109984528102
9.762158563314996,1.0464319066046999,0.21980901384508128,0.9772510271252356,0.9212978318874503,1.1336476459662639,0.7089480178086368,0.9721227166371407
9.808861944694387,1.0564800870355358,0.21040462643682295,0.9781196639434273,0.9442245339480251,1.20513379044021,0.6833152774558401,0.9720397457489127
9.853124362936404,1.0655882723052694,0.20109537397168067,0.9776167710146558,0.9616922763008691,1.260239136667488,0.66314541593425,0.9718609114211133
9.896330419085967,1.074075522645089,0.1917403493677817,0.976089130906538,0.9744385811924132,1.3024619743084775,0.646415188076349,0.9715832359763008
9.939357385764014,1.08212154497766,0.18223130938348492,0.9737552798485587,0.9830439185559816,1.3340613247827897,0.6320265123291735,0.9711999902136703
9.982752502523375,1.0898187311422018,0.17249704091515217,0.9707763294830978,0.987987635376897,1.3566343072261648,0.6193409635276292,0.970703300822286
10.02693380992149,1.0972188703322074,0.16247680832544498,0.9672819949706465,0.9897132381385898,1.371483470166761,0.6079430061104185,0.9700846691234339
10.072259452476017,1.1043486290057987,0.15211261274323548,0.9633822711846421,0.988638156346872,1.3797307700040038,0.5975455426897401,0.9693352382118359
10.119061241927348,1.111216031955087,0.141345565754518,0.9591740944088515,0.9851536073341214,1.382364168250567,0.5879430464176758,0.9684459965621501
10.167664002098064,1.1178130408296696,0.13011363911995938,0.9547458578560548,0.9796230786373821,1.3802602728053974,0.5789858844693666,0.9674080068599565
10.218398037939972,1.124115964194306,0.11834998253044371,0.9501809651370624,0.972381647022764,1.374197684444211,0.570565609601317,0.9662127222638411
10.271607134154662,1.1300843245417271,0.10598165241402216,0.9455610479469883,0.9637367618702929,1.3648668188607112,0.5626067048798746,0.964852465656736
10.327651747422342,1.1356583662365247,0.09292901881635465,0.9409692700433999,0.9539707873067603,1.3528788690965432,0.5550627055169775,0.9633211912072698
10.38690403004025,1.1407552285739062,0.0791067227994117,0.9364940614508938,0.9433457341011171,1.3387756022204567,0.5479158659817777,0.9616157351594002
10.449725958697233,1.1452639286200696,0.06442827550946464,0.932233551397773,0.9321110731081779,1.3230418544808922,0.5411802917354634,0.9597379256714585
10.516410755468824,1.1490400383857564,0.04881903033569539,0.9283007022350427,0.920516370651083,1.3061238665002146,0.5349088748019516,0.9576982105083527
10.587044663314662,1.1519033254739333,0.032247901080598516,0.9248281851616308,0.9088317972454061,1.288459539201044,0.529204055289768,0.9555219191563807
10.661201463331372,1.1536481177330693,0.014799330070532343,0.9219690971882407,0.8973809352602384,1.2705322146806457,0.524229655839831,0.9532597758117889
10.73730848829212,1.1540909585840176,-0.0031741817666210495,0.9198823229984677,0.8865901515691836,1.2529688773202585,0.5202114258181089,0.9510041204816463
10.811349985849906,1.1532063002261206,-0.020735347733598725,0.9186794927594988,0.8770656159251491,1.236737251107873,0.5173939807424252,0.9489123057548865
10.892547336418795,1.150737589171983,-0.040089725478539166,0.918299675846421,0.8677339500402983,1.2198494882010664,0.5156184118795301,0.9467766332225853
10.983502249981651,1.1461005612062976,-0.06189562313734759,0.9190428387459958,0.858652602994567,1.201886893790113,0.515418312199021,0.9446328247785021
11.080852132794439,1.1389333099937895,-0.08537349554556349,0.9212121946672328,0.8505165709162192,1.1834390452624712,0.5175940965699674,0.9426918654240012
11.182058014236588,1.129053006880085,-0.10989022199110857,0.9249859871062636,0.8437857382620008,1.164578821156232,0.5229926553677695,0.9411321876667404
11.284760445166745,1.1164885063758594,-0.13477443432154593,0.9304158402044004,0.8388002422363796,1.145005828095351,0.5325946563774082,0.9401020245079065
11.385991774437528,1.1016111030821722,-0.15909439743506737,0.9373602645737356,0.8358589082355163,1.1242431888379825,0.5474746276330502,0.9397076519995677
11.482302286123893,1.0851944680769856,-0.18168678571945554,0.9454305123970282,0.8352115906361113,1.1017879743404164,0.5686352069318062,0.9399782470934348
11.571467269292736,1.0680965645166713,-0.20160732258831832,0.9541320509925874,0.8370748805296031,1.0769928531396307,0.5971569079195757,0.9408577794241562
11.65349195591978,1.0508589751968835,-0.2183664066688327,0.9630821178542788,0.8418520075857556,1.0487874405746769,0.6349165745968345,0.9422627719457641
11.730442562755059,1.0335229637831196,-0.23171491667893335,0.9721171946629067,0.8506166415039965,1.0151521326079413,0.6860811504000517,0.9441594312966715
11.789654843980717,1.0195602220266176,-0.23943485446737228,0.9792754072986581,0.8620408677556779,0.9823954039593134,0.7416863315520424,0.9460415865790616
11.835259632725114,1.008548532405552,-0.24308043366471732,0.9847191674261689,0.8753264480451247,0.9515862209865433,0.7990666751037061,0.9477660234090169
11.873236090652236,0.9992932504601034,-0.24395994612893898,0.9890419091896023,0.8909110524795611,0.9211894471219378,0.8606326578371843,0.9493988958209073
11.905690735328971,0.9913912380603016,-0.24263114017198736,0.992439956166528,0.9089032027461406,0.8910650655305117,0.9267413399617693,0.9509451991581623
11.93397188174899,0.9845693140625158,-0.2394508506282997,0.9950483828045837,0.9294085978919808,0.8611771253058369,0.9976400704781248,0.9524118263110704
11.958956844790524,0.9786420721279908,-0.23467071184451738,0.9969623144113788,0.952463829782086,0.831599638623279,1.0733280209408929,0.9538033983161556
11.981277820016771,0.9734693607644905,-0.22848130699076488,0.9982571147394745,0.9780435030858924,0.8024376059270417,1.153649400244743,0.9551245510732466
12.003598795243018,0.9684584820970527,-0.22010420887250737,0.9990469455208894,1.0094136175390156,0.770559595702031,1.2482676393760002,0.9565199740813902
12.021711277161138,0.9645478356556377,-0.21140607118553117,0.9992276020756424,1.0398935061050687,0.7426756535976461,1.3371113586124912,0.9577064203639911
12.039823759079258,0.9608122428994147,-0.2007300243964353,0.9989110356127122,1.075463137766786,0.7130513614871132,1.437874914046459,0.9589398687596903
12.056450116869726,0.9575699462478733,-0.18895480242689716,0.998109581032704,1.1129003903705503,0.6844665275213787,1.541334253219722,0.9601111443991215
12.071697733524013,0.9547829026395377,-0.17630763139340958,0.9968854015422365,1.1512522853065155,0.6572774826360741,1.6452270879769568,0.9612151395762621
12.085795875243862,0.9523897635173751,-0.1629069447321784,0.9952934284913877,1.189813688139418,0.6315370685427274,1.7480903077361083,0.9622579159955389
12.09893397785488,0.950340081516844,-0.14885816428928353,0.993382887671964,1.2278332955103395,0.6072747666885312,1.8483918243321478,0.9632450636304406
12.11126430187399,0.9485931781898598,-0.13426396872106916,0.9911993679901323,1.2645181745144698,0.5845126749766033,1.9445236740523364,0.9641812210801974
12.122909031533567,0.9471160814782392,-0.11922895342319813,0.9887863940190665,1.2990601493425589,0.5632682460331903,2.0348520526519276,0.9650701103156138
12.133965129479977,0.9458818625200439,-0.10386373529376729,0.9861867877014718,1.3306687247505287,0.5435562638979518,2.1177811856031057,0.9659145606504906
12.144507286094443,0.9448682561800005,-0.08828884088656078,0.9834438751333299,1.358610082429088,0.5253902578840849,2.191829906974091,0.9667165070543159
12.1545893782902,0.944056438563968,-0.07263830346222545,0.9806025173421229,1.3822518488673199,0.5087830243454889,2.255720673389151,0.967476971150964
12.164244703816125,0.943429870140998,-0.05706276714537579,0.9777098990288696,1.4011121194012535,0.49374599107550937,2.3084782477269976,0.9681960333071267
12.17348507476473,0.9429731469915626,-0.04173199139484099,0.9748160132396947,1.4149093287640273,0.4802874056753323,2.3495312518527225,0.9688727966383235
12.182298434823803,0.9426708319668964,-0.026837338051809614,0.9719739116755407,1.4236076911588784,0.46840990974757346,2.3788054725701833,0.9695053162051775
12.190643505087005,0.9425062355931874,-0.01259695185280305,0.9692402165698941,1.4274531657803498,0.4581092394453092,2.3967970921153903,0.970090389655194
12.198436497251066,0.9424599996893646,0.0007276107583401685,0.966677572715417,1.4270018289987163,0.4493784259883769,2.4046252320090558,0.9706228879749107
12.205511594090822,0.9425078061743167,0.012772389885826812,0.964364933465635,1.4231696627024042,0.4422312285578238,2.4041080968469846,0.971093487554129
12.212614324187642,0.9426411421342094,0.024747967083797773,0.9620766184024503,1.4161007620383157,0.43582717519227365,2.3963743488843576,0.9715526011328314
12.220368531273571,0.942883098577145,0.037616799648011984,0.9596387760814982,1.4048588515198386,0.42973761456210824,2.379980088477569,0.9720375408575448
12.228663257904792,0.9432511460199756,0.05106404272636084,0.9571262889051521,1.3890665783285774,0.4242793657417958,2.353853790915359,0.9725363795472374
12.237436123496206,0.9437599189883272,0.06484042110333317,0.9546041734008939,1.3686103279581334,0.41969807604452525,2.3175225798717416,0.9730405259681995
12.246654074270978,0.9444221409866487,0.07873466962970392,0.9521324070804199,1.3436268128124487,0.4161951784063795,2.271058447218518,0.9735433650553329
12.256306344953842,0.9452494776159991,0.09256557011004861,0.9497670451651571,1.3144725158840118,0.41394253701340394,2.2150024947546196,0.974039709387514
12.266401135679649,0.9462533724768802,0.10617853204646047,0.9475605756285955,1.281680669125456,0.41309436313248415,2.150266975118428,0.9745254755830639
12.276963775736379,0.9474458461640426,0.11944276961059064,0.9455622883552581,1.2459132110982967,0.41379852459070066,2.078027897605893,0.9749974376583097
12.28803559849897,0.9488402236368827,0.1322479580237234,0.9438188473645018,1.2079149228050876,0.4162076469534502,1.9996221986567249,0.9754530139406733
12.299673341593133,0.9504517758004679,0.1445004059909984,0.9423750039943041,1.1684743934012962,0.42049000175777057,1.9164587850448218,0.9758900827569671
12.31194909279747,0.9522982848918319,0.15611910299836604,0.9412743110256405,1.1283937493702463,0.42684026293310806,1.8299472358073843,0.9763068320293281
12.324950844570644,0.954400556432186,0.16703195528888598,0.9405596947787924,1.0884672096543135,0.43549038089426656,1.7414440384143606,0.9767016469979292
12.338783708490903,0.9567829014483329,0.17717237806367955,0.9402737528797854,1.0494675971395224,0.4467208997163646,1.6522142945626803,0.9770730371618414
12.353571821675132,0.9594736041535478,0.18647628536442062,0.9404586380243194,1.0121396206504178,0.46087295856960725,1.5634062827312283,0.9774196012811779
12.369460960005922,0.9625053743506321,0.19487944740030974,0.9411553494697801,0.9771986693950991,0.4783609169639986,1.4760364218261997,0.9777400281138536
12.386621829291718,0.9659157559061976,0.2023151571064677,0.9424021774388209,0.9453337720323983,0.49968488441615305,1.3909826596486436,0.9780331291110981
12.40525391035757,0.969747416697739,0.2087121676170874,0.9442319244943777,0.9172129720106954,0.5254411620872297,1.3089847819341611,0.978297896351402
12.425589549882654,0.9740481728137391,0.2139929358520722,0.9466673655115079,0.8934883594827112,0.5563263028692892,1.2306504160961333,0.9785335724874741
12.447897542004903,0.9788704643491938,0.21807232505377924,0.949714218038437,0.8747961411774381,0.5931263935322525,1.1564658888226236,0.9787397050312501
12.472484782466026,0.9842698167178173,0.22085717634842308,0.9533507805629935,0.8617437625130093,0.6366767880081647,1.086810737017854,0.9789161330173506
12.499693983653124,0.9903016822172654,0.22224752276814266,0.9575136686452604,0.8548714561781888,0.6877698219997816,1.021973090356596,0.9790628152278398
12.52989711767973,0.997016504739274,0.22214037114452093,0.9620805142235674,0.8545723684629467,0.7469866141614218,0.9621581227644718,0.9791793580119693
12.563498834182054,1.0044562491542681,0.22043503441304224,0.9668547121532292,0.8609650653045944,0.8144641355351759,0.9074659950740127,0.9792640511479683
12.601034644717227,1.0126707830536588,0.2170262908008131,0.971566083542984,0.8737701926798203,0.8897713396954825,0.8577690456641581,0.9793121181428543
12.643356953126077,1.021749056972556,0.2117658828327291,0.9758752827197071,0.8922527981496147,0.9718555335095548,0.8126500627896744,0.9793121461427323
12.692385011070908,1.0319538030292346,0.20431028081850353,0.979385481010162,0.9153900726446724,1.059697780509162,0.7710823647801828,0.9792380401535218
12.74172430848761,1.0418268538901883,0.1957524854688351,0.9813029293214702,0.9374798498298671,1.1372183179979707,0.7377413816617636,0.9790738460744003
12.791063605904313,1.051257999526797,0.18643859095358184,0.9817244017274945,0.9563492045892339,1.2020423177948472,0.7106560913836205,0.9788077465991943
12.837539233721957,1.059708860284421,0.17716008028394167,0.9809388143814668,0.9702671859440741,1.251088485943793,0.6894458859443552,0.9784541861320519
12.882850860366128,1.0675244715630678,0.1677611127210477,0.9792671435184126,0.9800121849366228,1.2881590819620217,0.6718652879112238,0.9780071247720202
12.927970141826059,1.0748774959592706,0.15813751211654106,0.9769072282134533,0.9861300819231316,1.3155012814769775,0.6567588823692856,0.9774586056788156
12.973479340576182,1.081849316422173,0.1482236994764481,0.9740068781947265,0.9890612317419771,1.3346533311816344,0.6434691323023198,0.9768009322127392
13.019809479085886,1.0884794541581564,0.13796426151870697,0.9706875030459975,0.9892091859593988,1.3468439964245582,0.6315743754942392,0.9760266075758274
13.06731925151025,1.09478141369853,0.12730629471344235,0.9670545673235387,0.9869529954847811,1.3531178753694804,0.6207881156000818,0.9751285242566112
13.11633000239869,1.100748965382367,0.11619649269416307,0.9632036075995125,0.9826488393245579,1.3543871894031665,0.6109104892459494,0.9741002589257975
13.167142491066231,1.1063584463900336,0.10458005033218189,0.9592244251969639,0.9766299860585028,1.351457548490713,0.6018024236262928,0.9729365063387253
13.220043125462135,1.1115689976614618,0.09240078019136093,0.9552044904699845,0.9692075415309264,1.3450436242126453,0.5933714588492074,0.9716337201293631
13.275300751852727,1.1163215766905394,0.07960273743426252,0.9512320470880031,0.9606728080256153,1.3357811554429087,0.5855644606083219,0.970191068503349
13.333150775670003,1.1205373440346758,0.06613441683855195,0.9473991267577867,0.9513017427750374,1.3242385181858445,0.5783649673642303,0.9686118721901115
13.393758189752138,1.1241162973387377,0.051957739754261587,0.9438044037495409,0.9413621114509145,1.3109302699032126,0.5717939529986165,0.966905777593215
13.457142565377564,1.1269379970357016,0.037066111000361016,0.9405553088338902,0.9311242541332323,1.2963356309394627,0.5659128773270019,0.9650920271845335
13.523032711562031,1.1288684699872802,0.021519641091149743,0.9377677457639667,0.9208768602736664,1.2809269757785766,0.5608267447687563,0.9632042959458458
13.590588436345394,1.1297819554812643,0.005513149060440571,0.9355596157865194,0.9109501435174493,1.2652188846637116,0.556681402371187,0.9612976554103088
13.65784150255259,1.129615068389756,-0.01048670765599645,0.934030853254036,0.9017545136155329,1.2498671156715992,0.5536419115594667,0.9594590023155442
13.723661985084062,1.128407832823537,-0.026205433467389957,0.9331905846453117,0.8934780360621964,1.2351991043479158,0.5517569677764771,0.9577448763318746
13.800660859005067,1.1256799476864998,-0.04466082276807142,0.9330383332884181,0.8847488290037373,1.2184860446910122,0.5510116133164623,0.9558816208345474
13.885958205827965,1.1209961961246542,-0.06516958360166092,0.933921722453902,0.876313609608562,1.200412554112525,0.5522146651045989,0.9540414804569376
13.977460375823307,1.1140251651232878,-0.08719793864785051,0.936104678114635,0.8687438532331304,1.1812453155476885,0.5562423909185723,0.9523852840461606
14.072548566712172,1.1046474309012424,-0.11002156850047734,0.9397324526010972,0.8625622187252393,1.1610541100385567,0.5640703274119219,0.9510764910769868
14.1682157642063,1.093032581028309,-0.13273326590275242,0.9447788930097757,0.8582104131338928,1.1396864277588252,0.5767343985089605,0.950251146786819
14.261433962793546,1.0796474001158358,-0.15432394300883467,0.9510263192454337,0.8560399007030337,1.1167949998903286,0.5952848015157389,0.9499877582629624
14.35005851636073,1.0650936391985268,-0.17391048064747927,0.958135914738179,0.8563490891834854,1.0917853421265438,0.620912836240427,0.9502954260939811
14.433637916629868,1.0498351855501984,-0.19090641599343056,0.9657899977662315,0.8595608128776797,1.0636138555754473,0.6555077701799122,0.9511430257595558
14.513874089470058,1.033935170971972,-0.2049520500931849,0.9738298768691103,0.8666747439788909,1.0302138120211604,0.7031356759366215,0.9525237372742011
14.574571965327891,1.0212310740218278,-0.21322796844957412,0.9801697691067007,0.8761757996776494,0.9989937321566865,0.7533578671986122,0.9539755981730483
14.622540317692195,1.0108881723970125,-0.2176359024495093,0.9851655781231897,0.887566481788524,0.9694090737383078,0.8057238898387403,0.9553934140832653
14.66277502695216,1.0020906097152582,-0.21932138574393695,0.989198938675334,0.9009858754264028,0.9403626163950559,0.8616091344577498,0.9567797716905847
14.697416017844091,0.9944956993605484,-0.21883042637460434,0.9924267236822659,0.9164798793491489,0.9116287261888568,0.921331032509441,0.9581255429583765
14.72781503277791,0.9878737346372558,-0.21650896824309473,0.9949554665935465,0.9341032467119262,0.8831229127623819,0.9850835806614706,0.9594275373757535
14.754835796142686,0.9820719594326806,-0.21260159195645423,0.9968590992969059,0.9538498917506447,0.85489637221009,1.0528034112911995,0.9606827325839264
14.779108129221381,0.9769722534868386,-0.2072954071925698,0.9981980873559632,0.9756674396303324,0.8270344888996636,1.1243003903610014,0.9618901726912898
14.803380462300076,0.9720252941223477,-0.19995798989647132,0.9990848380647209,1.0021424614109897,0.7966938312808275,1.207591091541152,0.9631734239597558
14.825380997747322,0.9677180762366917,-0.19124463654239848,0.9994023780952929,1.0308121893969424,0.7670445943158799,1.294579784478005,0.9644009944546998
14.845285707020137,0.9640059985699148,-0.1814106660817456,0.9992090888987845,1.0609895964329277,0.7385433282918769,1.3834358645739784,0.9655623008484314
14.863463583386176,0.9608037589158842,-0.17060634925433865,0.9985679859633296,1.092204792453329,0.7112749943210278,1.47313459058563,0.9666620686334183
14.880213580407126,0.9580413046082984,-0.15895730529832255,0.997534453123298,1.1239325266821791,0.685298943305289,1.5625661100590693,0.9677052255100891
14.895772795401049,0.9556623683564772,-0.14657677101170966,0.9961581463483713,1.1555860381382546,0.6606666358216648,1.6505054404548443,0.9686961012488878
14.910331253161779,0.9536214164190256,-0.13357131827068186,0.9944847602625321,1.186531917525557,0.6374224171975059,1.7356414178536084,0.9696384045647753
14.924042098440701,0.9518813515772465,-0.12004538739382052,0.9925574546858882,1.216109959194814,0.6156045601174324,1.8166153582721956,0.9705352159237828
14.937028340473693,0.9504117583962767,-0.10610532578334504,0.9904180769385293,1.243657469820047,0.5952467097331843,1.89206822990691,0.9713889657574744
14.949387159176645,0.9491874834193064,-0.09186313410409794,0.988108239965557,1.2685383154613272,0.5763792053432967,1.9606974255793579,0.9722014012181894
14.961192386824177,0.948187408190761,-0.0774399445703671,0.9856702580668725,1.2901767302241418,0.5590298312559088,2.021323629192375,0.9729735459299262
14.972495546590983,0.9473933143441138,-0.06296911814488061,0.9831478959332189,1.3080952326073352,0.5432236238338732,2.072966841380797,0.9737056581979644
14.983325663131913,0.9467887717641599,-0.04859879476498334,0.980586861533478,1.321954820637145,0.5289814968573632,2.114928144416927,0.974397191676424
14.993687811989167,0.9463580107533354,-0.03449394885088345,0.9780350071649919,1.3315940995233937,0.5163177713888908,2.1468704276578965,0.9750467513732789
15.003559758462373,0.9460847590962012,-0.02083889809922234,0.9755423758569018,1.33706297992723,0.5052373627408984,2.1688885971135616,0.9756520025783186
15.01288434619512,0.9459509962779402,-0.00784371967684027,0.9731617106643187,1.3386481419036471,0.49573464354264557,2.1815616402646487,0.9762093964342728
15.020664105942574,0.9459321806607397,0.00300203266149145,0.9711765760210478,1.3372186667863541,0.4885693971651716,2.185867936407537,0.9766624485170621
15.028443765633854,0.9459975628468944,0.013792836222422349,0.9692101138994879,1.33327889028635,0.48213083086928216,2.184426949703418,0.9771035180336691
15.036704402377696,0.9461584373027435,0.025131330461125107,0.9671607855897071,1.3264101652380516,0.4761161264761277,2.1767042039999756,0.9775577357127618
15.04566521916496,0.9464379962646194,0.03722253711130728,0.9650044219116971,1.315988154285361,0.4705723856359118,2.1614039229348103,0.9780329174177692
15.055217920098091,0.9468539149823403,0.049795202857510414,0.962806819973502,1.3017561208390465,0.46580412303291285,2.1377081186451803,0.9785182592413663
15.06530087667991,0.9474211031080757,0.06262752595150786,0.9606272089721252,1.2836718920066224,0.46205700278967743,2.105286781223567,0.9790057100770196
15.075882447821819,0.9481526015583517,0.07552866406192897,0.9585211057380782,1.2618963459007213,0.4595389569340514,2.0642537348673913,0.9794889546226946
15.086954397038545,0.9490604209557683,0.08833312522858183,0.956540868133443,1.236768119148492,0.45843312465956887,2.0151031136374153,0.9799629654041222
15.098528701272143,0.9501563634604462,0.10089825337543538,0.9547357862175061,1.2087686722313224,0.45890903364934893,1.958628310813296,0.9804237253600412
15.110635744318506,0.9514528014074551,0.11310192165640902,0.9531522432811419,1.1784838226756555,0.4611335043683836,1.8958341409829274,0.9808680087907684
15.123323193257391,0.9529633762178744,0.12483965979600674,0.9518340474330109,1.1465673506157998,0.4652814352271809,1.8278532660044189,0.9812931894412033
15.136655395263164,0.9547036012035062,0.13602131332119857,0.950822844881448,1.113710210867467,0.4715463302761147,1.7558740914588193,0.9816970743064356
15.150713317403419,0.9566913732096819,0.14656756649068328,0.9501584655607427,1.0806167668062563,0.4801504972376959,1.6810830363748168,0.9820777686182649
15.165595081531796,0.9589474081360454,0.15640661076588178,0.9498790458677094,1.0479879925623037,0.4913549260413093,1.604621059083298,0.9824335756467601
15.181417120756514,0.9614956125409853,0.16547111497447226,0.9500207741973514,1.0165108031312853,0.5054687910767255,1.5275528151858448,0.9827629313298193
15.198315944190082,0.9643633898271579,0.17369554898705347,0.9506170882854924,0.986852299029765,0.5228582176991597,1.4508463803603702,0.9830643706755231
15.216450438394078,0.9675818544645992,0.18101385505669282,0.9516971101848062,0.9596574588574671,0.5439533143107345,1.3753616034041998,0.9833365201208495
15.236004534288059,0.9711858879609008,0.18735745382919214,0.9532830345173724,0.9355484093898465,0.5692513294844911,1.3018454892952018,0.9835781064725251
15.257189921669616,0.9752139157247905,0.1926536230367088,0.9553861022702472,0.9151225839762762,0.5993119498472461,1.2309332181053063,0.9837879673892632
15.280248196354602,0.979707198044583,0.19682437239686992,0.9580007268183252,0.8989457591777319,0.634737885859954,1.1631536324955096,0.9839650375650336
15.305451519280178,0.9847083446513187,0.1997861058455329,0.9610963893493537,0.8875339229770415,0.6761302125825939,1.098937633371489,0.9841082684172816
15.333100947819283,0.990258780782752,0.20145053567832044,0.9646073079073266,0.881315811016123,0.7240050154399053,1.0386266065923406,0.9842164148954566
15.363523765434646,0.9963953824695565,0.20172719946524822,0.9684210131210861,0.8805680635862352,0.7786614598864594,0.982474667286011,0.9842875908599744
15.397079953070694,1.0031483540101849,0.2005264642921604,0.9723691969051742,0.8853233517761976,0.8400144014469677,0.9306323021054274,0.9843184466262973
15.43425291353622,1.0105550986939225,0.19775282909602349,0.9762304455115997,0.8952898693531606,0.9075350607329988,0.8830446779733223,0.9843026571329143
15.475775457050183,1.0186777534302274,0.19327677870557441,0.9797318974700634,0.9098118075328526,0.9801902052891727,0.8394334097765326,0.9842279354568919
15.52314561678033,1.0276855788987465,0.18683540469166002,0.9825566512962209,0.9279552842878065,1.0568349785893534,0.7990755899862596,0.9840693435944821
15.578135795851134,1.0377235978357857,0.17804964248489863,0.9842551231965972,0.9480680328195621,1.1345442389903688,0.7615918266487555,0.9837808866483706
15.630762937743542,1.04685087823247,0.16868430806430956,0.9844129298137827,0.9642883263681788,1.1958791929556134,0.7326974597807443,0.9833904058515232
15.679400587278984,1.0548319413002327,0.15941569390378982,0.9834669433896875,0.9757445845884127,1.240938926173501,0.7105502430033243,0.9829226928884205
15.726624474855907,1.062139021111724,0.14998809135534638,0.9817364090339736,0.9834225125385341,1.2745531971601234,0.6922918279169447,0.9823664465839598
15.773564385123173,1.0689529915768357,0.14029142204199013,0.9794066395844163,0.9878554598209479,1.2990484948043841,0.6766624248375118,0.9817129875863786
15.820853976290243,1.0753511094138748,0.1302630306847547,0.9766168215294684,0.9894565405576378,1.3159411410465163,0.6629719400687593,0.9809552682978152
15.868940518891218,1.081365475008705,0.11985251826087343,0.973482974534473,0.9885999201189655,1.3264119481470034,0.6507878920909277,0.9800871937009032
15.918179973586149,1.0870007568182576,0.10901333038449423,0.9701077499025171,0.985636698578208,1.3314504486545329,0.6398229485018831,0.9791037439721014
15.968874980597567,1.0922410263767302,0.09770043452521543,0.9665859984498901,0.980898305901764,1.3319137928444058,0.6298828189591221,0.9780013620925337
16.021288935903367,1.0970524029564115,0.0858705579543899,0.9630086241299639,0.9746977156311868,1.3285560880612042,0.6208393432011694,0.9767785740325741
16.07564500617554,1.1013838541837897,0.07348449127428403,0.959465626769835,0.9673313094765223,1.3220464621769854,0.6126161567760594,0.9754368995283125
16.132110182790985,1.1051673900579375,0.06051216816306086,0.9560486339756025,0.959082378273777,1.3129832818917988,0.605181474655755,0.9739821613780394
16.190758696184172,1.1083188521700784,0.04694229228637119,0.9528528211642538,0.9502268033874979,1.3019085025642232,0.5985451042107724,0.9724263452996751
16.2515022410751,1.1107411804804497,0.03279982087801589,0.9499776185003375,0.9410414644995262,1.289325528961999,0.5927574000370535,0.9707901995990293
16.313963047955813,1.1123336102812231,0.01817733106183779,0.9475247835848386,0.9318161999198455,1.2757254396877202,0.5879069601519709,0.9691067892336085
16.377240581348186,1.1130132322679736,0.0032922960779988054,0.9455911021787585,0.9228714267678483,1.261631861921817,0.5841109916138796,0.9674263394061792
16.439433288681798,1.1127614903539256,-0.011396683443862788,0.944251238309746,0.9145913419673486,1.2476961151915813,0.5814865687431158,0.9658239793902159
16.50174756846312,1.1115914981463237,-0.02616140938016419,0.9434792135015451,0.9068829931004598,1.2337700214417326,0.5799959647591869,0.9642911302581026
16.573824195373057,1.109089170343223,-0.04327887190551985,0.9433092001356761,0.8987715684536273,1.2177579689096387,0.5797851679976159,0.9626384452795251
16.653583163002033,1.1048812731522566,-0.0622349423142954,0.9440335795852175,0.8908700606135614,1.20010492972662,0.5816351915005029,0.960998665059981
16.739375449230778,1.0986688130643887,-0.08257428026837879,0.9458881675732537,0.8837072036414166,1.1809795442141091,0.5864348630687243,0.9595049436758283
16.828870395851638,1.0903353944286294,-0.10361390053132041,0.9490094330122529,0.8778174352047754,1.1604490476984444,0.5951858227111065,0.9583007303469326
16.919257734811982,1.0800232787869555,-0.12447407760731612,0.9533787450770184,0.8736874374684969,1.138430863667858,0.6089440112691358,0.9575107124375912
17.007936525355078,1.0681020153226481,-0.14423884442727847,0.9588200709576892,0.8717229866644391,1.114616699428784,0.6288292739000944,0.9572111559778722
17.09342547907731,1.0549949674483843,-0.16216213194479517,0.9650801365884829,0.8723141329881412,1.088324285695081,0.6563039802812014,0.9574252966867263
17.176071147102775,1.0409341339770681,-0.1777453433512402,0.9719550707930854,0.8760932997108812,1.0581561299720659,0.6940304694496967,0.9581570616723596
17.25929501162433,1.0255813079370273,-0.19061260849495568,0.9794641583148792,0.8847224574093255,1.0207558138822819,0.7486891009363691,0.9594743470350974
17.3116884892784,1.0154312589774461,-0.19648934920411776,0.9843100182733981,0.8939553354173688,0.9921674221030715,0.7957432487316662,0.9606313563800196
17.35608909263806,1.0066315845698377,-0.19954583532306408,0.9883390278759876,0.9051852614946536,0.9639583082465784,0.846412214742729,0.9618255218595391
17.394169741700853,0.9990120009882384,-0.20031029833230843,0.9916146687321005,0.9182438781461764,0.9362386130715934,0.9002491432207594,0.9630144441874469
17.4275902421507,0.9923311903139873,-0.19917804749936344,0.9942417205871212,0.9331672891782787,0.9087868880403538,0.9575476903162038,0.9641884713965123
17.45733089169288,0.9864441012008577,-0.19641164183936044,0.9962848237671058,0.9499361356986094,0.8815974973466482,1.0182747740505707,0.9653389128894412
17.48408143579823,0.981242234577558,-0.19220898338642242,0.9977955854751941,0.9684919274870305,0.8547288776714143,1.0822549773026469,0.9664601011540102
17.510831979903582,0.9761779596598995,-0.18607049464559924,0.9989010396590307,0.9909935263270957,0.8254593004096408,1.1565277522445507,0.967663283792111
17.535111232494746,0.9717477182853534,-0.1785337019638262,0.9994630201238014,1.0153645269833107,0.796795074082955,1.2339339798836664,0.9688251702310609
17.557112104993273,0.9679119575487095,-0.16984370042248165,0.9995314400910904,1.0410276543680117,0.7691644946609063,1.312890814075117,0.969933249419541
17.577232209570415,0.9645892137239289,-0.16015524211001347,0.9991643705783866,1.067584703354382,0.742654454069879,1.392514952638885,0.9709896269585381
17.595793463317,0.9617120075077029,-0.14959817956096932,0.9984136218418646,1.0945905695152214,0.7173319110329419,1.4718492279975008,0.9719971385319419
17.61305140809495,0.9592257112266409,-0.1382889569985189,0.9973261750966028,1.1215479892456375,0.6932586388111981,1.5498373396800766,0.9729584711648545
17.62921120605042,0.9570857659894269,-0.12633627590642707,0.9959456653396839,1.1479198628184335,0.6704907473084647,1.6253489783284023,0.9738760365628272
17.644438591577625,0.9552555839608712,-0.11384552753771937,0.9943135768984706,1.1731458932834176,0.6490788446459246,1.6972129419209105,0.9747518887613149
17.65886710040305,0.9537049386986474,-0.1009226653518189,0.9924702648451362,1.196663036026956,0.6290688254029195,1.7642572466509923,0.9755876492091257
17.672602697318567,0.9524086505793293,-0.08767773243028887,0.99045585134808,1.2179299171858466,0.6105026979849366,1.825357136386757,0.976384436622389
17.68572647558023,0.9513454372777256,-0.07422808637425778,0.9883109937118024,1.23645515942306,0.5934189632790406,1.8794913555670791,0.9771428019999054
17.698295841310475,0.9504968380282495,-0.06070123642018052,0.9860774808118313,1.251829008412747,0.5778521407655606,1.9258058760599335,0.9778626712528858
17.710344416327708,0.9498461495144128,-0.04723715556219072,0.9837985928824552,1.2637567296453431,0.5638311689519261,1.96368229033876,0.9785432974063472
17.721880645454824,0.9493773384188499,-0.03399009953792781,0.9815191851674504,1.2720910657170101,0.5513766941668198,1.9928054372672006,0.9791832154594926
17.732884514198773,0.9490739143450989,-0.021130670636964846,0.9792855887254243,1.2768602364113413,0.5404978236608515,2.013222649161831,0.9797801641557367
17.74330023841779,0.9489177240991908,-0.008850812246266035,0.9771457814858737,1.278289035863664,0.5311899237594002,2.025388147967928,0.9803308634718543
17.753018191487733,0.9488874699227976,0.0026201280418062887,0.9751512340450529,1.276816736523573,0.523437201458827,2.030196271588319,0.9808303242026762
17.761821118029815,0.9489560997779355,0.012959369042538138,0.9733653202215745,1.2731375754537066,0.517231942790684,2.0290432081167293,0.9812695364523611
17.77100287662635,0.949124193172153,0.023631371724336804,0.9715421205991458,1.2669820964729777,0.511619428232148,2.0223447647138073,0.9817131515115354
17.780948405928463,0.9494159273710189,0.03499554824343696,0.9696335033345947,1.257782245761772,0.5065579901130678,2.009006501410476,0.9821758359500408
17.79154199251727,0.9498494959213597,0.04680191174508474,0.9676997556884176,1.245332576081154,0.5023529242958417,1.9883122278664662,0.9826471163120292
17.802717742677736,0.9504402637938341,0.058844340818709186,0.9657958319916081,1.2296085714983196,0.4992553541224473,1.9599617888741918,0.9831191099693004
17.814441587055775,0.9512016402556018,0.07094378365935118,0.9639736910951162,1.2107587181831287,0.49748178374935836,1.9240356526168991,0.9835855665410632
17.82670431557734,0.9521458956371667,0.0829434379093743,0.9622825932867956,1.1890845509964927,0.4972260447376301,1.8809430572553552,0.9840414562147086
17.839518193672138,0.9532849608031426,0.09470670956586884,0.960769000893193,1.165012291851967,0.4986697482382525,1.8313548354656817,0.9844827155520312
17.85291505008707,0.9546311840281639,0.10611535619537092,0.9594765341277093,1.1390610486096142,0.5019925518034247,1.7761295454158037,0.9849060465972407
17.866945069930487,0.9561980058092288,0.11706707744547262,0.9584460640999716,1.1118122653904727,0.5073822947376123,1.7162422360433334,0.9853087394355112
17.88167609538871,0.958000529160877,0.12747261501027715,0.9577158538195285,1.083883484912129,0.5150447303124936,1.6527222395117644,0.9856885165240789
17.89719343841655,0.9600559827010727,0.13725266113817294,0.9573215973459934,1.0559077110129809,0.5252125888021881,1.5866028332237734,0.986043403878072
17.91360024196662,0.9623840830494165,0.14633484844481545,0.957296196146953,1.0285183486522094,0.5381537101743554,1.518882987130063,0.9863716323504229
17.931018391035288,0.9650072988212666,0.15465098836074723,0.9576691096068498,1.0023389139716663,0.5541778159262207,1.450500012017112,0.9866715682133742
17.9495899191433,0.9679510027998233,0.16213463497516853,0.9584651031420295,0.9779762389097719,0.5736410537171718,1.382311424102372,0.9869416684068505
17.969478759326062,0.971243468693225,0.16871899656589817,0.959702187197823,0.956015522732003,0.5969466334693871,1.3150844119946188,0.9871804517739265
17.99087260040807,0.9749156334431629,0.17433523210771373,0.9613885044492135,0.9370149998654009,0.6245386384123465,1.2494913613184553,0.9873864733626344
18.0139844270651,0.9790004927322044,0.17891120719946313,0.9635179061350184,0.9214972006686493,0.6568842935420037,1.186110107795295,0.9875582814824647
18.039053186351374,0.9835319544049638,0.18237088085175387,0.9660640240215312,0.9099326405612262,0.6944378872312559,1.1254273938911967,0.987694327013734
18.06634317168426,0.9885429989592501,0.18463458798213359,0.9689729147601271,0.9027107336464097,0.7375781937649267,1.0678432735278929,0.9877927796546894
18.096143067706784,0.9940632733753346,0.18562041101852544,0.9721550231671081,0.9000930582445479,0.7865136901863664,1.0136724263027292,0.9878511852884585
18.12877043055951,1.0001171869455148,0.18524607237247342,0.9754784272939854,0.9021487165146319,0.8411622914628119,0.963135141566452,0.9878658653841772
18.164613439723873,1.0067282929221115,0.1834272015668446,0.9787677975017036,0.9086874435726271,0.9010640076648766,0.9163108794803775,0.9878308567913674
18.204248203737,1.0139358156767826,0.18005990436756772,0.9818095814926939,0.9192272737157055,0.9653867704008422,0.8730677770305686,0.987735846036499
18.24865739068953,1.0218236919561396,0.17497362267976752,0.9843533709982781,0.9330064853783923,1.0329954168847155,0.833017553872069,0.9875620607238037
18.29983172575922,1.030599585293569,0.16780434809762718,0.9860964200210817,0.9490511548968554,1.1027406739072345,0.7953616358864765,0.9872723556342722
18.356625882700595,1.0398744788613081,0.15862661287219815,0.986607237209144,0.9647788899780848,1.1679399575545046,0.761617822401665,0.9868331011226316
18.40880618764805,1.047912693289819,0.14935170111087215,0.985917236043035,0.9760570824106827,1.2158638669029018,0.7362502979184634,0.9863146085027075
18.458249520160205,1.0550679048329281,0.13999899966414886,0.9844248500275897,0.9835309012244331,1.2510186572980277,0.7160431451508383,0.9857186390718287
18.506850834505997,1.0616399776374512,0.13038826728851663,0.9823419038520084,0.9878749402543109,1.2766912500827483,0.6990586304258735,0.9850333875623865
18.55548104899895,1.0677401560713864,0.12044298842950976,0.9798142397766995,0.9895169803967643,1.2946574111733218,0.6843765496202068,0.9842516075278602
18.604676565834964,1.073412317329076,0.11011326900971251,0.9769605464214701,0.988821468639351,1.3061818910234377,0.6714610462552645,0.983368048905687
18.654825602714627,1.0786655636890088,0.09935796647390026,0.9738850470760825,0.9861261868564761,1.3122814894522496,0.6599708842607026,0.9823791085883534
18.70623163626408,1.0834855965114092,0.08814061130374573,0.9706838323249695,0.9817507872617568,1.313819197821655,0.6496823767018587,0.9812831368910581
18.759134961431826,1.0878394332029604,0.07642982836959514,0.9674488170485649,0.9759995516473403,1.3115470105616434,0.6404520927330373,0.9800810739211626
18.813711788483797,1.0916776834546862,0.06420270627951483,0.9642705430092505,0.9691637129808912,1.3061300562282177,0.6321973697335649,0.9787774019490686
18.870054052504468,1.0949363531377352,0.051451601482207544,0.9612401383427736,0.9615249748518097,1.2981640788275535,0.6248858708760658,0.9773814749949444
18.92812522815669,1.097539832056425,0.03819611140637427,0.9584502220430777,0.9533608775629798,1.2881921050430363,0.6185296500829233,0.9759093140811752
18.987679915663737,1.0994073073417454,0.02450347913604046,0.9559939940667287,0.9449524567421769,1.276724785160696,0.6131801283236578,0.9743859591989844
19.048122056281308,1.1004662398059868,0.010523566723920134,0.9539610203277946,0.9365950474068887,1.2642707715117176,0.6089193233020597,0.9728484924216
19.10823972914475,1.100679236187386,-0.0034470883821135258,0.952427321642369,0.9286158934439774,1.251392248113233,0.6058395387747221,0.9713502442160242
19.165578262638405,1.1000984506050222,-0.016817019471108932,0.951436616221965,0.9214199770471295,1.238842553897896,0.603997400196363,0.9699699764853272
19.22889907214644,1.0985652548582354,-0.03161274632730535,0.9508922902266683,0.9140309943282083,1.2248021469237182,0.6032598417326984,0.9685232072286448
19.30016856748929,1.0957184963720368,-0.04827214878176009,0.950981754500239,0.9065014810165214,1.208824789664584,0.6041781723684587,0.9670207335849716
19.378014627791018,1.0912537465820797,-0.06642056266850051,0.9519376491792203,0.8993228094304853,1.191106914497019,0.6075387043639515,0.9655689600868033
19.460838758403764,1.0849576663035916,-0.0855777633504778,0.9539404888915345,0.8929945450939343,1.1717310044041334,0.6142580857837352,0.9642862159463887
19.54645673412285,1.0767937039691873,-0.10505642957165914,0.9570702487938452,0.8880266651884516,1.150697701762236,0.6253556286146673,0.9632943635979646
19.63248036205924,1.0669343774669027,-0.1240420106058718,0.9612725808854125,0.8848907502508304,1.1278518869978382,0.6419296135038226,0.9626927979484328
19.71712976658744,1.0556754864706266,-0.14177199936388976,0.9663878713366713,0.8840210080213112,1.1027322919734057,0.6653097240692167,0.9625401003610211
19.800097412549153,1.043240724243262,-0.1576740834682504,0.9722454853074701,0.8859682373568663,1.074277336630498,0.6976591380832344,0.9628653607714847
19.8839195074549,1.029429112023055,-0.1713799051434036,0.9788291997552256,0.8919457388992218,1.0398523605865162,0.7440391172119273,0.9637263168213568
19.941924606971806,1.019263839414841,-0.17876611105420942,0.9836110961008101,0.8995379313392586,1.0113789259157584,0.7876969367627589,0.9646659968423444
19.990402153553262,1.0104855029774888,-0.18306356742331725,0.987607339311973,0.9090113488664521,0.9837604165791215,0.8342622811537826,0.9656840792639221
20.03182949499569,1.0028562790063185,-0.18494050434925788,0.990902885744209,0.9201881145087342,0.9567888409423917,0.8835873880750766,0.966731519611012
20.068097719297636,0.9961450099956665,-0.1848475834801421,0.9935911967535469,0.9330450120117859,0.9301894628968246,0.9359005611267472,0.9677884457065732
20.1003795528528,0.9902016913529051,-0.1830731064421245,0.9957337743859211,0.947561051259848,0.9038645729330037,0.9912575295866922,0.9688423252439955
20.129430888321654,0.9849261914897025,-0.17982674226025322,0.9973744263944506,0.9636700326814395,0.8778453833547859,1.049494682008093,0.9698833316046319
20.158482223790507,0.9797712889742719,-0.17471899862004703,0.9986510991042828,0.9832262639559521,0.8494964497916305,1.1169560781202739,0.971012270115681
20.184868301157575,0.9752430122966974,-0.1681899214578738,0.9994084778544203,1.0044307232299439,0.8216977256820849,1.1871637207778027,0.9721127322655737
20.208800133735508,0.9713065842799766,-0.16047762096902982,0.9996892260791654,1.0267827746549816,0.7948517614685623,1.2587137878414008,0.9731704598702267
20.230704753499488,0.9678839890164886,-0.15174085821651298,0.9995469502247853,1.0499361209983464,0.7690423456944068,1.3308298963022862,0.9741853216276948
20.250926961329963,0.9649101732903407,-0.14211297809301535,0.9990300956641863,1.0735042931589296,0.7443388311637122,1.402669755154147,0.9751583590917151
20.26974023468411,0.9623321514829041,-0.131712962999669,0.9981830254456523,1.09705567178439,0.7208083992966006,1.4733029442721794,0.9760908399774942
20.287364212919524,0.9601064202473727,-0.12065112645034655,0.9970472833703931,1.12012378637106,0.6985143963818873,1.5417331763602329,0.9769840481033367
20.303976566485886,0.958197018087757,-0.1090334874394364,0.9956626033931524,1.1422214635724104,0.6775156409408004,1.6069272862040205,0.9778391408521616
20.31972079934691,0.9565740385169643,-0.09696551639743964,0.9940677660916145,1.1628583140416293,0.657866575628259,1.6678500524549995,0.9786570312364564
20.334711256981628,0.9552124101249299,-0.08455548804909595,0.9923013456996337,1.1815616379918408,0.6396176152593422,1.7235056607243393,0.9794382874885615
20.349036090412465,0.9540908212634087,-0.07191750399433672,0.990402342557482,1.1979006411757793,0.6228151699537698,1.7729861123977888,0.9801830473389082
20.362758631327566,0.9531907049994545,-0.05917412519009864,0.9884106600409444,1.2115134074160276,0.6075009166234319,1.8155258982086233,0.9808909470050655
20.375917437252507,0.9524952273625673,-0.046458499980588486,0.9863673654000383,1.2221353315249346,0.5937100173840346,1.8505606456658346,0.9815610652636192
20.388525022600923,0.9519882469401867,-0.03391599934067743,0.9843146923788747,1.229626771060397,0.581468236036821,1.8777853060839729,0.9821918761419505
20.40056475806757,0.9516532318178451,-0.0217059244429099,0.9822958452084859,1.2339969960479142,0.570788377215878,1.8972056148799503,0.9827811804813409
20.411984047607064,0.9514721033737585,-0.010005365728603041,0.9803549343114187,1.2354222201690501,0.5616672721774261,1.9091771681606742,0.9833259264004761
20.42267796287177,0.9514238486744871,0.0009786239180649397,0.9785380550021662,1.2342598758601264,0.5540860798353613,1.9144336718848913,0.9838216658807739
20.432443020709158,0.9514822336991893,0.01096798997660733,0.9768988002717947,1.2310763381342342,0.5480218366969344,1.9141308395715342,0.9842608061875041
20.442325712141983,0.9516402065862755,0.020980806987387687,0.9752766710558054,1.225837419495558,0.5427542535710009,1.9089205854201148,0.984690927938569
20.453048693728938,0.9519226933452708,0.0316720443394396,0.9735779326422219,1.2179710803141708,0.5380593663457185,1.8978827942826229,0.9851401879532927
20.464480802664927,0.9523486862670784,0.042801565431621356,0.9718590332333981,1.2072877997561917,0.5342498021917796,1.8803257973206038,0.9855979972798724
20.47654726345243,0.9529341764338161,0.054172172702252976,0.9701715086824783,1.193754709198573,0.5315846608347852,1.855924757562361,0.9860564027464676
20.48920804887388,0.9536930224012637,0.06561164733272151,0.968564326531867,1.1774913634849489,0.5302893062025319,1.8246934207673657,0.9865090632667464
20.502449798358185,0.9546377433889507,0.07696785873371664,0.9670840881799141,1.1587547656368744,0.5305667125443305,1.7869428187294183,0.9869508351922127
20.516281944238887,0.9557802925629443,0.08810693858219541,0.965774790247796,1.137916470808836,0.5326071651429062,1.743225776474766,0.9873775265330105
20.53073456937188,0.9571327935416887,0.0989118216486684,0.9646775964896459,1.1154357547297522,0.5365977413396452,1.6942737681198592,0.987785707840776
20.545857049734796,0.9587081984922838,0.10928029172490306,0.9638307197589955,1.0918329481697002,0.5427316258041749,1.6409342705352257,0.9881725448572883
20.561717197987274,0.9605208376783242,0.11912250115850247,0.9632693412310133,1.0676658204882963,0.5512168863825143,1.5841147545940781,0.9885356486820117
20.57840087610914,0.9625868489054481,0.12835822077715942,0.9630254251888553,1.0435103643940142,0.5622842695854744,1.524736459202554,0.9888729477513651
20.59601209774683,0.9649244854597568,0.13691409187467646,0.9631272707177011,1.0199460887125065,0.5761935311616129,1.4636986462634,0.9891825848260163
20.614673607424614,0.967554298276145,0.1447210693281228,0.963598640273144,0.9975451004153333,0.5932376125312459,1.4018525882994206,0.9894628380746439
20.634527855036907,0.9704991727272786,0.15171216012961178,0.9644573006488432,0.9768637226735865,0.6137435106733571,1.3399839346738158,0.9897120608964063
20.65573819389406,0.9737841743602278,0.1578205140786843,0.9657128021165442,0.958434949201405,0.638067909594776,1.2788019888080342,0.9899286307329888
20.67849004108899,0.9774361271681892,0.1629779266317773,0.967363321704539,0.9427594981875285,0.6665845566062268,1.2189344397688302,0.9901108922813162
20.70299163691536,0.9814828155558492,0.16711384671593452,0.9693914392304473,0.9302925935931514,0.6996590628204581,1.1609261243658449,0.9902570737255916
20.729474104668643,0.9859517031917154,0.17015504152347877,0.9717588652213041,0.9214229661950013,0.7376058562525366,1.105240076137466,0.9903651457098662
20.758191127494406,0.990868175319427,0.1720260656759123,0.9744004974243591,0.9164405592914369,0.7806228253610069,1.0522582932218667,0.9904325802545184
20.78942076619119,0.996253718432293,0.17265039176201483,0.9772188411959852,0.9154913752542208,0.8287046922660515,1.00227805824239,0.9904559473232172
20.823477826000126,1.002125465184062,0.17195094086359078,0.9800806858452238,0.9185238750482556,0.8815503411209472,0.955497408975564,0.9904302454802187
20.860786217193503,1.0085052782041295,0.1698437612212984,0.9828201079034982,0.9252483736775177,0.938545301635696,0.9119514457193393,0.990347666416943
20.901986694378618,1.0154323554893865,0.1662158455243346,0.9852409892676167,0.9351258228208927,0.9987618796590902,0.8714897659826952,0.9901952515353812
20.948232450948787,1.0230000392068626,0.16086698197388483,0.9871171492820506,0.9473982322019059,1.0611081999482435,0.8336882644555683,0.9899499300307566
21.00173081159252,1.0314114026699124,0.1533843467478449,0.9881630641954519,0.9610985534177311,1.124397395596915,0.7977997112385471,0.9895673097045697
21.059370328114813,1.0399912724274747,0.1441484087368398,0.9880402076869653,0.9734972041032288,1.1806512037366588,0.7663432044697988,0.9890329478762206
21.112263533186503,1.0473731298008209,0.1348625888795629,0.9869557051895312,0.9818631232574534,1.221203170259717,0.7425230762551898,0.9884284361065017
21.162854753976994,1.053959215413023,0.1254217994564032,0.985227481749654,0.9869617528544765,1.2506502404216575,0.7232732652872954,0.9877478078857931
21.21279619765385,1.0599812278421212,0.11567861278312928,0.9830270595995263,0.9893445321584764,1.2716935439257289,0.7069955203912239,0.9869800969007771
21.262876325393684,1.0655225600056963,0.1055692917477632,0.9804824578209251,0.989393547517561,1.2858842725148223,0.6929028225202999,0.9861195225173435
21.31358496861277,1.0706102721942763,0.09505290555178186,0.9777024093669325,0.9874441939943438,1.2943567803465497,0.6805316076421379,0.9851628600994954
21.365266413641418,1.0752405972920334,0.0840983239054891,0.974785351287616,0.9838106539152763,1.2980318612674695,0.6695894465630832,0.9841092130962161
21.4181696333595,1.0793885164863863,0.07268242891080429,0.9718241576770357,0.9787927476593361,1.2976945265695168,0.6598909687491554,0.9829604629374814
21.472458646373155,1.0830123629220112,0.06079293764637262,0.9689090554926151,0.9726790380221882,1.2940317218679198,0.6513263541764567,0.9817220935725914
21.528197791093152,1.0860571408232627,0.048435031714647137,0.9661293662321274,0.9657499905855332,1.2876556267710955,0.643844354399971,0.980404357141616
21.585312077865254,1.0884587256379847,0.03564285984822134,0.9635739843804086,0.958282360663046,1.279122799266914,0.6374419220591777,0.9790238006532791
21.6435140800402,1.0901511683510459,0.022498420638126036,0.9613299670650516,0.9505552801027691,1.2689552111951998,0.6321553490103384,0.9776051725250842
21.702176575405,1.0910802041276788,0.009162817437271148,0.9594780569908249,0.9428587856088195,1.257669972069589,0.62804759914805,0.9761837587715488
21.76009414652619,1.0912280188995722,-0.00406725890728799,0.9580834402485346,0.9355084141180681,1.245832726558466,0.6251841016776701,0.9748086496107781
21.814900754996444,1.0906611020445558,-0.016625226236786646,0.9571798381216758,0.9288871717331332,1.234190969021005,0.6235833744452615,0.9735507472346375
21.875880081581382,1.0892207423660911,-0.030616751054192107,0.9566653257506212,0.9219965589597918,1.2208704902319332,0.6231226276876504,0.9722204225335356
21.94407686014405,1.086599485331763,-0.046250246762770876,0.9567153229301529,0.9149819038392891,1.2055925356234356,0.6243712720551426,0.9708443304167326
22.018330465774017,1.0825354536030125,-0.06319301628264411,0.9575297158671093,0.9082818985948262,1.1884838141834921,0.6280799830061603,0.9695126715467299
22.09727087289405,1.076841893564122,-0.08101264828447066,0.9592658472072412,0.902357868899623,1.169590104354616,0.63512563344463,0.968326812606029
22.17907543907072,1.0694713101667148,-0.09910661274751917,0.9620003937993985,0.8976919387856588,1.1488862644286633,0.6464976131426543,0.9673922134705367
22.261803194113707,1.0605363466647684,-0.1167689271154426,0.9657039625498915,0.8947511308977124,1.1261954922291721,0.6633067695662527,0.9667987104769792
22.344114218016138,1.0502346859211675,-0.13333438461149116,0.9702659458052689,0.8940004858679864,1.1010154055809442,0.6869855661550286,0.9666069265643676
22.42621382155119,1.0386606298018517,-0.14829783983359274,0.9755814453328158,0.8960785337784097,1.0721250509165632,0.7200320166402563,0.9668603630312407
22.512209643176078,1.025322059786243,-0.16136894678524216,0.9817645823631416,0.9025385972596376,1.0360292187183289,0.7690479758009463,0.9676565662623192
22.567078766920506,1.016286661978358,-0.16765024574717893,0.9858771250654936,0.9099554758680921,1.0087429683268767,0.8111679834093075,0.9684750475368228
22.61392811979725,1.008340885332155,-0.17124322678977086,0.9893610729064058,0.9191466875988827,0.9820817771707775,0.856211598026988,0.9693791807931331
22.654483700239737,1.0013614909305568,-0.1726486216544435,0.9922495515024973,0.9299127011394791,0.9560176057571641,0.9038077965217941,0.9703219279752049
22.690344015443532,0.9951724459606521,-0.17223953976567796,0.9946094453095716,0.9422113651498081,0.9303229132763908,0.9540998170232254,0.9712835487323445
22.722511288642643,0.9896592779668512,-0.17026330002003662,0.9964854009150215,0.9559914930561397,0.9049314309754737,1.0070515551368058,0.9722505530628367
22.754678561841754,0.984238187306929,-0.1664619137943223,0.9980413927753634,0.9729009353299414,0.8771634467061795,1.0686384239537032,0.9733170913197509
22.783822783404943,0.9794594104132436,-0.1611594121867209,0.9990869441561822,0.9913669343645077,0.8498846071334231,1.1328492615955923,0.9743686608871578
22.810191886405125,0.9752923494225169,-0.1545984148304362,0.9996577633876824,1.010950271230218,0.8234881646353487,1.1984123778250872,0.9753880455241563
22.834278617686273,0.9716573466769381,-0.14694941509251444,0.9998050207686,1.031355750453121,0.7980485310183028,1.264662969887939,0.9763728168932359
22.856476293996973,0.9684879463961965,-0.13835400401681613,0.9995751942381522,1.0522530095936236,0.7736324463302094,1.3308735728570376,0.9773222673775372
22.877094334973442,0.9657299945567823,-0.12893667127719988,0.9990109407127146,1.0732700230318697,0.7503091722487543,1.396230873814985,0.9782363124874425
22.896380152822466,0.9633389016101254,-0.11881107412778778,0.9981522899439265,1.094001009002744,0.7281468668092912,1.459855151196197,0.9791151926573677
22.914533682038744,0.9612776590372946,-0.10808465973586079,0.9970375565058424,1.1140178320219203,0.70721062221245,1.5208250418313907,0.9799592685736846
22.931716862260622,0.959515360980609,-0.09686247261277528,0.9957040906209147,1.1328843715133086,0.6875618031882506,1.5782069398383665,0.9807688587542455
22.94805978083234,0.958026015989938,-0.08525047408634173,0.9941889263545134,1.1501738985380512,0.6692579104772407,1.6310898865988617,0.9815441069860601
22.96366445679982,0.9567875154881617,-0.07335849755099662,0.9925293329195173,1.165489392384284,0.6523523766131617,1.678626408155406,0.9822848731733616
22.978606845836584,0.9557806708627261,-0.06130283087587066,0.9907632387196089,1.178486413217482,0.636893822150259,1.7200790042847047,0.982990644832116
22.992937410076273,0.9549882595086121,-0.049208337147343295,0.9889294746780234,1.1888976018918216,0.6229244097693177,1.7548707940143256,0.9836604684338
23.006680379849886,0.954394044110446,-0.03721006263303346,0.9870677854370354,1.1965571259592667,0.6104771221803241,1.7826371297382093,0.9842928968525934
23.019831444342703,0.9539817496590427,-0.025454596656840307,0.9852186134858489,1.201422693312903,0.5995721383106499,1.8032732483151561,0.9848859350882281
23.032352667402428,0.953733983113526,-0.014102372035609349,0.9834228248454205,1.2035928050293627,0.5902130547833431,1.8169725552753826,0.9854369285485323
23.04416091859269,0.9536310132848854,-0.003334468013921465,0.9817219343016699,1.2033191055961454,0.5823846390761619,1.824253572116129,0.9859422421656109
23.05509809520351,0.9536490509787084,0.006625373342036559,0.9801604751020573,1.2010213222159334,0.5760561064373357,1.8259865379945313,0.9863962831027289
23.06527334913167,0.9537633469752437,0.01582532187205417,0.9787362842278451,1.1971398262434367,0.5710043456292824,1.823275306857591,0.9868054216787432
23.076421465753498,0.9539953810357643,0.025774795308668066,0.9772248247124823,1.1910326681222645,0.5664286605399975,1.8156366757045315,0.9872378461963995
23.088369314360367,0.9543660032395074,0.036222609548472506,0.9756813828538335,1.1824816551249833,0.5626683741485659,1.8022949361014005,0.9876817320129493
23.101019035019988,0.9548925621587508,0.04696998971458276,0.9741552562807324,1.1714062645699062,0.5600004780257534,1.782812051114059,0.9881284672982699
23.114314879070406,0.9555898780591239,0.057844515289778256,0.9726932230996893,1.157864006856244,0.5586647520194077,1.7570632616930801,0.9885712334223578
23.12823144365819,0.9564710318527576,0.06869303105590155,0.9713399975572972,1.1420416203824826,0.5588758249473562,1.7252074158176087,0.9890044833433761
23.14276825572826,0.9575481135295555,0.07937936419322603,0.9701379619643419,1.124238246773026,0.5608323808727965,1.6876441126732558,0.9894236662099263
23.15794696444373,0.9588329471202776,0.089783166936172,0.9691267801714686,1.1048432958593675,0.564725834503862,1.6449607572148728,0.9898250367071842
23.17380964020017,0.960337755088441,0.09979850620912352,0.9683430858364027,1.0843126438895125,0.5707488519041563,1.597876435874869,0.9902054921772729
23.19041764145032,0.9620757222994171,0.10933189647166133,0.9678202283727445,1.0631462064890613,0.5791033675886627,1.5471890453894601,0.9905624238880879
23.207850916927132,0.9640614355395174,0.11829992720687803,0.9675879615309946,1.0418686603405167,0.5900075462183941,1.4937297744626392,0.9908935841865367
23.22620773928686,0.9663111883515337,0.1266267513121171,0.9676719266445172,1.0210138386415657,0.6037010701700273,1.438326607113104,0.9911969732873619
23.24560486160657,0.9688431436326637,0.13424166064710943,0.9680927790199939,1.0011123905965238,0.620447976882939,1.3817768043101086,0.9914707461618879
23.266178029275213,0.971677336987187,0.1410768974716481,0.9688648102255443,0.9826816616126398,0.6405359092541005,1.324827413971179,0.9917131354082205
23.28808269741211,0.9748354841760949,0.14706579175633192,0.9699939257466021,0.9662162815350178,0.6642700360918554,1.2681625269781802,0.9919223813450545
23.311494738686395,0.9783405341292264,0.15214129918022826,0.9714748586020279,0.9521774946992175,0.6919591064520878,1.2123958829463473,0.9920966559567095
23.33661088292407,0.9822158908825025,0.15623502437531955,0.9732875624862284,0.9409788355133235,0.723890274690791,1.1580673963358559,0.9922339615608408
23.363648785561853,0.9864842469415959,0.15927683831635558,0.9753928826321604,0.9329654656133077,0.760289037398691,1.1056418938279244,0.9923319779939276
23.39284731480167,0.9911660893076657,0.16119515121404943,0.9777279121111345,0.9283848686604406,0.8012620170936987,1.0555077202271823,0.9923878220440621
23.42446970023791,0.9962782884974083,0.16191759631839145,0.9802019383158298,0.9273486001387446,0.8467254538337834,1.007971746443706,0.9923976657733318
23.458817118965538,1.0018339589710137,0.16137090805572002,0.9826944258543159,0.9297896060668724,0.8963333193989865,0.9632458927347585,0.9923561216154939
23.496294098659455,1.0078499464810855,0.1594748700251678,0.9850578221131717,0.93543152503516,0.9494680633006429,0.9213949867696771,0.9922551162599904
23.537515424030186,1.0143586875833353,0.15612175226308625,0.9871203397641273,0.94378415468764,1.0052601700889865,0.8823081392862934,0.9920817434100391
23.583540194327778,1.0214337347658626,0.15112826324721582,0.9886845697232574,0.9541630578378002,1.0626771658317093,0.8456489498438909,0.9918139280180778
23.636460282250216,1.0292511352921072,0.14411399828378704,0.9895069680930375,0.9657220180847529,1.120715932430536,0.8107281037389698,0.9914097950436622
23.6957158090207,1.0375269602484387,0.13502347658571073,0.9892794683816546,0.976571503587343,1.1743834667792485,0.7787595403954374,0.9908339090930002
23.750602910715575,1.0446859186000825,0.12571385845473107,0.9881484607819853,0.9838177185869627,1.213280331844945,0.7543551053289803,0.9901834837659876
23.802657991175003,1.0509865324990186,0.1162734455504621,0.9864321451823027,0.9879904522877443,1.241132297365974,0.7348486072095147,0.9894640842447529
23.853839472330666,1.0566900188576516,0.10653180371310936,0.9842958043111077,0.9896520879003051,1.2608427012960373,0.718461474504573,0.9886632022183215
23.90502710044471,1.0618857906741204,0.09642220433239812,0.9818622268916659,0.9891744464603263,1.2739899332553268,0.7043589596653256,0.9877754803037149
23.956731037325017,1.066600574044836,0.08590837138267947,0.9792366827711108,0.98687885208339,1.2816921677626385,0.6920655364041415,0.9867990206987075
24.009284746466143,1.0708289049642776,0.07496777292039958,0.9765152399742488,0.9830662234706389,1.2848437082751136,0.681288738666164,0.9857348326043596
24.062903307478464,1.0745444121400252,0.06358979233836856,0.973788941150196,0.978025270701633,1.2842019796476276,0.6718485617556385,0.9845872406287718
24.11769274196309,1.077705688165882,0.05177961555121766,0.9711460927579314,0.9720361655929398,1.280429102247722,0.6636432289381575,0.9833647204898165
24.17362960763543,1.0802611549861656,0.03956660874602683,0.9686731631585807,0.9653738776629315,1.2741176440829547,0.6566301112429083,0.9820810520265952
24.230511866366868,1.0821554481393771,0.027018190093921556,0.9664540578167164,0.9583123728909226,1.265812267962233,0.6508124778196124,0.9807567456878953
24.28787103318566,1.0833397717031183,0.014261935402600153,0.9645670574717754,0.951130213200239,1.2560345993260296,0.6462258270744486,0.9794207128268483
24.344815736734333,1.0837894893708135,0.001522628290998954,0.9630783397875937,0.9441191558706967,1.2453211485015467,0.6429171632398466,0.978112331755726
24.399700150665982,1.0835349863409074,-0.010802392928318786,0.9620308865303806,0.9376044934579053,1.2343015641904433,0.6409074227253673,0.9768853634682398
24.455150070253083,1.0825902044490554,-0.023276005889342737,0.9613761672463071,0.9313649210573471,1.2226437940861892,0.6400860480285051,0.9756962342266412
24.517967312136822,1.0806843471220693,-0.03739862698619305,0.9611392376840786,0.9248118798058285,1.208920113791976,0.6407036458196809,0.9744306684425628
24.586825037298784,1.077577798423743,-0.05281581500703741,0.961507172904416,0.9183668006118444,1.1933004734463364,0.6434331277773524,0.9731689468836396
24.660681869198765,1.0730708397610937,-0.06919392434844997,0.9626369991752542,0.9124367347504878,1.175823833918516,0.6490496355824595,0.9719938717310836
24.738152353104397,1.0670542735194908,-0.086064985742057,0.964634798559457,0.9074639849572246,1.1564799072277632,0.6584480626866861,0.9709970814356719
24.817633339544074,1.0595425484974303,-0.10284369016868974,0.9675280331197832,0.9039017144691837,1.1351540804454443,0.672649348492923,0.9702663816006317
24.89778827738929,1.0506478955035998,-0.11891967324585094,0.971265772884413,0.902206409548485,1.1114978447668913,0.6929149743300788,0.9698718527963722
24.978348467303192,1.0404586836697534,-0.1337742603005793,0.9757693543993065,0.9029294934342327,1.0846364503640935,0.721222536504372,0.9698658523563664
25.061924684146945,1.0287038532767645,-0.14708785138939218,0.9810797542496487,0.9071502135812446,1.052150415852041,0.7621500113104481,0.9703214965623025
25.122523859672686,1.019547138590977,-0.15478860150657545,0.9851902878107897,0.9132775523625947,1.0246082337758502,0.801946870949339,0.9709744983322526
25.17332215325271,1.0115570304624573,-0.15948447899892737,0.9886775833034895,0.921149861684386,0.9982020664978262,0.8440976568709457,0.9717466494184849
25.216985083333842,1.0045355389837318,-0.16184645347237628,0.9915987812049348,0.9305436282336984,0.972588629548841,0.8884986269185559,0.972582780018912
25.25543682009924,0.9982979034226671,-0.16231309369409264,0.9940188381083387,0.9413821327584763,0.9474505710596028,0.9353136944573497,0.9734560490811318
25.28986272686179,0.9927252624806037,-0.16116258842956344,0.9959802882915152,0.9536052026076025,0.9226572100347286,0.9845531951804763,0.9743492592005432
25.32428863362434,0.9872219777023452,-0.15823188477829536,0.9976575731428675,0.9686912206734404,0.8955317083500104,1.0418507329968703,0.9753487619228322
25.35545628626849,0.9823550238121695,-0.15376512126232886,0.9988447110850414,0.9852247418032212,0.8688808810716092,1.101568602534833,0.9763448630218761
25.383641712968345,0.9780981637381508,-0.1480044356620015,0.9995714977809379,1.002806142547834,0.8430762834252469,1.1625360016704211,0.977318499198619
25.409380667582102,0.9743737032089531,-0.14112612080460152,0.9998855631400487,1.0211698952719042,0.8181808123171237,1.2241589782266846,0.9782653427333436
25.43309712922195,0.971116786368835,-0.13327582749652786,0.9998305086185104,1.040020160396999,0.7942560486112796,1.2857842721827184,0.9791831787278019
25.45512276911592,0.9682744950792422,-0.1245807441345859,0.9994466105659184,1.0590239025881365,0.7713701752610184,1.3466776299152545,0.9800707248561952
25.475721996730716,0.9658031094640908,-0.1151561936435802,0.998771909058565,1.0778174433400871,0.7495928287494392,1.406042057930735,0.9809272665187135
25.495108255532912,0.9636661811948657,-0.10511037243442944,0.9978430070942361,1.0960162249027368,0.7289921654825708,1.4630402843229027,0.9817524035134957
25.513454558247776,0.9618331245074491,-0.09454815023810845,0.9966957114237422,1.113227282117899,0.7096335247040376,1.5168210395317605,0.9825458527241893
25.530900298626317,0.9602780954057868,-0.08357431577523916,0.9953655787903622,1.1290644191288393,0.691578818320314,1.5665500199373648,0.9833072902795083
25.54755549428241,0.9589790216932506,-0.0722964242081257,0.9938883764279516,1.1431660090304963,0.674886003062211,1.6114460149987817,0.984036224234348
25.563503128589698,0.9579166967036715,-0.0608272649003489,0.9923004304080466,1.1552150715301743,0.659608138432062,1.6508220046282867,0.9847318930422525
25.57879998696266,0.9570738788941231,-0.04928688270236501,0.9906388131593258,1.164960835832619,0.6457916464751066,1.6841300251901312,0.9853931876929167
25.593476160187713,0.9564343626019857,-0.03780409848765453,0.9889413199338573,1.1722403720136947,0.6334735576517604,1.7110071863756289,0.9860185937988716
25.607533036011045,0.9559820049427379,-0.02651770788764271,0.9872462251921281,1.1769982644642956,0.6226778233709147,1.7313187055576766,0.9866061392208727
25.620938797697836,0.9556996980997023,-0.015578242546559581,0.9855919327857797,1.1793022233912855,0.6134112464696305,1.7451932003129405,0.987153303278194
25.63361838943945,0.9555682273250833,-0.005152956045849529,0.9840169183138606,1.1793540118176165,0.6056602904833971,1.753047733151836,0.9876567705602368
25.645428707738727,0.9555647468106742,0.004558277113107797,0.9825610952774061,1.1775003457096522,0.5993915028166293,1.7556091886026752,0.9881117019628977
25.656084011911904,0.9556597844251624,0.013268132584398403,0.9812725850892898,1.1742666851003523,0.5945645633534622,1.7539688068472425,0.9885093223654914
25.667729088602734,0.9558692153020654,0.0226773875242631,0.9799075715405641,1.1690976747538393,0.5902242288115922,1.7479711206960864,0.9889288216237637
25.680240668713495,0.9562152457774644,0.03259861523867112,0.9785094642335821,1.1617611303109205,0.586681669527681,1.7368405910941602,0.989360828126193
25.693506178020815,0.9567159474184327,0.042836889665056214,0.9771249355034168,1.1521658304899838,0.5842206702801591,1.7201109906998084,0.9897965063195743
25.707460415178648,0.957386669851287,0.053223776525588774,0.9757982629159576,1.1403450889247515,0.5830870497563554,1.6976031280931478,0.9902288821501459
25.72207103792142,0.9582408187838288,0.06360900522535977,0.974571891039879,1.126451114075324,0.5835008860691704,1.6694013420814775,0.9906522619192235
25.737332085720915,0.9592905760627957,0.07385794315501068,0.9734861308113085,1.1107418600734296,0.5856651452724007,1.6358185748744585,0.9910619453869608
25.753260704612696,0.9605475984497676,0.08385059499937636,0.9725786730146131,1.0935623499404274,0.5897735603168972,1.5973511395639577,0.9914540384447064
25.769895218401636,0.9620236650969272,0.0934805306404816,0.9718841425438051,1.0753235596766242,0.5960183041897869,1.5546288151634615,0.9918252974059276
25.78729383178026,0.9637312308381941,0.10265328901003035,0.9714337056275685,1.0564817072028037,0.6045971303564894,1.5083662840491179,0.9921729855900207
25.805533751562674,0.9656838541100341,0.11128432748354086,0.971254635380033,1.0375197754557415,0.6157193615426388,1.4593201893688443,0.9924947416132565
25.82471069216346,0.9678964824432749,0.11929675680900677,0.9713697006339588,1.0189319548411722,0.6296100069313382,1.4082539027510061,0.9927884627818722
25.84493875247745,0.970385583967846,0.12661909609723415,0.9717962377582402,1.0012107590684611,0.6465111457681386,1.3559103723687838,0.9930522045309595
25.866350601087763,0.9731691074416933,0.1331832177013871,0.9725447747479672,0.9848359115803477,0.6666794144289607,1.3029924087317346,0.993284092373944
25.889097839526624,0.9762662392330933,0.13892259478362168,0.9736170956051812,0.9702636261266621,0.6903779560783689,1.2501492961749552,0.9934822382001355
25.913351367907428,0.9796969107428055,0.14377093789703935,0.9750036712706533,0.9579145236448792,0.7178606221809893,1.197968425108769,0.9936446481819059
25.939301598300094,0.9834810051679934,0.14766130187666354,0.9766804653921595,0.9481581536311922,0.7493457802300847,1.1469705270322996,0.9937691044108824
25.96715862344452,0.9876372498665782,0.15052573653037632,0.9786052875638573,0.9412920838688252,0.7849773511956545,1.0976068165419959,0.9938529961548693
25.997153295163923,0.9921819168839229,0.15229545739291292,0.9807141501213082,0.9375142481102074,0.8247726919989918,1.0502558042214232,0.9938930673842605
26.02954232583474,0.9971277915961051,0.1529011479178436,0.9829184725240457,0.9368894076456774,0.8685621126070515,1.0052167026843033,0.9938850296749787
26.064625257552546,1.002484543127681,0.15227202575843113,0.9851042846208786,0.9393147900966787,0.9159341535720028,0.9626954266213547,0.9938229473411159
26.1028198008704,1.0082671678329866,0.1503282114801822,0.9871356750146334,0.9445001906939121,0.9662501155740421,0.9227502658137823,0.9936980715590369
26.144759408507902,1.014505296465908,0.14695956107603692,0.9888562566250225,0.9519684285516817,1.0186557817343336,0.8852810753690299,0.9934966911360216
26.191541670152862,1.0212683414629966,0.14197688614288845,0.9900871293585845,0.9610749292099843,1.072179533166319,0.8499703252536494,0.9931956766624063
26.245338985931728,1.0287236591525204,0.13498802533712675,0.9906051057743779,0.9710310466868106,1.1259079134951449,0.8161541798784764,0.9927513825172912
26.30584341334636,1.036621439248551,0.12588507683838748,0.9901386001899574,0.98016808219927,1.1753963374377079,0.784939826960832,0.9921267481926591
26.361897756324744,1.0434197120205697,0.11654873532489382,0.9888763821334329,0.9859916713388929,1.210921444405092,0.7610618982726938,0.991431297578518
26.415021269216147,1.0493619792056013,0.10707681699669151,0.987111636980845,0.9890212142587991,1.2360575663934417,0.7419848621241565,0.9906717853108368
26.467225409644417,1.0546984031248552,0.09729811239530298,0.9849927590497298,0.9897794073774988,1.2535732809625921,0.7259855337924056,0.9898355045398842
26.519390066623973,1.0595107247756879,0.08715062611722932,0.9826341215490988,0.988616520990905,1.2649669248465307,0.7122661171352792,0.9889181867578912
26.572004859054054,1.0638199615699997,0.07660592171133201,0.9801359017879089,0.985837838282863,1.2712975004053797,0.7003781761603463,0.9879196735891217
26.625366233845508,1.0676165625042389,0.06565262452010029,0.9775906589700498,0.9817311789173089,1.273411207010712,0.6900511508239059,0.9868432536548429
26.679633110651185,1.070872064188507,0.0542956152341076,0.9750865118807044,0.9765747293223426,1.2720255803982892,0.681123878246396,0.9856960713798167
26.734830282675233,1.0735459397055884,0.04256146044276453,0.9727085040466106,0.970640726374063,1.2677706805137974,0.6735107722343285,0.9844899618913816
26.790819226276952,1.0755921282965701,0.0305088312700079,0.9705383797245788,0.9641986832046581,1.2612158569633949,0.6671815094459214,0.9832425399281952
26.847236219638155,1.0769678887637686,0.01824505949394336,0.9686523988438783,0.9575192083651385,1.2528939616595995,0.6621444550706773,0.9819784503477983
26.903382122596998,1.0776475268379768,0.0059525618732952645,0.9671164937193834,0.9508793651367025,1.2433319948635317,0.6584267354098733,0.9807307876034034
26.95800665063353,1.0776447081144018,-0.006062629978619527,0.9659779876816658,0.9445738386331166,1.2331047936358652,0.6560428836303679,0.979543318357297
27.008790112728995,1.077052609540572,-0.017257945943206725,0.9652526739217289,0.9389487716562371,1.2229605506572725,0.6549369926552018,0.9784765791471149
27.067077250983168,1.075672166180105,-0.03010587546943811,0.9648314547808312,0.9328718069309857,1.2107030735138304,0.655040540348141,0.9773128309840495
27.13134803990334,1.0732831087589167,-0.04422457631005313,0.9648898137998998,0.9267472526691773,1.196522902169394,0.6569716031689606,0.9761257405882643
27.200724055465756,1.0696897585826475,-0.059336562942284204,0.9655769374495405,0.9209360261144817,1.1804551691455245,0.6614168830834388,0.974984244365434
27.2741156188283,1.0647556292463833,-0.07506905521986727,0.9670092357825519,0.9158356793456941,1.1624975937593014,0.6691737649320869,0.9739665419985797
27.350223710301577,1.0584347024335106,-0.09094299666613441,0.9692471100288483,0.9118679943515022,1.1425734084147479,0.6811625802882567,0.9731530158337738
27.427822471240464,1.0507714894728104,-0.10642133659643016,0.9722842351700506,0.9094676013573526,1.1204406200917623,0.6984945826229431,0.9726152287286466
27.506361913859205,1.0418320560848913,-0.12100067163435489,0.9760713195111034,0.9091245013739615,1.0954834386918566,0.7227655640560665,0.9724105488623117
27.587235440395848,1.0314939013639597,-0.13431519915232892,0.9806056037087771,0.911622591682665,1.0660835932592427,0.7571615901060874,0.9725993564208408
27.655757270982583,1.02195873971922,-0.143635674238592,0.9848092760910561,0.9167967596387849,1.0372112109774814,0.7963823083000884,0.9731089081193469
27.71009420002008,1.013993339135718,-0.14924369426211975,0.9882515468480705,0.9236040615965275,1.0109817341921241,0.8362263890009308,0.9737593588172268
27.756545945714645,1.0069810395990126,-0.15238640333889855,0.9911629507025886,0.9319215754721515,0.9857067756628116,0.8781363752814915,0.9744982656553859
27.797291373783775,1.0007424910921994,-0.15355962873759316,0.9936000531579786,0.9416262255108614,0.9610204531194811,0.9222319979022415,0.9752907122971453
27.833677869663443,0.9951590051721687,-0.15307415794062998,0.9956018835098861,0.9526363910920839,0.9367491309044115,0.9685236512797564,0.9761152939670459
27.87006436554311,0.9896239127797454,-0.1508486721019394,0.9973506613424867,0.9662996267960989,0.910202042900963,1.022397210691235,0.9770515019527306
27.90298787844333,0.9847147645421517,-0.14706270385714626,0.998630452129539,0.9813204010568272,0.8841326839167554,1.078508118196899,0.9779944867228343
27.932751670630683,0.9804093470978357,-0.1419581225606164,0.9994659728676912,0.9973273707765254,0.8588905671515688,1.1357641744014821,0.9789236865672214
27.959930603278256,0.9766322933997454,-0.13571567938828688,0.9999014658288942,1.0140762675710289,0.8345257906063234,1.1936267445357343,0.9798331586147365
27.984975461131896,0.9733207771366602,-0.12848394269698923,0.9999777099231604,1.0312967012615355,0.8110933335342779,1.2515000689887932,0.9807193903968676
28.008236789615488,0.9704235329212255,-0.1203919410172881,0.9997326195234709,1.048685040820751,0.7886586993789396,1.3087113822625625,0.9815800562980769
28.029993115281638,0.9678980971752991,-0.11155608273232327,0.9992022519070469,1.0659099783158044,0.7672913251030948,1.3645286315285137,0.9824135993453392
28.05046894501444,0.9657089307343856,-0.10208500098982548,0.9984215108530714,1.0826210836020655,0.7470607491638233,1.4181814180403078,0.9832189391387121
28.06984626230124,0.9638260772943855,-0.09208334942690947,0.9974246924217872,1.0984598492215776,0.7280346678571759,1.468885030585979,0.9839952461326499
28.088271930101318,0.9622241081050033,-0.08165498143894825,0.9962459420837455,1.1130732057534864,0.7102778868447953,1.5158685246621775,0.9847417632677263
28.10586232414409,0.9608812114912094,-0.07090569919574151,0.994919634684116,1.1261294056197961,0.6938514791440589,1.5584073320955334,0.9854576638115683
28.12270595361003,0.9597783404278298,-0.0599456121865994,0.9934806537416652,1.1373359490827961,0.678811630742029,1.5958602674235631,0.9861419391904113
28.138864512982792,0.9588983621757312,-0.048891056933641625,0.9919645252853431,1.1464588430061937,0.6652077764779077,1.6277099095344796,0.9867933135760177
28.154372573661064,0.9582251767845584,-0.037866028313970304,0.9904073584452739,1.1533419515028733,0.6530797871797667,1.65360411582598,0.9874101812215175
28.169235790681068,0.9577427903117567,-0.02700325734543345,0.9888455775352939,1.1579246673401247,0.6424542321342898,1.6733951025459597,0.987990553932491
28.18342678039311,0.9574343345666703,-0.016445641394999932,0.987315528561569,1.1602560140576703,0.633340143598071,1.6871718845172696,0.9885319817563487
28.196876035488415,0.9572809867167693,-0.006350153534431219,0.9858532651645553,1.160504383384569,0.6257252772617963,1.6952834895073419,0.9890313508365315
28.20945007841309,0.9572605739372466,0.0030997955255803906,0.9844953591231433,1.1589660739799503,0.6195748867171244,1.6983572612427762,0.9894842995561153
28.2208891168833,0.9573450168829892,0.01165320066284717,0.9832834927164653,1.1560886851307832,0.6148389045190283,1.6973384657425379,0.9898833690486519
28.233024245396887,0.9575410213595117,0.0206294523340448,0.9820378392516211,1.1515471254490395,0.6107474770332348,1.6923467738648443,0.9902920113827047
28.246080423229472,0.9578725201871976,0.030116567616671044,0.9807607981946264,1.1450527852346135,0.6074521413525846,1.6826534291166422,0.9907135571750031
28.25993347443697,0.9583580050250002,0.03992440184562087,0.9794965478306151,1.1365145387900344,0.6052389325343086,1.6677901450457602,0.9911390934027288
28.274511475001223,0.9590131418794018,0.04988948259255937,0.9782869435763659,1.1259542000615332,0.6043558396621515,1.647552560460915,0.9915616143038901
28.289777225888074,0.9598515244217608,0.05986536534099431,0.9771721944046803,1.113503051616603,0.6050251899115567,1.6219809133216492,0.9919753779870896
28.30572098706912,0.9608853658780868,0.06972000937316966,0.9761905240546138,1.0993911573817892,0.6074516635231423,1.5913306512404362,0.9923756170077489
28.322356841117266,0.9621261683966398,0.0793348915305756,0.9753776117783712,1.0839312572790551,0.6118294118350777,1.5560331027230327,0.9927583561879948
28.339720588910893,0.9635853466270377,0.08860417738131665,0.9747660481975672,1.06749985633325,0.6183489067565161,1.516650805909984,0.9931202642531292
28.357868333132295,0.965274762044986,0.09743341210668739,0.9743848352724662,1.0505180939540586,0.6272032097930648,1.4738329781150523,0.9934585163694314
28.3768754695701,0.9672071324213996,0.10573774036856237,0.9742588518993813,1.0334341651754226,0.6385930002441979,1.4282753301066473,0.9937706651486764
28.396836024519846,0.9693962943878561,0.11343986714284117,0.9744081633358782,1.0167080397204753,0.6527295757243029,1.3806865037166478,0.9940545229658685
28.417862319222703,0.9718573042162509,0.12046799148548272,0.9748470469399488,1.0007983367439013,0.6698349084568439,1.3317617650309586,0.9943080566978086
28.44008490467883,0.9746063590746991,0.12675389396975084,0.9755826204891396,0.9861505660974554,0.69013759582711,1.282163536367801,0.9945292917729258
28.46365265915947,0.9776605117691359,0.13223130458443316,0.9766129873290179,0.9731854932743051,0.7138631834990982,1.2325078030495122,0.9947162178960344
28.488732920964413,0.9810371438022855,0.13683464414714913,0.9779248636530896,0.9622860747348949,0.7412169727878576,1.1833551766819324,0.9948666843532878
28.51551161212097,0.984753168642628,0.1404982132299779,0.9794907478822101,0.9537812742240499,0.772357320490379,1.135205227957721,0.994978268069959
28.544193671482326,0.988823989396418,0.1431558655100721,0.9812658581570495,0.9479252875126192,0.8073581469489026,1.0884924280763357,0.9950480917918426
28.575005101344924,0.9932623837808763,0.14474106010356005,0.9831853159813368,0.9448716619407531,0.8461617445499066,1.0435815793315997,0.9950725605269725
28.60820019594191,0.9980778139578587,0.14518676994030136,0.9851623436813332,0.944643989879375,0.8885279881143239,1.000759991644426,0.995046965217042
28.64408218090004,1.0032772546135695,0.14442372792650618,0.9870883667446303,0.9471084442340543,0.9339938324367136,0.9602230560313949,0.9949648553217462
28.683092751243404,1.0088750320063784,0.14237085755923784,0.9888369202152046,0.9519627989813573,0.9819108783173832,0.9220147196453314,0.9948167850064497
28.72589597231501,1.0148990268201643,0.13891331710064178,0.9902635364500938,0.9587391893376009,1.0314391870170057,0.8860391916581963,0.9945881361437077
28.773663833411536,1.0214182199081785,0.1338501514892709,0.9912032168460566,0.9668245254489843,1.081669022997751,0.8519800279002177,0.9942543118575377
28.828728103224318,1.028598892485368,0.12676256135539546,0.991445703271201,0.9754723516023005,1.1317701513734542,0.819174551831147,0.9937687085215651
28.8904598836788,1.0361465964408796,0.11757861158004311,0.9907543426037676,0.9831018756339334,1.1772901391645625,0.7889136121033044,0.9930980275411582
28.947343912353194,1.0425723114881242,0.10821933498461764,0.9893764111198072,0.9876388571152594,1.2094306947185647,0.7658470195119541,0.9923649469010277
29.001315259303045,1.0481590548466737,0.09871732572050568,0.9875742249820955,0.9896521459672536,1.231917332321688,0.7473869596128191,0.9915722248691307
29.05436285855272,1.0531373974914886,0.08890630996270016,0.9854795808114308,0.9896180596488879,1.2473153478677188,0.7319207714300572,0.990707525765778
29.107334894745854,1.0575789630299894,0.07873191069000142,0.9831989718553171,0.9878651120651518,1.2570231835545498,0.7187070405757537,0.9897679590355256
29.160684191050823,1.0614989030042865,0.06817520408224537,0.9808276277094717,0.98468400867712,1.2620356258728993,0.7073323914813406,0.9887552368248923
29.21465801066164,1.0648844532142225,0.05723758860897717,0.9784543559083397,0.9803512008992209,1.2631506514325577,0.6975517503658841,0.9876749748078745
29.26934787767207,1.067706747588657,0.04594120915192808,0.9761636608690943,0.97513583598791,1.261047975258407,0.689223696717413,0.9865370827451766
29.324686167798646,1.0699286642499761,0.0343358308895015,0.97403610175644,0.9693030876901978,1.2563289140335219,0.6822772613468737,0.9853565378096405
29.38040811750869,1.071513035543327,0.022510994789541015,0.9721468955767589,0.9631169358165466,1.2495439580132512,0.676689913619842,0.9841543219333309
29.435976211775397,1.0724338129428235,0.010615031843318306,0.9705623657054745,0.9568434665726628,1.2412200955429515,0.672466837602374,0.9829584301658061
29.49043824920468,1.0726928051850482,-0.0011128567183905768,0.9693337253949605,0.9507568278807246,1.2318999408770535,0.6696137148843957,0.9818051696983011
29.542096449452963,1.0723471804368347,-0.012271688547389048,0.9684878831982081,0.945158310874436,1.2222238275924893,0.6680927941563828,0.980742599622061
29.596269701948163,1.0713652062077892,-0.02397976953852666,0.9679522475173128,0.9395701613777432,1.2113654729370456,0.6677748498184407,0.9796754572207481
29.656598777989558,1.0695259600679654,-0.03698403350001916,0.9677937657792047,0.9337922133880777,1.198541006294217,0.6690434204819384,0.9785615364939567
29.722050754618312,1.0666461296728835,-0.050990414909616234,0.9681548558241315,0.9281708002933753,1.183823750236813,0.6725178503499376,0.9774640965960849
29.791726009945368,1.0625796268406236,-0.06569173504239545,0.9691529666216163,0.9230614748186576,1.1672149109565024,0.678908038680813,0.9764499174888628
29.86455898439879,1.057246043833129,-0.08069251018446134,0.9708658052751519,0.9188496217172466,1.1486627388830248,0.6890365045514683,0.9755906105420652
29.93946661928904,1.0506413618707233,-0.09552891941801543,0.9733175337684435,0.9159406751957853,1.1279979517528238,0.7038833986387466,0.9749547792838853
30.01576674634748,1.0428036708019803,-0.10973155048314752,0.9764860640933746,0.9147775321784299,1.1047875350597993,0.7247675292970605,0.9746013323533192
30.094052541510113,1.0336863668965819,-0.1229109161504755,0.9803538780209691,0.9159698261318892,1.0779417608120323,0.7539978914517459,0.9745851529162894
30.179742608113347,1.0226167746347918,-0.1349529158221344,0.9851296854016254,0.9209865152679839,1.0437880908043091,0.7981849397316586,0.975014972403789
30.23557234372761,1.0149080847760414,-0.14090000627487612,0.9884071637460827,0.9270837468362787,1.018039003707896,0.8361284899646614,0.9755691616214056
30.283680371384865,1.0080385562162808,-0.1444047513585621,0.9912248236874671,0.934718778219181,0.9931111113653286,0.8763264450730334,0.9762315803161007
30.325786263188565,1.0019206947794157,-0.14592062813249254,0.9935958636489056,0.9436793839106029,0.9688773700360636,0.9184813977851423,0.9769574921907414
30.363377245911742,0.9964332394089667,-0.14577687488580138,0.9955579828378712,0.9538751719213748,0.9451119896264837,0.962638354216266,0.9777237733005748
30.40096822863492,0.9909821187628071,-0.1439385687003989,0.997289172167809,0.9665374340735593,0.919173838914107,1.0139010292330117,0.9786028636969091
30.435008208670116,0.9861350893273255,-0.14055070180968604,0.998576582940815,0.9804586431273559,0.8937326370573343,1.0671846491973775,0.9794958724628574
30.46581673557762,0.981873075514213,-0.1358502866428995,0.9994412840211722,0.9952884711122387,0.8691116808884655,1.121465261336012,0.9803818210876493
30.493983520825292,0.9781251230218624,-0.13001722084023548,0.9999238708626628,1.0107949817681867,0.8453517364269562,1.1762382271094172,0.9812537042862396
30.519968604671366,0.9748320792393327,-0.1231993824341466,1.0000621156611387,1.026723546372776,0.8225028557886725,1.2309442369568795,0.9821070916626181
30.544128776823342,0.9719455928497134,-0.11552519193417526,0.9998914716996907,1.0427902170750065,0.800628040409723,1.28495239374029,0.9829388886685736
30.566747164301116,0.9694254755719203,-0.10711052828851682,0.9994459666546923,1.058686834305513,0.7797958659451365,1.3375778026658895,0.9837468919453307
30.588051853502304,0.9672379461037264,-0.09806350824749728,0.9987588025803451,1.0740889226799903,0.7600761515977829,1.388101693762198,0.9845294766289809
30.608227672101638,0.965354391287332,-0.08848818517553708,0.997862808951591,1.088665896514401,0.7415376348134689,1.435794158215333,0.9852853552195197
30.627423729828152,0.9637503925292759,-0.07848760875978786,0.9967908148938955,1.1020935367446723,0.7242465923077701,1.4799404811815744,0.9860133881634535
30.645758117174413,0.9624048799074069,-0.06816643745831015,0.9955759496959338,1.1140686028613713,0.7082657029224514,1.5198715028002914,0.9867124340347017
30.66332055710256,0.9612993314797658,-0.05763314791367313,0.9942518475376626,1.1243252310920782,0.6936526295436354,1.554997832640521,0.987381232453642
30.680173469856154,0.9604169662289307,-0.04700180231666324,0.992852713499877,1.1326524166403096,0.6804579286801424,1.5848469046004765,0.9880183158220842
30.69635166000417,0.9597419013879326,-0.03639333891393888,0.9914132071045437,1.1389114056476743,0.6687220581719383,1.6091007531234105,0.9886219450976665
30.711860486531915,0.9592582626792432,-0.025936531199442992,0.9899681316958151,1.1430513764512078,0.6584715065673232,1.6276312463350924,0.9891900564728644
30.726671641945018,0.9589492400731724,-0.015769299298655434,0.9885520085325922,1.145121738274396,0.6497144352177648,1.6405290413310267,0.9897201827687794
30.740713865838142,0.9587960418389821,-0.00604237263542296,0.9871988126927334,1.1452804176730633,0.6424367096992011,1.6481241256469257,0.9902092579774817
30.7538507655108,0.9587765343500521,0.0030691645656730476,0.9859426208815408,1.1438010698598489,0.6366000200981538,1.6510021196215439,0.9906530618827734
30.765818235678903,0.9588627457050711,0.01132784216638692,0.9848215745650374,1.1410935200653478,0.632146895518372,1.6500401446123236,0.9910444852337825
30.778523807565723,0.9590619025968617,0.020001322823469194,0.9836706259901457,1.1368483702595147,0.628359060570207,1.6453376799488222,0.9914454276962001
30.79217876137298,0.9593977619076908,0.029157657187261703,0.9824952188720892,1.1308103813059553,0.6254022423976978,1.6362185202142128,0.9918583316990621
30.806657556964957,0.9598887512251043,0.03861599639768058,0.9813367951984145,1.122901957141546,0.623557256105972,1.6222466581771198,0.9922745622406741
30.821887231958723,0.960550480954474,0.04821974687836193,0.980234809366844,1.1131491151313677,0.6230691919199215,1.6032290383428138,0.9926872815904736
30.83782993110604,0.9613964688223712,0.05782783109635345,0.9792272072983326,1.101678522601862,0.6241586277974113,1.5791984174063125,0.9930908509401372
30.854475577918283,0.9624388009684033,0.06731235151990182,0.9783500078397814,1.0887079782967723,0.6270288589492073,1.5503870976443372,0.9934805597506468
30.871838182924783,0.9636887689975078,0.076557864702949,0.9776366817094195,1.0745318714347976,0.6318722634948415,1.5171914793747536,0.9938524550416217
30.889953696451084,0.9651574609803072,0.08546071011078099,0.9771175374771127,1.0595039019412749,0.6388763382288916,1.4801314656536584,0.9942032015559732
30.908878545624464,0.9668562630549049,0.0939278811622755,0.9768191401413384,1.0440193560485658,0.6482290473340024,1.439809664763129,0.994529950669818
30.928688557925472,0.968797234469019,0.10187543649369342,0.9767636905028295,1.0284985281617756,0.6601227802831044,1.396874276040447,0.9948302152789931
30.949478197050077,0.9709933315435288,0.1092266471946558,0.9769682544981524,1.0133719624187725,0.6747560826934815,1.3519878421440636,0.9951017530564543
30.971360087433712,0.9734584636632392,0.11591010323314002,0.9774437290918515,0.9990673741190641,0.6923322050838983,1.30580254315423,0.99534245892491
30.994464774692037,0.976207363359,0.12185795891074674,0.978193450285945,0.9859975143101255,0.7130533154585887,1.2589417131616623,0.9955502635490382
31.018940640495327,0.9792552478387794,0.1270044481404944,0.9792113857454081,0.9745478357694997,0.7371089728561818,1.2119866986828174,0.9957230303266278
31.044953904336033,0.9826172481336765,0.13128476131580077,0.9804799176745067,0.9650625970121223,0.7646572914987078,1.1654679025255368,0.9958584390203263
31.072688807560954,0.9863076020018262,0.1346343429178683,0.9819673279540195,0.9578280500389005,0.7957974517343707,1.1198586483434303,0.9959538396742899
31.102348570219807,0.9903386767012547,0.13698859886395698,0.9836252640401524,0.9530517917291135,0.8305333544935093,1.0755702289647175,0.9960060545565154
31.13415889743738,0.9947200543897211,0.1382828035715479,0.9853866833532035,0.950838536373247,0.8687309633710535,1.0329461093754404,0.9960110954643211
31.168378323312822,0.9994582392382767,0.13845149991986822,0.9871649659248574,0.9511647686865494,0.9100767412788136,0.9922527960942852,0.995963740509192
31.205324640012787,1.0045581035157112,0.13742560487154326,0.98885482904249,0.9538577408298949,0.9540510190121638,0.9536644626476259,0.995856856736589
31.245491885984013,1.0100355767595617,0.13511931209326886,0.990336723098766,0.9585940353984169,0.9999970162669297,0.9171910545299041,0.9956799201619
31.289611774036107,1.0159192259051577,0.13140637633401295,0.9914742812518923,0.9649020819868226,1.0470779945356086,0.8827261694380366,0.9954167158834195
31.33903576629,1.0222862896626579,0.12605620865012132,0.992110749578251,0.9721858460640069,1.0944558982092691,0.8499157939187446,0.9950394821577628
31.396441673101908,1.0293139567742624,0.11858536766068178,0.9920367413008094,0.9797101095886077,1.1413534567554071,0.8180667624218083,0.9944949404478411
31.45901059418156,1.0364471558683332,0.1092426313499584,0.9910834086174033,0.985774793050047,1.1820804634810624,0.7894691226190316,0.9937748172489691
31.516105961109457,1.0424201595256097,0.09986773662794128,0.9895794063566374,0.9889714842694409,1.210129878687581,0.7678130898513009,0.9930073278917494
31.570620130429617,1.047606505556659,0.09032106984939453,0.9877328935225692,0.9899423039086988,1.2295392251076276,0.7503453827097699,0.9921826752153504
31.624316539644983,1.0521935170294339,0.08046105828630913,0.9856586421723338,0.9890987822122197,1.2425018242529846,0.7356957401714547,0.991290650796002
31.67794383969364,1.0562360323672944,0.07024743311697973,0.9834551806959253,0.9867450439548872,1.2502680394293526,0.7232220484804217,0.9903304428588586
31.731884773158786,1.0597412953316638,0.05967425340588978,0.981212443622091,0.9831574802175548,1.2537499309207116,0.7125650295143979,0.9893060440432272
31.786313452336987,1.062693235808061,0.048758825113638334,0.9790148231851383,0.9786019809542449,1.2536890205707394,0.7035149413377504,0.9882257087082543
31.841231886099248,1.0650638652216444,0.037544024628647664,0.976942095208459,0.9733392771893457,1.2507237989685362,0.6959547554101551,0.9871023343877544
31.89645648027085,1.0668220552569387,0.02610680651867231,0.9750686285707544,0.9676275373487427,1.2454265114971712,0.6898285632003143,0.9859541245167468
31.951568212546373,1.067943471327897,0.014572281455126256,0.97346073568168,0.9617245205956706,1.2383314529935951,0.6851175881977459,0.9848053168787098
32.005814815878516,1.068424081853577,0.003136401409494439,0.9721718514344737,0.955890813008037,1.229967337724973,0.681814288291101,0.9836869993420919
32.05790139036762,1.0683004192418162,-0.007889614783318578,0.9712353438646664,0.9503994156781637,1.2209130496619305,0.6798857816943968,0.9826388584925417
32.10835258150656,1.06763262946366,-0.01858286542833991,0.970627527083946,0.9452823331683726,1.2113618772335302,0.6792027891032152,0.9816601790967916
32.16513863831843,1.0662360451824104,-0.030597525330549658,0.9703110630438617,0.9398600580332592,1.1998316228014891,0.6798884932650294,0.9806164908332528
32.227063285669544,1.0639374917177638,-0.04362070109333819,0.9704223678633762,0.9344646540150112,1.186416408583103,0.6825128994469193,0.979566909513445
32.29333196792808,1.0605894025675462,-0.05738827753128492,0.9710762445170774,0.929415498267824,1.1711199328750208,0.6877110636606273,0.9785691353051554
32.36304628429508,1.0560921283537232,-0.07156852415581834,0.9723590401069406,0.9250622087394981,1.1539082861020726,0.6962161313769235,0.977686401374293
32.43525803963708,1.0504079034358786,-0.08576302658333994,0.9743153096105414,0.9217784773458362,1.1346640286136422,0.7088929260780301,0.9769824366979846
32.5092385414374,1.0435476796458174,-0.09954448633081753,0.9769460260426841,0.9199674745148425,1.1130847742224996,0.7268501748071854,0.9765153134935064
32.58507513937093,1.0354977676438775,-0.11252137700717092,0.9802348544456775,0.9201297248839656,1.0884333334475524,0.7518261163203788,0.9763373232890634
32.66554579316068,1.025947822409033,-0.12445614730644607,0.9842574463949011,0.9231922467643994,1.0585835162470019,0.787800977281797,0.9765195729786044
32.72742371213097,1.0180090253214302,-0.13183104690930117,0.9875985113408331,0.928217725111925,1.0322910159826095,0.8241444342412404,0.9769439176505403
32.77961371684147,1.0110018327239292,-0.13640953040355658,0.990473542604054,0.9348229739845322,1.0073139771169572,0.862331970852107,0.9775075658352403
32.82478082467305,1.0047800441755015,-0.13882353605727568,0.9929112385596143,0.9427492208577761,0.9832652263896378,0.9022332153259145,0.9781545570783869
32.86486330917668,0.9991973195983237,-0.13948213552077054,0.9949545876564807,0.9518883168509786,0.9597888783719695,0.9439877553299878,0.9788562138959852
32.904945793680305,0.9936209465997162,-0.13845644958188624,0.9967989491904711,0.9633934203706854,0.934121123679478,0.9926657170618929,0.9796797128907223
32.94109497892092,0.9886582105479521,-0.1358199199816816,0.9982094998769888,0.9761228138789038,0.908994466563044,1.0432511611947637,0.9805269856339559
32.973722221968075,0.9842875642761859,-0.1318194853102472,0.9992047567558996,0.9897515934238796,0.8846931924706948,1.0948099943770646,0.9813754486430382
33.003495150183255,0.9804361136557324,-0.12664580276819556,0.9998236335063517,1.0040667551720142,0.8612347550942737,1.1468987552497545,0.9822165053467591
33.03092282025601,0.9770441675852345,-0.12045322734635532,1.0001020836517431,1.0188351320536708,0.8386567707013237,1.199013493406018,0.9830444741881796
33.0563945756707,0.9740633630400135,-0.11337414110690862,1.0000738210369564,1.0337963315514338,0.817016021381754,1.2505766417211137,0.9838552692138712
33.080216802870346,0.9714536029018025,-0.10552679647030005,0.9997712948767993,1.0486669096327854,0.7963784158569926,1.3009554034085784,0.9846459009166897
33.10263521615116,0.9691811566156787,-0.09702050396164626,0.9992262758774373,1.06314713375644,0.7768132295466108,1.3494810379662694,0.9854141238739222
33.12384865160094,0.967217391475335,-0.0879595035426505,0.9984702631561936,1.0769298808733523,0.7583899629134233,1.3954697988332811,0.9861581658996393
33.1440178293015,0.9655378124172163,-0.07844607816718238,0.9975348041478074,1.0897116553338728,0.7411764678260573,1.4382468428416884,0.9868765167877775
33.16327085406369,0.9641212483481304,-0.06858316690295403,0.9964517485120101,1.1012056039624771,0.7252375322368078,1.4771736756881464,0.9875677620240897
33.18170643858465,0.9629490926093801,-0.0584765608981169,0.9952534195259283,1.1111562354375562,0.7106333481760205,1.5116791226990918,0.9882304529502632
33.19939541195348,0.9620045419545535,-0.04823666792903604,0.993972665478204,1.1193552568300218,0.6974174388638731,1.5412930747961706,0.9888630083846404
33.21638080163934,0.9612718021730684,-0.037979808990722154,0.9926427484593523,1.125657537483284,0.685633771437449,1.565681303529119,0.9894636431207362
33.23267646355211,0.9607352470433826,-0.027829126785354562,0.9912970489040063,1.12999579584978,0.6753129998745195,1.5846785918250406,0.9900303131184875
33.24826363898126,0.9603785256736456,-0.017915575618957836,0.9899686303500435,1.1323924496143385,0.6664680938346867,1.59831680539399,0.9905606501952535
33.26308342896942,0.9601835894715579,-0.008380416420691324,0.9886898532106705,1.1329676950581848,0.6590900006454661,1.6068453894709036,0.9910518184793914
33.27701944686608,0.9601294962575521,0.000616946248533163,0.987492545305692,1.1319452688062122,0.653144523981095,1.6107460136313292,0.9915001210342235
33.28985211723363,0.9601904493120743,0.008874021108034962,0.9864102004333377,1.129664460020496,0.6485731509019754,1.6107557691390162,0.9918998337535477
33.30278581106735,0.9603586528176771,0.017119289593717703,0.9853532304745141,1.1261030294614742,0.6448828066646595,1.607323252258289,0.9922887633999227
33.31674227948439,0.9606588863693776,0.025876199829907784,0.9842662878389057,1.120917514467524,0.6419696087334433,1.5998654202016047,0.9926915473353
33.33157411570582,0.9611103774777534,0.034962346468576704,0.9831892327501813,1.1140158946074288,0.64012143700037,1.5879103522144875,0.9930991342986322
33.34719582697938,0.9617293333771498,0.04422248873963669,0.982159729516875,1.1054014685174003,0.6395878060695779,1.5712151309652227,0.9935044647708301
33.36356043223747,0.9625296739631909,0.053516793520993894,0.9812140821790434,1.095172119732508,0.6405925034960922,1.5497517359689237,0.9939017213372827
33.38065045828223,0.9635236748330227,0.06271787617984659,0.9803868690094599,1.0835132236426797,0.6433406145363236,1.5236858327490357,0.9942860273919918
33.398473501458064,0.9647225804532875,0.07171000302421424,0.9797102958287499,1.0706854566294757,0.6480243199295499,1.4933465933294017,0.9946532703901791
33.41705974413085,0.9661371805451052,0.08038861600096979,0.9792135195989866,1.0570093442682753,0.6548282958294129,1.4591903927071377,0.994999965143538
33.43646031348493,0.9677783091380373,0.088659491079693,0.9789220013654203,1.042848672934956,0.6639344886450039,1.4217628572249081,0.9953231271976043
33.456746060523535,0.9696572254807602,0.09643742403626393,0.9788568414239244,1.0285944075459028,0.6755255961002706,1.381663218991535,0.9956201499574864
33.478006635678206,0.9717858474831895,0.10364459325975656,0.979034002153427,1.0146499540839258,0.6897864204942985,1.339513487673553,0.9958886870676367
33.5003498304293,0.9741768181443389,0.11020881483745434,0.9794633164341644,1.0014178222548555,0.706902163578654,1.295933480931057,0.9961265414276091
33.52390115043672,0.9768433883237656,0.11606188036652104,0.9801471975507046,0.9892871408200897,0.7270526016271277,1.2515216800130518,0.9963315588058143
33.54880356938648,0.9797990983811208,0.12113812053348658,0.9810790044364838,0.9786210764699151,0.7504009289483091,1.2068412239915212,0.9965015198596117
33.57521744147347,0.9830572439016048,0.1253732925621922,0.9822410786778729,0.9697430079212666,0.7770760099266133,1.16241000591592,0.9966340202062766
33.60332072145923,0.9866301321621352,0.12870384586608952,0.9836025684970416,0.9629203537819297,0.8071471032043761,1.1186936043594835,0.9967263239291948
33.63331012220916,0.9905282008537394,0.1310665412231721,0.9851172998214066,0.9583453936648162,0.8405912451347721,1.0760995421948603,0.9967751703954124
33.66540493509987,0.9947592156210593,0.13239820509680686,0.9867221324869639,0.9561134887494245,0.8772559181901792,1.0349710593086698,0.9967765044747826
33.69985748537508,0.9993280359532524,0.1326349509690213,0.9883363772932021,0.9562009625016188,0.9168236777155729,0.9955782472876645,0.99672507849464
33.73697857453367,1.0042378962802816,0.13170925493375915,0.989862765861227,0.9584472741462298,0.9587904896628165,0.9581040586296429,0.9966138211137956
33.77724720252651,1.0095016549518234,0.1295378649888804,0.991191317840282,0.9625538830721381,1.0025286102665556,0.9225791558777207,0.9964324594975246
33.82137006767536,1.0151432244165965,0.12599965128096188,0.9921973416131141,0.9680874828991115,1.0472518347126896,0.8889231310855334,0.9961653930325707
33.87062388966685,1.0212276445132638,0.12087877474400122,0.9927381707492969,0.974498258693116,1.092163058683776,0.856833458702456,0.9957864073173535
33.92762446281015,1.0279192632633287,0.11371544038327992,0.9926254073739152,0.9811205335921434,1.1366047120181901,0.8256363551660967,0.9952448917241298
33.99173798321276,1.034917970091246,0.1044137622163109,0.9916672512331671,0.9865892945551369,1.1764995203984658,0.7966790687118078,0.9945086497451574
34.05020128581122,1.0407518725040363,0.09503606526827581,0.9901825257249033,0.9893500664833177,1.203882289297273,0.7748178436693625,0.9937259816486507
34.10557148822546,1.0457534624105305,0.08553443969814901,0.9883895323068524,0.9899960810364374,1.2226208672020575,0.7573712948708173,0.9928941678273339
34.15989924195174,1.0501362294372298,0.07574139256283498,0.9863966572445817,0.9889421488176595,1.235049364314239,0.74283493332108,0.9920010462619832
34.21399666620873,1.0539612591901926,0.06561530237635432,0.9842984202058486,0.9864847478277279,1.2424318520739446,0.7305376435815111,0.9910460741689815
34.26824983116318,1.0572386060847447,0.055155986605656834,0.9821815757031173,0.982892021374048,1.2456707010958892,0.7201133416522068,0.9900341635490792
34.322810591506574,1.059955263625303,0.044389963647536904,0.980127283521235,0.9784222944784464,1.2454936434425734,0.7113509455143193,0.9889747255075495
34.377641414950055,1.062087943285941,0.03337203289011084,0.9782114405251231,0.9733293307287337,1.2425262698377793,0.7041323916196882,0.9878818602568549
34.43250413220935,1.0636127903585748,0.022193498596383282,0.9765033459072396,0.9678644266694172,1.2373308691111278,0.6983979842277066,0.9867748261373122
34.48690942428047,1.0645160538777287,0.010996074137991139,0.9750625902432677,0.9622779144368081,1.2304363661799051,0.694119462693711,0.9856785459864422
34.54001116910327,1.0648081210354212,-4.671806306665027e-06,0.9739340142238377,0.9568221868384745,1.2223737835753845,0.6912705901015647,0.9846242722723079
34.59035607330549,1.064544568797155,-0.010468118333049545,0.9731407859630351,0.9517638331846936,1.2137421379412288,0.6897855284281585,0.9836517331682701
34.641824251963534,1.0637304055725918,-0.02116700321253652,0.9726255260629826,0.9468048311757618,1.2040877593651067,0.6895219029864168,0.9826970367205681
34.69893925578884,1.0621832140995424,-0.033000270674124296,0.9724182789212839,0.9416542067092086,1.1925234462228687,0.6907849671955485,0.9816992090997487
34.760720477270965,1.059751548856732,-0.0456941235687841,0.9726371892975703,0.9366138416025811,1.179096624921945,0.6941310582832171,0.9807113120337528
34.82640498537926,1.0563122711190345,-0.058982952275542344,0.9733801538348573,0.9319910812931345,1.163795582820814,0.7001865797654551,0.9797875722521988
34.895166239792246,1.0517878663676472,-0.07254220770420676,0.974716480440471,0.928120446361574,1.1465639344031426,0.7096769583200053,0.9789859289771148
34.96621411747162,1.046151935512136,-0.08599769041811131,0.9766779065851745,0.9253608254313024,1.1272448722253503,0.7234767786372546,0.9783634362010454
35.03910374040916,1.0394049664249736,-0.09896349068368016,0.9792627436368324,0.9241133266399163,1.105458857482927,0.7427677957969057,0.9779721955421957
35.114467607810944,1.0314797005960608,-0.11110360571447926,0.9824711164234008,0.9249227235078912,1.0802713647412945,0.769574082274488,0.9778632205104673
35.19717942439827,1.0218085352633448,-0.12231070830785232,0.98647462754435,0.9290098457039093,1.0485811746068938,0.8094385168009248,0.9781275936027231
35.25451650209081,1.0146161621851388,-0.12828124431166757,0.989421469183539,0.9344250295040917,1.0234639615050023,0.845386097503181,0.9785672440831387
35.303879678296134,1.0081888032575996,-0.13185824481389583,0.9919682412686355,0.9412772951665207,0.9993329787048502,0.8832216116281912,0.9791245544305279
35.34716891439776,1.002439495692402,-0.1335081773859972,0.9941253849308649,0.9493447252311844,0.9759830744796669,0.922706375982702,0.9797546959478349
35.38591969249155,0.9972602456291059,-0.13355682885599662,0.9959226693469184,0.9585203311319329,0.9531661013534167,0.9638745609104491,0.9804333971267708
35.42467047058533,0.9921093300311712,-0.13200214078653957,0.9975165670686887,0.9698478183457468,0.9284187557118878,1.0112768809796058,0.9812212538950175
35.459879197872574,0.9875102553138155,-0.12896711714584808,0.9987157504187637,0.9822451852884351,0.9042152452419204,1.0602751253349498,0.9820309980149412
35.491876867025695,0.9834481539793132,-0.12467360616578234,0.9995368689446877,0.9953935785231998,0.8808300576709054,1.1099570993754941,0.9828424057149072
35.52124451110791,0.9798622512885347,-0.11929260403941035,1.0000140423214425,1.009075097696868,0.8582940530560196,1.1598561423377165,0.983647461525624
35.54843378913242,0.9767017375816227,-0.11296578220896707,1.0001797235029442,1.023054256212532,0.8366520490234571,1.2094564634016067,0.9844407188260939
35.57379489880024,0.9739248353890889,-0.10581708298774732,1.0000650463344265,1.0370730462013698,0.8159637340007603,1.2581823584019793,0.9852181633726387
35.59760584431907,0.9714965464588038,-0.09795913973421089,0.9997004848850942,1.0508558338922138,0.7962958942594928,1.3054157735249348,0.9859767660433444
35.62009057517222,0.9693871876881996,-0.08949768255548947,0.9991162677066694,1.064116676823556,0.777717775133539,1.3505155785135727,0.9867141635379357
35.64143031437326,0.9675713642478482,-0.08053491529134962,0.9983426737656679,1.0765686490537267,0.7602983841854373,1.3928389139220163,0.987428411864594
35.66177070788304,0.9660271501054527,-0.07117226729299313,0.9974102606366189,1.0879350870499016,0.7441046693025074,1.4317655047972957,0.9881177935018819
35.68122619079321,0.964735354903877,-0.061512687821172515,0.996350024894477,1.097962543557829,0.7291998818614179,1.46672520525424,0.9887806664732479
35.69988235643104,0.9636788074064486,-0.051662516516664106,0.9951934671527506,1.106435019499981,0.7156416275779516,1.4972284114220107,0.9894153485174231
35.71779676565614,0.9628416150622027,-0.04173290211123705,0.9939725219264666,1.113188718173289,0.7034792571465053,1.5228981792000724,0.9900200316551246
35.73499834747344,0.9622083800243474,-0.03184077839547506,0.9927193194485464,1.1181261826279196,0.6927504277920599,1.5435019374637795,0.9905927203262354
35.751485115990654,0.9617633659652559,-0.022109627076909926,0.9914657853447304,1.1212283994084065,0.6834769182753547,1.558979880541458,0.9911311763018742
35.76721902823739,0.9614896053760877,-0.012670836825467635,0.9902431753955734,1.122563626299594,0.6756600997154968,1.5694671528836912,0.9916328285953581
35.78211459759977,0.9613678797323524,-0.0036678487224254316,0.98908183093814,1.1222929429213757,0.6692768300705317,1.5753090557722196,0.9920945472646028
35.79601134107011,0.9613752994054303,0.004730873156578826,0.9880119025686147,1.1206761996008856,0.6642771594260961,1.5770752397756749,0.9925120102176977
35.80878346496371,0.961484784108564,0.012402193986611233,0.9870535363619705,1.1180471764593132,0.6605386958675639,1.5755556570510627,0.9928831219606569
35.8227160778152,0.9617153209009989,0.0206692625124947,0.9860492884080191,1.1139835036684689,0.6574338742072071,1.5705331331297305,0.9932730328811232
35.83761207430777,0.9620880143024494,0.02933580391191644,0.9850386184443375,1.1083579219751818,0.6552718514254898,1.561443992524874,0.9936714601518508
35.85335817276655,0.9626204414051132,0.0382420410498779,0.9840579415892574,1.1011308410556424,0.6543148676635477,1.5479468144477373,0.9940706806524233
35.86988817502412,0.9633275284009691,0.04724580121235705,0.9831423643885979,1.092352067597433,0.6547957184201041,1.5299084167747619,0.994464408988615
35.887169469611536,0.9642222083039634,0.05621739077981579,0.9823255862417581,1.0821571258731684,0.6569256842260459,1.5073885675202907,0.9948473843796688
35.905196636984904,0.9653160181321117,0.06503817537447883,0.9816393068068268,1.070758396226458,0.6609001230043577,1.4806166694485583,0.9952151573465854
35.92398810950863,0.9666196692608148,0.07360018581228367,0.9811125103099186,1.0584321675875799,0.6669034114145541,1.4499609237606055,0.9955639463921845
35.94358413982843,0.9681435634085048,0.08180562690904394,0.9807707602132333,1.0455034733223867,0.6751134045812912,1.415893542063482,0.9958905140867139
35.9640453498332,0.9698982113726178,0.08956594117950528,0.9806355052122568,1.0323304840100216,0.6857049070598163,1.3789560609602267,0.9961920468595008
35.98545160316345,0.9718945180511226,0.096800463737532,0.980723328680651,1.0192896234483384,0.6988513773807817,1.3397278695158952,0.9964660369844703
36.007901133887636,0.9741439087834779,0.10343485329788926,0.9810450508026377,1.0067618269677836,0.7147239843381721,1.2987996695973951,0.9967101685597506
36.03150990961398,0.9766582796462996,0.10939950135385931,0.9816046014307672,0.9951197145562067,0.7334870564334736,1.2567523726789398,0.996922207368584
36.05641120338071,0.9794497571987235,0.11462808471965523,0.9823976131158624,0.9847149952109115,0.7552888831683421,1.2141411072534811,0.9970998907623183
36.082755371290936,0.9825302571261765,0.11905637923670251,0.9834097372627019,0.9758651686148346,0.7802468179170248,1.1714835193126445,0.9972408097030571
36.11070995581189,0.9859108467976839,0.12262140272251668,0.984614768182013,0.9688385763481021,0.8084258863643092,1.129251266331895,0.9973422710579957
36.140460596561475,0.9896009634173282,0.12526088495441065,0.9859727768725601,0.9638371639098007,0.8398109487726085,1.087863379046993,0.9974011235151634
36.172214053482634,0.9936076440679918,0.12691291335917024,0.9874286010029305,0.9609771087060978,0.8742742905874248,1.0476799268247707,0.9974135228014013
36.206206329361166,0.9979351220588254,0.12751527163005877,0.9889111612685832,0.9602688766818297,0.9115435893907838,1.0089941639728754,0.9973745957100767
36.24272213935833,1.0025854776590035,0.12700329938622912,0.990334053333197,0.9616001476282456,0.9511792223983874,0.9720210728581038,0.9972779242156836
36.28216768753696,1.0075652417655883,0.12530207173022626,0.991598294229635,0.9647294074177987,0.9926034796594541,0.9368553351761433,0.9971145336169921
36.32515757502844,1.0128914887572005,0.12230770616568211,0.9925929872722992,0.9692911020447971,1.03511730340878,0.9034649006808142,0.9968710761878309
36.37270345590477,1.0186050642127593,0.11785003927016441,0.9931926183973828,0.974804030582279,1.0779445734775859,0.8716634876869722,0.9965262842134045
36.426846564054365,1.0248212973327304,0.11158260444769263,0.9932424109942314,0.98068897432858,1.1204396296585268,0.8409383189986334,0.9960409184694837
36.490734514266265,1.031679090454977,0.10289256189694575,0.9925175552562574,0.9860978370206943,1.1613730776958795,0.8108225963455092,0.9953464276544056
36.55234694764174,1.0377329606383476,0.09347276169427424,0.9911608389536888,0.989190771538965,1.1915161776790244,0.7868653653989056,0.9945585481531483
36.60917847616041,1.04278095109279,0.0840741878231182,0.9894876392617917,0.9900899819903359,1.211806959675132,0.7683730043055398,0.9937368326478577
36.664287209921305,1.0471508542332784,0.07444168261753813,0.9876120338701451,0.9892950772161914,1.2253882251970507,0.753201929235332,0.992861903225575
36.71881941262461,1.0509410092410527,0.06450407633831545,0.9856266183731976,0.9871142153155856,1.2337475247705894,0.7404809058605819,0.9919305184231624
36.77326896912264,1.0541755433022082,0.054255785385359245,0.9836166694971018,0.9838126100208069,1.2378571693914049,0.7297680506502089,0.9909468396780726
36.82783307147277,1.0568496793386537,0.0437233221763174,0.9816615523651427,0.9796430556714059,1.2384728652745327,0.720813246068279,0.9899198735721587
36.88249733616863,1.0589465056642005,0.032962494009253974,0.9798349470750732,0.9748532013616109,1.2362324917594854,0.7134739109637366,0.9888632369747631
36.93704168860817,1.060447838439896,0.022064407420449007,0.9782035339606938,0.9696876879196058,1.2317032808763853,0.7076720949628263,0.9877953905468252
36.991002154322835,1.06134486164869,0.011167165670574445,0.9768240782960631,0.9643890712249017,1.2254141572430521,0.7033639852067514,0.9867399438861145
37.043580089614146,1.0616511851171582,0.0004760098930865989,0.9757388636967843,0.9591998251226044,1.217890324066176,0.7005093261790328,0.9857260957067623
37.093422163882224,1.0614215674789145,-0.009692635912282708,0.9749696152725466,0.9543720428882141,1.2097132989986554,0.6990307867777729,0.9847903373985354
37.143797146927206,1.0606743518604222,-0.019970881530876033,0.9744658347872849,0.9496783615170192,1.2005777062944867,0.6987790167395518,0.9838812138619243
37.199617177590625,1.0592425303386528,-0.03131948038640639,0.9742434475545537,0.9447943879309535,1.1895643501509703,0.7000244257109367,0.9829305683712191
37.25992221115385,1.0569866054722659,-0.04347360084263993,0.9744112830056114,0.9400036361281555,1.1767101710235186,0.7032971012327924,0.9819875940740723
37.323996349814735,1.0537925089608242,-0.056183227288256095,0.9750596030066275,0.9355938755677597,1.1619991508532044,0.7091886002823152,0.9811018751770214
37.39109405239889,1.0495853886989304,-0.06914940830543978,0.9762537412736025,0.9318785498808431,1.1453747907475997,0.7183823090140864,0.9803262272069121
37.46052310596368,1.0443335291456783,-0.08203022175971059,0.9780266711936284,0.9291958328970779,1.1266884385560951,0.7317032272380606,0.979713094162364
37.53191290653665,1.0380276477818942,-0.09447068777096021,0.980382153210491,0.9279257354194685,1.1055882194236086,0.7502632514153285,0.9793113031742074
37.605872278188116,1.0305997352011438,-0.106154416390632,0.9833239155749003,0.9285789933997767,1.0812206128096198,0.7759373739899336,0.9791692330489614
37.686794422877604,1.021555918763588,-0.1169583038207022,0.9869966263514337,0.9322470016342073,1.0508339509216589,0.8136600523467556,0.9793683348698602
37.7450220644499,1.0145620954409484,-0.12297947118144643,0.9898145773415796,0.9373631739212498,1.025959003814014,0.8487673440284854,0.9797606059926701
37.7950848606857,1.0083077473277757,-0.12661312968789123,0.9922553512884773,0.9438803221206153,1.002149811079484,0.8856108331617468,0.9802749087418552
37.838981674784776,1.00270646328758,-0.1283374154419848,0.9943278692461034,0.9515680295988286,0.9791717093328679,0.9239643498647893,0.9808656946305242
37.8783046923601,0.997652286908374,-0.12848135081916967,0.9960599716692149,0.9603145771288547,0.9567564895423368,0.9638726647153726,0.9815082815235144
37.91762770993543,0.9926224430875572,-0.12705817725432078,0.997600383077667,0.9710926248139903,0.9325051357439327,1.0096801138840479,0.9822587284054682
37.953393424961696,0.9881247331961986,-0.1241816474760495,0.9987654874441346,0.9828680997436336,0.9088214246366264,1.056914774850641,0.983034081966159
37.985945249356206,0.9841452400364901,-0.12006829741288222,0.9995704508495036,0.9953356528475268,0.8859581107923251,1.1047131949027285,0.9838144671676204
38.01586484417298,0.9806268609770347,-0.11488589914720365,1.0000469727952919,1.0082839648819863,0.8639409381127664,1.1526269916512062,0.9845915176652003
38.043602688555204,0.977521925986873,-0.10877374703759668,1.0002254504361354,1.0214860428643115,0.8428119532710402,1.2001601324575828,0.9853594185021373
38.069507548156096,0.9747911943579949,-0.10185398842925342,1.0001353037214618,1.0346949264854708,0.8226290642667075,1.2467607887042342,0.9861138134837154
38.09385607531658,0.9724017035937418,-0.09423789270791232,0.9998055628014406,1.047648486751358,0.8034579728764062,1.2918390006263099,0.9868513610266183
38.11687097517265,0.9703253956488695,-0.08603012516672635,0.9992652185460714,1.0600764848339383,0.7853673482970813,1.3347856213707952,0.9875694151688533
38.13873226717274,0.9685381607265693,-0.07733199944432892,0.9985434607765631,1.0717095055578791,0.768425948505268,1.3749930626104903,0.9882657790588557
38.159584343419844,0.9670190718831138,-0.06824410377102896,0.9976698514097256,1.0822896615139836,0.7527006033275633,1.4118787197004041,0.9889385123862472
38.17954024310493,0.9657496934214675,-0.05886846328777805,0.9966744305200556,1.0915828290749694,0.7382543703319988,1.44491128781794,0.9895857812617143
38.19868393705845,0.964713397173622,-0.049310270992595606,0.995587727742587,1.0993919623255395,0.7251443762804088,1.4736395483706703,0.9902057437762068
38.217071054204794,0.9638946500443704,-0.03967916731705724,0.9944406416199293,1.1055707221064455,0.7134190152893398,1.4977224289235513,0.9907964661961325
38.23472817711104,0.9632782563881396,-0.030090096667193686,0.9932641590302597,1.1100363152089803,0.7031143585269831,1.5169582718909775,0.9913558621575935
38.25165037298382,0.962848551114453,-0.02066400181991565,0.9920889271245441,1.1127802272614824,0.6942498758501959,1.5313105786727688,0.9918816367551091
38.26779565823225,0.9625885310873273,-0.011529203702696191,0.9909447796288914,1.113875781799477,0.6868238614843033,1.540927702114651,0.9923711920468912
38.28307271370799,0.9624788484129547,-0.0028257045355002033,0.9898605003431151,1.1134827394646827,0.6808092620583578,1.5461562168710077,0.9928213901935575
38.29731103638265,0.9624963684147203,0.005281411996862563,0.9888645566630168,1.111852799229248,0.6761511138548819,1.547554484603614,0.9932278947883424
38.310631689501506,0.9626169770838898,0.012815318552590826,0.9879586641062216,1.1092452786986549,0.6726637187923096,1.5458268386050003,0.9935955147827213
38.32511037619004,0.9628612122927608,0.020899709708854186,0.9870159806073353,1.1052787396082544,0.6698651257166048,1.5406923534999042,0.9939799784481624
38.3405591275652,0.9632496351293413,0.029350909915208424,0.9860733817114283,1.0998451744009117,0.6680521373674622,1.531638211434361,0.9943716039266173
38.356869209807236,0.9637994205582529,0.038016882959906725,0.9851652920869299,1.0929188009560917,0.6674791987441945,1.518358403167989,0.9947630078098825
38.37397736786022,0.9645251658561199,0.0467611867003565,0.9843249731117666,1.0845574317707678,0.6683733158538145,1.5007415476877213,0.9951481271375445
38.39185328238899,0.9654395130584872,0.055458724374702575,0.9835842833782967,1.074898686378092,0.6709409488094967,1.4788564239466873,0.995521854905417
38.41049353751161,0.9665537170201173,0.0639946345326307,0.9829730305718486,1.0641514039140003,0.6753729288162291,1.4529298790117717,0.9958798474692149
38.42991841657149,0.9678781848633187,0.07226401139188093,0.9825182246719345,1.0525833132626818,0.6818487676818641,1.4233178588434994,0.9962183913553906
38.450169914208914,0.9694229577364166,0.0801714834504989,0.9822433414063215,1.0405066606304805,0.6905404069019829,1.390472914358978,0.9965342853923688
38.47131028814019,0.9711980925757417,0.08763035823709252,0.982167590684252,1.0282633731065673,0.7016148550911688,1.354911891121966,0.9968247246457578
38.49342091046495,0.9732139081063631,0.09456138085714526,0.9823051264065992,1.0162107734177344,0.7152349242619325,1.317186622573536,0.9970871850124954
38.51660135668261,0.9754810705883535,0.10089128516631167,0.9826641175299623,1.0047081841580052,0.731557191574142,1.2778591767418686,0.9973193100214355
38.54096871837024,0.9780105029359188,0.10655132998002179,0.9832456137473466,0.9941041834706503,0.7507262694183104,1.2374820975229903,0.9975187994099308
38.5666571388682,0.9808131061317047,0.11147597743158774,0.9840421753943018,0.9847238828408467,0.7728644535028445,1.196583312178849,0.9976832954645735
38.59381762254973,0.9838992900737912,0.11560182110378552,0.9850362957894309,0.9768554213287239,0.798055927297052,1.1556549153603959,0.9978102592343923
38.622618349689965,0.9872783341066015,0.11886681411892416,0.9861987292368021,0.9707349462356027,0.8263251332429833,1.1151447592282222,0.9978968247249791
38.653246182457025,0.9909576538218833,0.12120975657023615,0.9874869501985204,0.9665297662583491,0.8576099692659644,1.0754495632507337,0.9979396140598933
38.685911011562155,0.9949421649360903,0.12256981684206664,0.9888440904892211,0.9643202376420699,0.891732425913881,1.0369080493702587,0.9979344875258903
38.72085648529919,0.9992341371279037,0.12288547639005283,0.990198770796427,0.9640823041000456,0.9283722049029149,0.9997924032971762,0.9978761826247363
38.758384312078284,1.0038342612193087,0.12209152037622079,0.9914661324437491,0.9656741623316201,0.9670522198545736,0.9642961048086667,0.9977577493740366
38.79895523217925,1.0087510276765341,0.12010817330642247,0.9925509755226148,0.9688357810781845,1.0071938964886953,0.9304776656676735,0.9975693124154993
38.84324655682022,1.0140019281303918,0.11682096190800224,0.9933463712192475,0.9731928586251526,1.0480926818974856,0.8982930353528197,0.9972961785556652
38.89244393768734,1.0196358748546106,0.1120327672095728,0.9937307076908684,0.9782682652321617,1.0890253387951638,0.8675111916691595,0.9969143042668754
38.94903262014079,1.0257912577254553,0.10532325132890605,0.9935456520573188,0.9834894822507818,1.1294529757781169,0.8375259887234467,0.996377400640928
39.01531757939184,1.0324760165930593,0.09616845005282332,0.992579628396455,0.9878885398674578,1.167336710173681,0.8084403695612348,0.9956223309308109
39.07622942500351,1.0380523009912608,0.0867897745216795,0.9911279150434641,0.9899035268716382,1.1934246434313533,0.786382410311923,0.9948165418932001
39.13301246148158,1.0427163082475777,0.07739116933509452,0.9894315036864427,0.9900097216703374,1.210884665790977,0.7691347775496976,0.9939777855563667
39.188315657305104,1.046731689687934,0.06775048572560534,0.9875846184743359,0.9886209901826897,1.2223030842287512,0.754938896136628,0.993089405021651
39.243078531915216,1.050171593223649,0.05782174697279101,0.9856731694201438,0.9860177338175837,1.2289607914151206,0.743074676220047,0.9921509937888868
39.29769127290411,1.0530519265815805,0.04761499555662988,0.983777124922068,0.9824520944187686,1.2317373344342535,0.7331668544032837,0.9911688792664873
39.35226438983929,1.0553664702726322,0.03717277344801532,0.9819706606333592,0.9781675278433541,1.2313329038954963,0.725002151791212,0.9901541848268941
39.406691604697826,1.0571018759726103,0.026569655550733283,0.9803214193086943,0.9734033549632453,1.2283483940649016,0.7184583158615888,0.9891226001746938
39.460644352405616,1.058248602433707,0.01591937582100594,0.978888388633943,0.9683957560909389,1.2233271439867244,0.7134643681951532,0.9880944730074949
39.51351974815879,1.0588122458725462,0.005388161127158838,0.9777183488183651,0.9633783036763919,1.2167876446816313,0.7099689626711525,0.9870949701457458
39.56431300011685,1.0588278455984323,-0.004779303242918474,0.9768409897844813,0.9585855569254993,1.2092656792457799,0.7079054346052187,0.9861547082958468
39.61124721815182,1.0583827261715264,-0.014188289443907369,0.9762630663553253,0.9542734283016359,1.2014061713860553,0.7071406852172165,0.9853134518949104
39.663686061993424,1.0573634253378397,-0.02468077167829213,0.9758968364477494,0.9496793578567913,1.1917328482578486,0.7076258674557337,0.9844163672407263
39.720789838986605,1.055629411543081,-0.036033946855958066,0.9758462589041088,0.9450465998396493,1.1802437752610524,0.7098494244182463,0.983505117932737
39.78185572345454,1.0530619261345706,-0.048022111358157246,0.9762026796160931,0.9406359605740588,1.1669295683609795,0.7143423527871383,0.9826239379063642
39.84620259163261,1.0495722566333108,-0.06038704380822323,0.9770388945979955,0.9367313012464961,1.1517553609464513,0.7217072415465409,0.9818203256526996
39.91316720708413,1.0451090095149953,-0.07282885202884873,0.97840169720036,0.9336401912340733,1.134627852623248,0.7326525298448985,0.9811431866628845
39.982252792415984,1.0396520335467638,-0.08502058134231605,0.980309197340045,0.9316997044046579,1.115325115746672,0.7480742930626438,0.980639706685591
40.053506416892134,1.0331732764125816,-0.09664169480042484,0.9827623842746659,0.9313161273080748,1.0933332769573678,0.7692989776587817,0.9803546204338366
40.12865977070193,1.0254934620857217,-0.10744491397173062,0.9857982477569778,0.9331373717686563,1.0673023564424415,0.7989723870948711,0.9803408381785021
40.19791654185209,1.0177585313825246,-0.1155867267811827,0.9888857820290117,0.937402081890188,1.0401082674387965,0.8346958963415797,0.9806139127284245
40.25253534965608,1.0113070510201823,-0.12037573010268766,0.9914116944367167,0.9429956472467995,1.0160316003689034,0.8699596941246956,0.9810367051690129
40.29980372980216,1.0055480702851451,-0.12304126780737308,0.9935748683001112,0.9498068555541435,0.9930186590592116,0.9065950520490754,0.9815575165853029
40.34178118760315,1.0003578493142022,-0.124003372702885,0.9954045939313432,0.9576906394444171,0.9706977222134909,0.9446835566753434,0.9821440347781452
40.383758645404136,0.9951594569928733,-0.12338640997920507,0.9970711859012014,0.9675869591154442,0.9464723174406898,0.9887016007901988,0.9828487576680014
40.4216984709391,0.9905138230017337,-0.1212368408377474,0.9983646327453805,0.9784875163545452,0.9228828231169482,1.0340922095921423,0.9835871010310483
40.45608141913136,0.9864002843752881,-0.1177876345745203,0.9992994802446344,0.990107741760063,0.9001336211304964,1.0800818623896296,0.9843376478674384
40.487588464159636,0.9827573833382566,-0.1132199058901918,0.9999068554134527,1.0022522435840988,0.8782218260669878,1.1262826611012098,0.9850906411247542
40.51673010641343,0.9795354882228148,-0.1076806757823139,1.0002160262752067,1.0147108435563965,0.8571743329654274,1.1722473541473657,0.9858391868266837
40.54389402017536,0.9766944231090204,-0.1012966902854271,1.0002551373446407,1.02725383336824,0.8370411265947563,1.2174665401417235,0.9865780816186133
40.569384207938946,0.9742006782266723,-0.09418188949373135,1.0000519659554878,1.0396359929236478,0.8178839090587962,1.2613880767884993,0.9873033208057795
40.593443908551876,0.9720257927222219,-0.08644222910338133,0.9996343082129674,1.0516026760629593,0.7997696368103366,1.303435715315582,0.9880117440715537
40.61626943440757,0.9701453159307812,-0.07817919381867255,0.9990302066095527,1.0628976470421017,0.7827667869595053,1.343028507124698,0.9887007622735026
40.6380187753854,0.968538027224624,-0.06949255233994596,0.9982681020935235,1.0732726115577134,0.7669428944909429,1.3796023286244838,0.9893681445847324
40.658816886518196,0.967185261367256,-0.06048259392615088,0.9973769245825563,1.0824982552947178,0.752362521232513,1.4126339893569226,0.9900118524295488
40.67875869555473,0.9660702580955057,-0.051251923472271574,0.9963861031780116,1.0903764215085925,0.7390850979045083,1.4416677451126765,0.990629911946925
40.69791040295106,0.9651774913570227,-0.041906812925448025,0.9953254626872966,1.0967527973346354,0.7271622571353195,1.4663433375339512,0.9912203194413153
40.71630932538872,0.9644919566801786,-0.03255811372748438,0.9942249753723106,1.1015291672133696,0.7166344466437196,1.4864238877830194,0.9917809734830301
40.733962145262346,0.9639984105203664,-0.023321883642671307,0.9931143636500165,1.1046740439083367,0.7075268277458909,1.5018212600707825,0.9923096204140545
40.7508406958759,0.9636805561089354,-0.014320290426090058,0.9920226139587254,1.106230546592822,0.6998447224261631,1.5126163707594809,0.9928037820951922
40.766872724228115,0.9635201324210818,-0.005684305622822336,0.9909775893958093,1.1063211795471344,0.6935691291959406,1.519073229898328,0.9932605934384564
40.781920454129846,0.9634957225912312,0.0024378496629697734,0.9900062084748391,1.1051514950930668,0.688653104035753,1.5216498861503807,0.9936763683764891
40.79572316798422,0.9635806161017085,0.009854006250867325,0.9891365629203437,1.1030214379590015,0.6850207913277795,1.5210220845902236,0.9940453214912915
40.81023241034049,0.963779680098506,0.017567793425235914,0.9882573493354089,1.0997326997925996,0.6821463118182692,1.51731908776693,0.9944191238168287
40.82578494616066,0.9641163018331098,0.025691158719782656,0.9873687323835152,1.0950918160159366,0.6801744110677328,1.5100092209641407,0.9948025942068176
40.84224826346276,0.9646085781295796,0.034068941743437456,0.9865040465577608,1.0890502057968992,0.6793670946179639,1.4987333169758343,0.9951878748698912
40.859544542668374,0.9652718079849417,0.042564330367476505,0.9856953542147834,1.0816377754833622,0.679956149295642,1.4833194016710824,0.995568619347219
40.87763237582722,0.9661191193053463,0.051051938175415375,0.9849735217275187,1.072961352241769,0.6821512520863309,1.4637714523972072,0.9959394915741648
40.89649901465209,0.9671620241556954,0.059416116782989636,0.9843676328198977,1.0631982312617474,0.6861447871794194,1.4402516753440755,0.9962959428297123
40.91615639229388,0.9684109442660527,0.06755062759711987,0.9839042344916313,1.0525857106360106,0.6921157870968758,1.4130556341751452,0.9966340720587809
40.936638790440256,0.9698756923254646,0.07535841420671843,0.9836065691366689,1.0414080250171864,0.7002333537034563,1.3825826963309165,0.9969505104687221
40.958001217968864,0.9715658692838206,0.08275101016353177,0.9834938203257271,1.0299822197317225,0.7106591584043274,1.3493052810591177,0.9972423094128209
40.98031813637566,0.973491138620053,0.0896475333820454,0.9835803300153081,1.0186441145019263,0.7235482974279255,1.3137399315759268,0.9975068273213533
41.00368242380747,0.9756613490951206,0.09597340616795882,0.9838747183310406,1.0077349005351866,0.7390476694287157,1.2764221316416575,0.9977416167879021
41.0282045604262,0.9780864877203772,0.10165898794177049,0.9843788431261044,0.9975883420630043,0.7572910173722844,1.2378856667537241,0.9979443123177681
41.05401204819505,0.9807764523649716,0.1066382871601996,0.9850865670263461,0.9885181374718679,0.7783897977560278,1.1986464771877081,0.9981125162109215
41.08124912857601,0.9837406426515526,0.11084787252895753,0.9859823517065921,0.9808047848688407,0.8024191682091624,1.159190401528519,0.9982436763638904
41.1100770157131,0.9869873878806402,0.11422604493205148,0.9870397738104113,0.9746813272047941,0.8293987742142612,1.1199638801953269,0.9983349459077534
41.14067524681086,0.9905232770676172,0.11671224605053436,0.9882201536674129,0.9703176838162872,0.8592689042550562,1.0813664633775182,0.9983830098990567
41.173245560658884,0.9943525484668434,0.11824651934757188,0.9894715918611614,0.9678039935764953,0.8918642039967974,1.043743783156193,0.9983838564092902
41.20802129596841,0.9984768585827022,0.11876851857696175,0.990728772216705,0.9671345161349125,0.9268895542574388,1.0073794780123864,0.9983324528026971
41.2452883314223,1.0028960159607252,0.11821493011901553,0.9919138135111629,0.9681949373796461,0.9639055299747684,0.9724843447845238,0.9982222496455572
41.28546423324661,1.0076147287669606,0.11651102696820487,0.9929388276339027,0.9707593872382877,1.0023652205126794,0.939153553963896,0.9980441634874081
41.329174647741375,1.0126466562450105,0.1135523672329493,0.9937059135056946,0.9744954959760235,1.0416201738631088,0.907370818088938,0.9977848451854333
41.37745357328229,1.0180272917070696,0.10916783044676173,0.9941045113794403,0.9789710698783072,1.0809691112969082,0.876973028459706,0.9974231670592225
41.43241581160575,1.0238632327416772,0.10300709176038222,0.9939965975224705,0.9836656887414925,1.1198609953815037,0.8474703821014812,0.996919886884073
41.49798072871379,1.0303401714255842,0.0943567009588743,0.993168737680229,0.98784480338144,1.157529935596755,0.818159671166125,0.996198912867187
41.56135836068774,1.0360265877912604,0.08493644964635373,0.9917868845032444,0.9899442548183691,1.1850831737478458,0.7948053358888925,0.9953860472341212
41.619239407510385,1.040676050290438,0.07561857160930979,0.9901677077961495,0.9901202191806332,1.2032380801437232,0.7770023582175432,0.9945536210656185
41.67510828612319,1.0446372240841921,0.06610838244001084,0.9884045595346509,0.9888355770462478,1.2151520263059206,0.7625191277865749,0.9936786680365537
41.73017140572653,1.0480099277547394,0.056335590129069385,0.9865794683818633,0.9863734483928703,1.222249321613021,0.7504975751727198,0.9927585079614385
41.78489457714948,1.0508196695019318,0.04630682461896793,0.9847699425029953,0.9829807653784293,1.225446184564357,0.7405153461925015,0.9917989560101671
41.839415809979975,1.0530661893594906,0.03606547265493563,0.9830477015880545,0.9788945810190232,1.2254536435546186,0.7323355184834277,0.990810889072379
41.89364021920987,1.0547412031022845,0.025687587350818955,0.9814776668365116,0.9743474487906727,1.222874624648859,0.7258202729324862,0.9898096466500771
41.94724744629229,1.0558399999174057,0.015287225753740216,0.9801158177012911,0.9695682320456783,1.2182507379224823,0.7208857261688744,0.9888149293935672
41.99964815874091,1.056372581661465,0.0050281284861770515,0.9790058238677523,0.9647821929545062,1.2120963358719414,0.717468050037071,0.9878508160751147
42.04986510767194,1.0563771175924765,-0.004852488060259879,0.9781745925798492,0.9602139797662602,1.2049400929153196,0.7154878666172009,0.9869462673713763
42.09617768986184,1.0559410910663254,-0.013976636654742604,0.9776271161020055,0.9561065166228132,1.1974133802368117,0.7147996530088148,0.9861385886398709
42.14798642136365,1.0549529816690555,-0.024160581415757228,0.9772784638528109,0.9517208146676928,1.1880766311524542,0.7153649981829314,0.9852761743333225
42.20426361278742,1.0532836604195965,-0.035146450970876014,0.977227796680195,0.9473064663467231,1.176951923253876,0.7176610094395701,0.9844020284386922
42.26433946163913,1.0508236297754554,-0.046717555149455955,0.9775592269361131,0.9431104821831862,1.1640234462058385,0.7221975181605338,0.983557432148697
42.327576695087984,1.04749099238541,-0.05862830734144994,0.9783397077269173,0.9394020898132096,1.1492530815471154,0.729551098079304,0.9827864935506639
42.39337596525544,1.043236721542191,-0.07059726195451979,0.9796127572358632,0.9364734629621567,1.1325466912372721,0.7404002346870412,0.9821345056331464
42.46131402233824,1.038038024610594,-0.08231929056555498,0.9813965137351889,0.9346466356873709,1.1136867530707923,0.7556065183039495,0.9816454163651468
42.531499358429066,1.0318618051804451,-0.09349408144785615,0.9836943707788676,0.9343123299872194,1.0921761557002219,0.7764485042742169,0.9813614995918573
42.60567587476521,1.0245308378547573,-0.10388630113693223,0.9865435264620035,0.9360931113091993,1.0667166071522824,0.8054696154661161,0.9813333089991412
42.67511750147806,1.0170297555431707,-0.11181717024441626,0.9894880362052717,0.9402828240017114,1.0397661651052215,0.8407994828982014,0.9815840552361064
42.72969612109439,1.0107934564817542,-0.11643867916533768,0.9918884092197955,0.945739375540934,1.0160463029723215,0.8754324481095467,0.9819826784617082
42.77701358814426,1.0052175646284616,-0.11899158970698366,0.9939460804051724,0.9523661713236153,0.9933990402010822,0.9113333024461485,0.9824786631799783
42.819109024616964,1.000184797793543,-0.11988410297087547,0.995687654208243,0.9600174169204845,0.9714563455600588,0.9485784882809101,0.9830404980794022
42.86120446108967,0.9951460507739149,-0.11923389747140997,0.9972716286391905,0.9695769886836834,0.9477128657651883,0.9914411116021784,0.983717143383206
42.89932071782983,0.9906370520538492,-0.11709377807193286,0.9985010336507697,0.9800725930617613,0.9246224970003625,1.0355226891231601,0.9844283463937048
42.93393548262213,0.9866385426382658,-0.11368911035964827,0.9993894503079366,0.9912286279884559,0.9023746096428767,1.0800826463340352,0.9851534256393583
42.96571556725113,0.9830932598626531,-0.1091952063154099,0.9999658551191823,1.0028530230927057,0.8809654770610779,1.1247405691243335,0.9858826383346164
42.99516058847867,0.9799549696815871,-0.1037550617476211,1.000257747465707,1.0147403066693337,0.860421471608974,1.1690591417296934,0.9866090022853667
43.02265013250388,0.9771861791215339,-0.09749254702008066,1.000291825430346,1.0266676282370657,0.8407918406206036,1.2125434158535278,0.987327188626314
43.04848196937817,0.9747555271315989,-0.09051952228360409,1.00009465552034,1.0383988823534755,0.8221375407131323,1.254660223993819,0.988033047621054
43.07289431573298,0.972636283879219,-0.08294043127700572,0.9996929983671246,1.0496907624678804,0.8045248615819077,1.2948566633538532,0.988723265294456
43.096079224179036,0.9708053879371006,-0.07485564359660635,0.9991139878529137,1.0603004552774316,0.7880216676987515,1.3325792428561118,0.9893950981102275
43.1181908584728,0.9692427176924996,-0.06636406230955846,0.9983852380553857,1.0699949006622929,0.772694834032607,1.3672949672919787,0.9900461662076906
43.139350530064625,0.9679304525343428,-0.05756521792831924,0.9975348879610216,1.0785614027953108,0.7586080583030466,1.398514747287575,0.9906742925560944
43.15964950604778,0.9668524483013942,-0.04856091703865233,0.9965915639855789,1.08581919089843,0.7458195126183436,1.4258188691785165,0.9912773802236381
43.17915013713769,0.9659935870000329,-0.03945644612835024,0.9955842285104868,1.0916312727122255,0.7343789789693251,1.4488835664551258,0.9918533221675682
43.197885517476486,0.9653390830781924,-0.030361354603475124,0.9945418883036365,1.0959156399863805,0.7243242915739749,1.4675069883987863,0.9923999364141033
43.215857458859006,0.9648737420698457,-0.021390012344655773,0.9934931668951974,1.0986546962961612,0.7156771247487919,1.4816322678435305,0.992914911626991
43.233031738329544,0.9645811637453752,-0.012662578064472985,0.9924658117907723,1.0999019264245766,0.7084384043993246,1.4913654484498287,0.9933957287473411
43.24932765865507,0.9644428348010385,-0.004308031137126571,0.9914863363492471,1.099785720064065,0.702583833078227,1.496987607049903,0.9938394798975088
43.264593575346986,0.9644368934661299,0.0035263907944686496,0.9905802870720989,1.0985127505194414,0.6980602254077886,1.4989652756310943,0.994242384690167
43.27853983139313,0.9645357802678401,0.010645142094916548,0.9897746306288403,1.0963807676816157,0.6947843047369034,1.4979772306263281,0.9945983469309597
43.29359127853631,0.9647533099907263,0.018240820346667835,0.9889412242090309,1.093085462098584,0.6922043222163592,1.4939666019808087,0.9949683298201164
43.3096784759144,0.9651110807703739,0.02620767070023731,0.9881055642418656,1.0885036608439156,0.6905775423788495,1.4864297793089816,0.9953462520745394
43.32667867404404,0.9656266165501993,0.03439921748378671,0.9872991607636713,1.0826021267811807,0.690156078903708,1.4750481746586537,0.9957247054379974
43.34451937448468,0.9663147452707143,0.042684267968700645,0.9865524823821822,1.0754219832439988,0.6911644670337006,1.4596794994542972,0.996097612197186
43.36316312820367,0.9671881952901694,0.050941917873250996,0.9858947767219558,1.0670764785802733,0.6938062407413941,1.4403467164191526,0.9964598260214199
43.38260048338752,0.968258122146642,0.05906029248954975,0.9853534221488716,1.0577443807418958,0.6982680815715339,1.4172206799122578,0.996806935799003
43.40284629583291,0.9695346057324127,0.0669363541040673,0.9849531504229605,1.0476596964615368,0.7047232061512109,1.3905961867718626,0.9971351376458494
43.42393750931107,0.9710270988930237,0.07447571523748456,0.9847152635591742,1.0370990473650734,0.7133341774936173,1.3608639172365296,0.9974411252590927
43.44593157406146,0.97274478770582,0.08159207991907433,0.984656860939863,1.0263680924467273,0.7242546777159425,1.3284815071775122,0.9977219813034003
43.46890518236334,0.9746968259787586,0.08820629517909687,0.9847900348252285,1.0157879965252135,0.7376295098847284,1.2939464831656984,0.997975066692726
43.4929532307767,0.9768924171885639,0.09424515417031064,0.9851209735273471,1.0056823880824806,0.7535920188961533,1.2577727572688076,0.998197908850985
43.518188005698896,0.9793407276491923,0.09964012947672207,0.985648922828105,0.9963647417504151,0.772258129973338,1.2204713535274923,0.9983880891166979
43.54473863269666,0.9820506241121352,0.1043261916816785,0.9863649909437088,0.9881257715494274,0.7937162826786673,1.1825352604201873,0.9985431264560589
43.572750908434685,0.9850302416112112,0.10824081881143807,0.9872508376565944,0.9812202815617976,0.8180127593973895,1.144427803726206,0.9986603510371453
43.602387843276425,0.9882864134456893,0.11132323641396924,0.9882773635737088,0.975853027028799,0.8451324290503981,1.1065736250071998,0.9987367573049821
43.63383171206457,0.9918240490189688,0.11351382475528711,0.9894036055401297,0.9721635479229872,0.8749759513661051,1.0693511444798693,0.9987688209518587
43.667289356133935,0.9956456451746869,0.1147534382382983,0.990576126722548,0.9702106968294175,0.9073361689012228,1.0330852247576123,0.9987522547214692
43.70300428582383,0.999751284416866,0.11498201208204248,0.9917292094407781,0.9699586369781106,0.9418786720403842,0.9980386019158368,0.9986816575435326
43.74128264851903,1.004139746935316,0.11413511776191473,0.9927860146471065,0.9712671150914838,0.9781338551415811,0.9644003750413865,0.9985499639216464
43.78260365054845,1.008818137010374,0.11213227739809067,0.9936613894094293,0.9738932472388874,1.0155585090561217,0.9322279854216531,0.9983471678171548
43.82766276121569,1.0138008508795397,0.10885728278393907,0.9942599677231698,0.9774947515558409,1.0534982746309327,0.901491228480749,0.998058527573518
43.87769221513712,1.0191325797605992,0.10410897917623872,0.9944730585963224,0.9816390138640375,1.0913030315082686,0.8719749962198065,0.9976598970847589
43.93534815428294,1.0249486079047407,0.0974499630669737,0.994155664050033,0.9858051070288489,1.1285426831985474,0.8430675308591503,0.9971038315127707
44.00381596798185,1.0313123013322445,0.08822806967306734,0.9931008839891058,0.9891328974956171,1.163641899880101,0.8146238951111332,0.996317554730372
44.06589202107973,1.0365037418075267,0.07889764919154287,0.9916521876010658,0.9903023426146134,1.1872250981296886,0.793379587099538,0.9954964250543745
44.12340059026277,1.040776507573873,0.0696058140026343,0.9900265156025984,0.9898170672395126,1.2027233395080505,0.7769107949709746,0.9946541514652336
44.17921829530776,1.0443986831683125,0.060110033122589515,0.9883008779460463,0.9880494424492878,1.2126395226791133,0.7634593622194624,0.9937722441485988
44.2342820143396,1.047441964775728,0.05037188084713476,0.9865521163075043,0.985256719824955,1.218176383498469,0.7523370561514411,0.9928513919812503
44.288935957052274,1.0499240666372092,0.0404149309252684,0.9848526042563179,0.981673905322654,1.2201572921490837,0.7431905184962243,0.9918995055390888
44.34322517942916,1.051844442797043,0.030298294270758745,0.9832685439020957,0.9775290756260585,1.219240181807843,0.7358179694442739,0.9909292588546681
44.39696247007034,1.0531996311922747,0.020115281870983596,0.9818582936816326,0.9730460941510012,1.2159940213158984,0.730098166986104,0.9899575479688045
44.44972169594187,1.0539944768178064,0.010000009372243499,0.9806697152803587,0.9684444847610132,1.2109399488220116,0.7259490207000149,0.9890052977494813
44.500773985773584,1.0542535656623924,0.00014165658904265362,0.9797365410391331,0.9639397985668556,1.204586679186464,0.7232929179472474,0.9880974881616214
44.54890585491801,1.0540360615315543,-0.009181311667454712,0.9790740126312301,0.9597503116788468,1.1974842485235915,0.7220163748341023,0.9872643269904022
44.59756972499766,1.0533599615251428,-0.01860131954517781,0.9786344993705949,0.9556594884615275,1.1893555418503405,0.7219634350727144,0.9864543643270459
44.65103930427054,1.0520896343790789,-0.02890199167700735,0.9784321273480662,0.951425437778076,1.1794518125486328,0.7233990630075192,0.9856136552671503
44.70847548011932,1.050114443731745,-0.03985115878650473,0.9785525239172258,0.9472861162716901,1.1677778151588554,0.7267944173845248,0.9847822682236327
44.769264358919145,1.047344775414101,-0.05122935031980537,0.9790663256903945,0.9434867057102496,1.1543056885003438,0.7326677229201555,0.9840002149466787
44.83282583780146,1.0437190933769205,-0.0627863518200247,0.9800253911753352,0.9402942005985571,1.13897359159021,0.7416148096069041,0.9833094394623967
44.89867961778294,1.0392037486614538,-0.07424384721944333,0.9814587201685951,0.9379998720105307,1.1216397274074836,0.7543600166135779,0.9827518269152029
44.96665715100496,1.0337755553391896,-0.08531283771296994,0.9833753763702157,0.936937265680695,1.101987319347458,0.771887212013932,0.9823676707036443
45.03746102254789,1.0273586205136223,-0.09572724261560477,0.9857856796415226,0.9375569235813528,1.0792699642600239,0.7958438829026818,0.9821986555952817
45.11512517916779,1.019535855359156,-0.10536160869746153,0.9888056122804735,0.9407845862867033,1.0511457045878654,0.8304234679855411,0.9823128119961487
45.173871648055815,1.0131728684185917,-0.11098882424052045,0.9912462696460665,0.945460614912271,1.0271890133211847,0.8637322165033572,0.9826244340356941
45.22447071423883,1.0074652670766682,-0.11435760607841777,0.9933666387883368,0.9514039537440193,1.0043916339740269,0.8984162735140119,0.983057417578321
45.268989127744916,1.0023338877288968,-0.11593285687326184,0.995172600193845,0.9583834906180086,0.9824878028617904,0.9342791783742268,0.9835686114337471
45.30903896108871,0.9976843849760838,-0.11602663089209922,0.9966863526491926,0.9662826672912264,0.9611956679522956,0.971369666630157,0.9841344206390703
45.349088794432504,0.9930597268321596,-0.11465659546015125,0.998030117263948,0.9759060756843831,0.9383458468934603,1.013466304475306,0.984800667220341
45.38568060439594,0.9889094271760344,-0.11193750024787205,0.9990493003881243,0.9863322601191238,0.9161171947425637,1.0565473254956839,0.9854958070409506
45.41916136238339,0.9852225711220101,-0.10806784882696968,0.999756283885831,0.997285568269322,0.8947168430677267,1.0998542934709172,0.9862016154420176
45.45008747675054,0.9819523558859878,-0.10320249577220426,1.0001771047827293,1.0085685174423116,0.8741644289003375,1.1429726059842855,0.9869095076660807
45.478888246567955,0.9790597097416904,-0.09747155881009913,1.0003373746705757,1.0199724903898462,0.8544985292460086,1.185446451533684,0.9876132381721203
45.50589584082258,0.9765122991035661,-0.09099049955209963,1.0002625198004866,1.031275302536094,0.8357740845834248,1.2267765204887628,0.9883079621377738
45.531373585533636,0.9742827299608413,-0.08386567126430686,0.9999781782756024,1.0422460670627416,0.8180543659285975,1.2664377681968855,0.9889898296914588
45.55553302380312,0.9723474280779948,-0.07619807625743263,0.9995103977239074,1.0526519071620855,0.8014060728204839,1.3038977415036872,0.9896556899756643
45.57854431613921,0.9706858598232695,-0.06808618865989169,0.9988857376003517,1.0622661885219593,0.7858961878575107,1.3386361891864078,0.9903028615939885
45.60054261891836,0.9692798926414511,-0.059628178860000464,0.9981313092362322,1.0708781082451786,0.7715895436829288,1.3701666728074287,0.9909289538701292
45.62163181429218,0.9681131949017756,-0.050923668100971174,0.9972747453514111,1.0783033200355956,0.7585464575636648,1.3980601825075265,0.9915317293052857
45.641886340382804,0.9671706226210237,-0.04207503925950717,0.9963440723519372,1.08439505943391,0.7468200070282769,1.4219701118395431,0.9921090009871426
45.66135148551191,0.9664375679553109,-0.03318831262105881,0.9953674571491384,1.0890549723469198,0.7364526981628446,1.4416572465309951,0.992658558830191
45.68004213203458,0.9658992616867649,-0.024373694239626056,0.9943728188995405,1.0922426286525788,0.7274724746493224,1.4570127826558352,0.9931781137402674
45.697939315940246,0.9655400265691818,-0.01574620110778509,0.9933873433961468,1.0939826979443348,0.7198882361757944,1.468077159712875,0.9936652356029803
45.71498263728459,0.9653424535569941,-0.007427450212836093,0.9924370289968814,1.094369276166013,0.7136852358984396,1.4750533164335868,0.9941172310874455
45.731053150365945,0.9652863740000871,0.00044864672106006975,0.9915465761560109,1.093568414503932,0.7088208588368066,1.4783159701710573,0.9945308333103213
45.74593026236142,0.9653471790621133,0.007718356190971192,0.9907404470545754,1.091824121977777,0.7052215494947357,1.478426694460818,0.9949013359830371
45.76089249875258,0.9655169748910556,0.01496356315837441,0.989959469517753,1.0891291975798143,0.7025184226259581,1.4757399725336706,0.995260694024307
45.7769735897642,0.9658194333995416,0.0226278231513821,0.9891662389249848,1.0852449206138328,0.7006739050986859,1.4698159361289798,0.995630851243044
45.79402146249646,0.9662731208444906,0.03055960392040767,0.9883914982995609,1.0801157825213947,0.6999489608432118,1.4602826041995778,0.9960038213518644
45.81194671617959,0.9668936718700629,0.03862667945783921,0.9876647383414568,1.0737562078426413,0.7005735305479643,1.446938885137318,0.9963732078204781
45.83069934772413,0.9676944088369566,0.046707558612159465,0.9870144281674346,1.0662503290746357,0.7027549819769788,1.4297456761722924,0.9967336180640818
45.85025951227593,0.968686865147887,0.054689456051933906,0.9864674580503998,1.0577473105134008,0.7066823923603799,1.4088122286664215,0.9970804266462131
45.870632838096014,0.9698812713909101,0.06246794007291857,0.98604837691941,1.048452839454377,0.7125297191433189,1.3843759597654353,0.9974096361322037
45.89184776416835,0.97128700437698,0.06994687803468483,0.9857785933868587,1.0386178123280998,0.7204584064127795,1.35677721824342,0.9977177682871446
45.913953755855395,0.9729129648813517,0.07703811295009352,0.9856755891238534,1.0285255347981095,0.7306191523386597,1.3264319172575592,0.998001759582882
45.93701992101044,0.9747678448724025,0.08366074363634775,0.9857521242336577,1.0184785380614372,0.743152193370581,1.2938048827522934,0.9982588539613256
45.96113386811002,0.9768602534257549,0.08974009803321932,0.9860153845898123,1.008785640435439,0.7581853384285955,1.2593859424422826,0.9984864929560667
45.98640078546351,0.9791986820462025,0.09520656505971899,0.9864660233700806,0.9997493848511148,0.7758289897633022,1.2236697799389273,0.9986822039982761
46.01294278180314,0.9817913008575171,0.09999444614922447,0.9870970761539275,0.9916536047252802,0.796167471071278,1.1871397383792823,0.998843485440273
46.04089860231764,0.984645589769776,0.10404094624164673,0.9878927765095706,0.9847506813101592,0.8192461891515855,1.150255173468733,0.9989676835004327
46.07042400355072,0.9877678305823195,0.10728536160272475,0.9888273646741409,0.979248095233755,0.8450545978548529,1.113441592612657,0.9990518525858834
46.10169345495635,0.9911625293858635,0.109668429648054,0.9898640609257099,0.9752941830134234,0.8735057813221199,1.077082584704727,0.9990925857400399
46.134904607815315,0.9948319183696712,0.11113164476886932,0.9909544503526844,0.9729636233974261,0.9044148621449896,1.0415123846498626,0.9990857940272366
46.17028844904302,0.9987758205213536,0.11161604248169213,0.9920385546977467,0.9722440593418886,0.9374803376044358,1.0070077810793414,0.9990263972267219
46.208130902458855,1.0029923786277912,0.11105938116453676,0.9930457712569922,0.9730261752923455,0.9722744902420472,0.9737778603426439,0.9989078508374488
46.24885484555402,1.0074846081259234,0.10938752178463436,0.9938971717953405,0.9751022674846342,1.0082825674442555,0.941921967525013,0.9987211468858626
46.29309069725349,1.0122633136493668,0.10649663862825795,0.9945052181879046,0.9781709710066385,1.0449038465594045,0.9114380954538726,0.9984531672770927
46.34187898894139,1.0173589601830686,0.1022173493510133,0.9947711825825908,0.9818421473708352,1.0814981854979702,0.8821861092437001,0.998083282350525
46.39736849913726,1.0228691732667934,0.09620235982605363,0.9945708331377655,0.9856440153181023,1.1175852358140794,0.8537027948221253,0.9975730039361896
46.46421104305871,1.0290209105057964,0.08765267428784325,0.9936988763416241,0.988927820916826,1.1527945810452556,0.8250610607883962,0.9968398249596723
46.52925041150244,1.0344212148264358,0.07825386407669496,0.9923251997615874,0.9903399313912357,1.1785654057389408,0.8021144570435306,0.9960125352298342
46.58794617868129,1.0387472971501701,0.06905235979934779,0.9907754831306904,0.9900433808382532,1.1952062047864749,0.7848805568900313,0.9951802651759079
46.64430529836876,1.0423777339035865,0.05970526468852622,0.9891249985449215,0.9884711661304162,1.2059567524288184,0.770985579832014,0.9943154893179288
46.6996215993966,1.0454174277352128,0.050139238047926894,0.9874462829791262,0.9858844280386255,1.2122028232426796,0.7595660328345715,0.9934154314789412
46.75434618439857,1.0478951980290256,0.04036999391920739,0.985809634779244,0.9825134076741907,1.2148177133794307,0.7502091019689507,0.992486874221436
46.80857482761524,1.0498164528186318,0.030453260948328384,0.984279472214719,0.9785800929947956,1.214477149093561,0.7426830368960301,0.9915416899634318
46.86215621340362,1.0511816257244568,0.020478786716370743,0.9829124803899083,0.9743019017351361,1.2117559822874817,0.7368478211827905,0.9905958825264827
46.914702334740014,1.0519979272193358,0.010574689852748911,0.9817551011709776,0.9698914747932974,1.2071748399614535,0.7326081096251414,0.9896692254120654
46.96553890872469,1.0522903050366106,0.0009192515382589819,0.9808402228049495,0.9655565052203287,1.2012359341635845,0.7298770762770728,0.9887851531115651
47.01355050172729,1.0521148481184548,-0.008230267283674753,0.9801832869107098,0.9615046921884249,1.1944721917350505,0.7285371926417995,0.9879716178859405
47.06127449879348,1.0515050708033775,-0.017320465259608474,0.9797454848498052,0.9576036546175419,1.186785317122348,0.7284219921127358,0.9871930393502213
47.11373252472008,1.050335309839937,-0.027265547298082858,0.9795251425906074,0.9535507102275078,1.1773532201167551,0.7297482003382604,0.986382764319937
47.170080138661,1.0485004200607166,-0.03783760263019477,0.9796034165315072,0.9495724717795313,1.1661764961781342,0.7329684473809283,0.9855788298472802
47.229725312077136,1.0459145979430589,-0.04882751787330357,0.9800474450174513,0.94590089896655,1.1532261685670453,0.7385756293660549,0.9848186604199809
47.29212218504388,1.0425173159818364,-0.059999865298104,0.9809074781536676,0.9427886918807509,1.1384442320173511,0.7471331517441507,0.9841414454253239
47.35682246293789,1.0382732892769024,-0.07109343520652839,0.9822131383625775,0.9405117909793814,1.1217020369852726,0.7593215449734902,0.9835865345692923
47.42365679749816,1.0331581606407731,-0.08183484027221959,0.9839753303949119,0.9393847534227706,1.1027167017218502,0.7760528051236911,0.9831920815066847
47.49321171578526,1.0271066753197537,-0.09196579109783416,0.9862029323541353,0.9398226351044139,1.0808355952123125,0.7988096749965153,0.9829972409828642
47.56876781409721,1.0197918828440393,-0.10133068783882794,0.9889810703667657,0.9426179229126949,1.0541310149844756,0.8311048308409141,0.9830608137819213
47.628876376586774,1.0135175216389967,-0.10716231575062744,0.9913580785234118,0.9469996199733219,1.0302842663156584,0.8637149736309854,0.9833329961418981
47.680598345547466,1.0078766841173905,-0.11070509178980661,0.9934337304044853,0.9526575856105056,1.0076223974465324,0.8976927737744789,0.9837336800009711
47.725945178109534,1.0028120480507068,-0.11243241976279526,0.9952036848899606,0.959327674716945,0.9859397795964463,0.9327155698374439,0.9842161329279322
47.766699618095906,0.9982204098086565,-0.1126757722560667,0.9966922652435323,0.9668938673793637,0.9649023263529902,0.968885408405737,0.9847561057626082
47.80745405808228,0.9936476065150149,-0.1114732197651777,0.998020388540224,0.976125300013,0.9423474377315619,1.009903162294438,0.9853969218857341
47.84467168566219,0.9895416307170487,-0.10892833831999157,0.9990343675785102,0.986125905133807,0.9204381009701876,1.0518137092974265,0.9860688456206248
47.87872939550498,0.9858907176626777,-0.105239103631692,0.99974598865499,0.9966301848325847,0.8993629485086546,1.0938974211565147,0.9867537378774244
47.910198917212995,0.9826491836417027,-0.10056015798232425,1.0001801068231475,1.0074468598008912,0.879134788434708,1.1357589311670744,0.9874427635160288
47.93951756031664,0.9797792310418273,-0.09502109498676588,1.0003611932852463,1.0183743930626383,0.8597884551428504,1.1769603309824261,0.9881294302758863
47.96702204984636,0.9772496893712117,-0.08873675545938328,1.0003136387576752,1.0291988202819304,0.8413766085474846,1.2170210320163763,0.9888086683136652
47.992978527773786,0.9750341557032064,-0.08181285108878603,1.000062149113158,1.039698475505301,0.8239610680165838,1.255435882994018,0.9894764260449005
48.01760038327897,0.9731098715530414,-0.07434971798888232,0.9996319234635804,1.0496504401726763,0.8076075810730377,1.2916932992723147,0.9901293744371087
48.041059023322106,0.9714569584431476,-0.0664451002599514,0.9990487310292554,1.0588384156955424,0.7923824669186367,1.325294364472448,0.9907646774867518
48.06349044384705,0.9700577980511156,-0.05819631709367459,0.9983389242533942,1.067061858899499,0.7783500262472881,1.3557736915517098,0.9913798136451444
48.08499906802171,0.9688964527658015,-0.049701951122658225,0.9975293822398313,1.0741460606841746,0.7655700534482569,1.3827220679200922,0.9919724386114012
48.105659643300655,0.9679580733644128,-0.04106309118928375,0.996647360060967,1.079952641866974,0.7540950220397827,1.4058102616941652,0.9925402831750944
48.12551757797278,0.9672282690885885,-0.03238414598257029,0.9957202181723835,1.0843896978239305,0.7439666991289914,1.4248126965188697,0.9930810798136416
48.14458770613832,0.9666924327293032,-0.023773341030583154,0.9947750243739771,1.0874206268449018,0.735212138308241,1.4396291153815628,0.9935925070702665
48.162850843459495,0.9663350174942602,-0.015343296314551749,0.9938380656323704,1.0890706906878957,0.727839208609535,1.4503021727662566,0.9940721280293612
48.1802461692383,0.9661387373443773,-0.007212730650499478,0.99293439173525,1.0894308536542976,0.721831992814771,1.457029714493824,0.9945172706655513
48.19665409816498,0.9660835653128046,0.00048809660434771546,0.9920876804871376,1.0886599131540389,0.7171464722662656,1.460173354041812,0.9949247275355597
48.21185338594982,0.9661450917845626,0.007600719382139381,0.9913211811568032,1.086989835420176,0.7137070429626177,1.4602726278777343,0.9952899257001618
48.227156858002196,0.9663158197605927,0.01469717683903052,0.9905785298556705,1.084410798290832,0.7111594433941727,1.4576621531874911,0.9956444717288793
48.243591142973195,0.9666191917765657,0.022197382685532768,0.9898259903867527,1.0807003631434084,0.7094817011769978,1.451919025109819,0.9960092715469149
48.261004546418256,0.9670735857806139,0.029954594598780544,0.9890929493623755,1.07580810002467,0.7089295433023874,1.4426866567469525,0.9963765275933056
48.27930767230194,0.9676944750717528,0.037840149098834146,0.9884076570439586,1.069750109528793,0.7097287667152571,1.4297714523423286,0.9967399625517298
48.2984504440243,0.9684950268047908,0.04573543167278816,0.9877973744829112,1.062608784868574,0.7120830214026345,1.4131345483345132,0.997094262958254
48.31841291238597,0.9694866050835552,0.05353000109789833,0.9872877944447619,1.0545283773630767,0.7161776711275163,1.3928790835986373,0.9974348533404196
48.339200567841935,0.970679236131587,0.06112130282412383,0.9869022701529118,1.0457069091874742,0.7221825687179486,1.3692312496569998,0.9977577630751238
48.36084166685911,0.9720820362513293,0.06841466824002947,0.9866610088909055,1.0363853676123966,0.7302542490375031,1.34251648618729,0.9980595218132361
48.38338543732678,0.9737035696312342,0.07532305793921933,0.9865802776580248,1.0268353984578609,0.7405372642909761,1.3131335326247457,0.9983370583564307
48.40690068422214,0.97555209767315,0.08176642205855952,0.9866716044893282,1.0173465293515913,0.7531640353312736,1.2815290233719088,0.998587595985477
48.43147463670788,0.9776356896364249,0.08767075950878743,0.9869409322305958,1.0082135240117398,0.7682524832669708,1.248174564756509,0.9988085441955689
48.45721202191241,0.9799621761943914,0.09296703274159761,0.987387685167889,0.9997240130433619,0.7859007284516224,1.2135472976351014,0.9989973875970376
48.48423442360784,0.9825389393425009,0.09759009191176235,0.9880037365393249,0.9921462047335807,0.8061782601113726,1.178114149355789,0.9991515706037044
48.51268007336419,0.9853725464470168,0.10147772080319137,0.9887723119712144,0.985716321392208,0.8291132291688028,1.1423194136156132,0.9992683733048192
48.5427044144708,0.9884682601785593,0.1045698515194248,0.9896669268033869,0.9806254723452827,0.8546760050947486,1.1065749395958169,0.9993447701660285
48.574482193006354,0.9918295008261234,0.10680789569365653,0.9906505271085028,0.9770059964902879,0.8827600054011273,1.0712519875794484,0.999377258259163
48.60821264511285,0.9954574165747297,0.10813396878502761,0.9916750655266773,0.9749179013299768,0.9131621447845999,1.0366736578753537,0.9993616331480342
48.64413089308736,0.9993508474911489,0.1084894696328107,0.9926817511481111,0.9743368227316327,0.9455669752476591,1.0031066702156064,0.9992926726689526
48.68253167791098,1.0035071820497026,0.10781188404153574,0.9936020935705997,0.9751456740853199,0.9795403337531018,0.9707510144175381,0.9991636481944671
48.72386533286432,1.007930010759464,0.10602486688439826,0.994360215666505,0.9771350606774771,1.0145784371334579,0.9396916842214964,0.9989652238041142
48.768791844346566,1.0126296548615106,0.10302005806386738,0.9948718152747964,0.9800072153933801,1.050089755177383,0.9099246756093773,0.998683815785109
48.81843502378187,1.0176388960379328,0.09861667751187175,0.995041462453096,0.9833811052993233,1.0854681629232341,0.8812940476754126,0.9982977553268645
48.875184225914786,1.0230650927943756,0.09243272255878757,0.9947452845551409,0.9867954053011772,1.120301734396613,0.8532890762057412,0.9977654454952372
48.94409198762177,1.0291374976552556,0.08359924308078417,0.993771734170466,0.9895823544513815,1.1541873492298422,0.8249773596729207,0.9969978201953053
49.0086926845592,1.0342417096779801,0.07427663518172216,0.9923835632984599,0.9904856236194661,1.1778190345606496,0.8031522126782826,0.9961686083146376
49.06726023221023,1.0383271531632527,0.06513922298842116,0.9908564659051107,0.9898468879420819,1.1930169815493585,0.7866767943348051,0.9953364582377185
49.123595861941716,1.0417374326400723,0.05585924119543373,0.9892542065887848,0.9880470025440984,1.202701652324626,0.7733923527635708,0.9944750137798369
49.17886013887295,1.044564062234006,0.046380556484392724,0.9876453738405587,0.985330053591938,1.2081388217515079,0.7625212854323681,0.9935832271464514
49.23344076501531,1.0468333015693787,0.036728733299459415,0.9860962734085739,0.9819168992242342,1.2101493827308099,0.7536844157176587,0.9926689250974073
49.28738295690449,1.0485521466258398,0.026968512837860347,0.9846669992104917,0.9780215810688169,1.2093776283221656,0.7466655338154683,0.9917447687833675
49.340485226139194,1.0497254387231307,0.017198873348330385,0.9834092719804588,0.9738534510729611,1.2063773694983304,0.7413295326475916,0.9908272823441328
49.39230295934919,1.0503672203190244,0.007557818068097813,0.9823637842528335,0.9696164532369526,1.2016558067569751,0.73757709971693,0.9899364328445429
49.44208554600127,1.0505115914715748,-0.0017642387403600697,0.9815569547681396,0.9655093196927764,1.1957105869021205,0.7353080524834323,0.9890955788133159
49.48857341191069,1.0502268086500612,-0.010487926359775692,0.9809973396949982,0.961733424400524,1.1890877533156785,0.7343790954853696,0.9883329066065482
49.53728410681149,1.04949356342741,-0.01961234265063718,0.9806264380113799,0.9579220158864943,1.181175566609102,0.7346684651638866,0.9875664749188542
49.590303464942245,1.0481917403708645,-0.029479840613762555,0.9804857408801869,0.9540322290138833,1.1715498312577213,0.7365146267700453,0.9867813284226529
49.646924669079155,1.046227204854269,-0.039883569737338795,0.980647491772984,0.9502787161209924,1.1601952809010536,0.7403621513409311,0.9860127156832019
49.7065954765272,1.0435256977150196,-0.05061604671968184,0.9811705434363982,0.9468886846230846,1.1470758072830045,0.7467015619631647,0.9852964990679345
49.76882349291844,1.040036767676478,-0.06144528461759366,0.9820969097690638,0.9441095972099647,1.1321192611802438,0.7560999332396857,0.9846697596972668
49.833252771748455,1.0357306545520881,-0.07211825141159657,0.9834494715990147,0.9422138921508578,1.115169895080869,0.7692578892208466,0.9841693345785937
49.89988446850535,1.0305784948530612,-0.0823753522210751,0.9852362961659864,0.9415213346133551,1.0958884713449657,0.7871541978817445,0.9838312054195696
49.969700023256635,1.0244843137815107,-0.09198022892330382,0.9874731484632797,0.9424836427180101,1.0734690138231278,0.8114982716128926,0.9836946707242109
50.04782328449753,1.0169369384649152,-0.10085666239017485,0.9903054693666021,0.9461203119813237,1.045181261222169,0.8470593627404784,0.983832432173167
50.104688596063276,1.011057031768348,-0.10568109701999331,0.9924847224409119,0.950886373357926,1.0220871565841578,0.8796855901316943,0.9841403992064249
50.15397330542898,1.0057744721846253,-0.10844503604980207,0.9943705225383112,0.9567791158645715,1.0001236625262573,0.9134345692028858,0.9845561654238402
50.19768867142958,1.001004303984392,-0.10956506180698093,0.995974139237186,0.963606085704177,0.9789915328098636,0.9482206385984906,0.9850437725952771
50.241404037430186,0.9962166582533546,-0.10920613155800445,0.9974440616119692,0.9721414435691709,0.9562270831474302,0.9880558039909115,0.9856442184954458
50.280980417968415,0.9919253716148927,-0.10740423384148698,0.998596166436356,0.9814861893373443,0.9341969581369224,1.0287754205377664,0.9862844479576858
50.31697883446916,0.9881092193009412,-0.10438090865208571,0.9994426495363133,0.9913899903950271,0.9130346540894125,1.0697453267006416,0.9869444957981158
50.35009979991461,0.9847159107049599,-0.10030713099309,1.0000085780013275,1.0016752707491392,0.8927170496072491,1.1106334918910294,0.9876141864795401
50.38085593326805,0.9817044476232105,-0.09532163594150336,1.000317727592621,1.012153726117457,0.8732602446196026,1.1510472076153113,0.9882860091597557
50.4096317101842,0.9790419740341683,-0.08954459037630838,1.0003934799473169,1.0226236930854617,0.8547070576926912,1.1905403284782325,0.988954102204931
50.43672641426515,0.9767010434363573,-0.08308473772688053,1.000259469045663,1.0328742531990966,0.8371141189933357,1.2286343874048575,0.9896138025362039
50.46237819782378,0.974658154884439,-0.07604385547362257,0.9999398367454271,1.0426908483087738,0.8205446760240308,1.2648370205935169,0.990261314966181
50.48677817359968,0.9728928618294641,-0.06851989932695352,0.9994593285579908,1.0518622345710131,0.8050642965274502,1.298660172614576,0.9908934556161529
50.51007894800188,0.9713871171986777,-0.06060938251202319,0.9988433122206578,1.0601886985205962,0.7907378589740222,1.3296395380671702,0.9915074519559232
50.532399734547916,0.9701247016339085,-0.052409218766086604,0.9981177322534425,1.0674913007606317,0.7776269558990416,1.3573556456222218,0.9921007880939626
50.55382916198111,0.9690906600567681,-0.0440181071026722,0.9973089845578083,1.0736217281074876,0.7657871760467739,1.381456280168201,0.9926710878361514
50.57442635941014,0.9682707101531279,-0.03553747834724328,0.9964436860917366,1.078472116332373,0.7552649386721988,1.401679293992547,0.9932160295513488
50.59422050967299,0.9676506088784245,-0.027072060428584614,0.9955483231333281,1.081983993351166,0.7460937404635037,1.417874246238828,0.9937332846583573
50.613208571067844,0.9672154741530002,-0.018730297900027663,0.9946487918633441,1.0841554028886573,0.7382898733018443,1.4300209324754705,0.994220463349672
50.63134994816096,0.9669490500098775,-0.01062528889976224,0.9937699050319193,1.0850455049310719,0.7318478530797122,1.4382431567824316,0.9946750322670597
50.648554765443684,0.9668328484145595,-0.0028778733168360483,0.9929350488677905,1.0847768386979806,0.7267358987532359,1.4428177786427254,0.9950941255999295
50.66465634495593,0.9668449245224877,0.004373871814080949,0.992166426310159,1.0835377137765474,0.7228917886881483,1.4441836388649465,0.9954740503536708
50.67966142084786,0.966961017189157,0.011089835311125812,0.9914724443329508,1.0815423184793023,0.7201696156974364,1.442915021261168,0.9958161219560835
50.69591155473888,0.9671997471455915,0.01827272706852292,0.9907566689876514,1.0785114180494064,0.7181938849624101,1.4388289511364025,0.9961723149732502
50.7132129973787,0.967580988231629,0.025767164901393948,0.9900480495107704,1.074369270942646,0.7172336684874079,1.4315048733978843,0.9965339990898086
50.73145206962347,0.9681213388845256,0.033441622492519196,0.9893740708247019,1.0691029396881133,0.7175230013878081,1.4206828779884186,0.9968944352864125
50.75056162295851,0.9688348367704991,0.04117605551169344,0.9887613901050921,1.0627634326945834,0.7192716350703491,1.4062552303188176,0.9972479813681087
50.77050813713822,0.9697334820527056,0.0488586325251357,0.9882354250536141,1.0554632172057372,0.7226695752182134,1.3882568591932611,0.9975897914079774
50.79128534967396,0.9708276975038481,0.05638500658269591,0.9878196360622769,1.0473700895080627,0.7278898759226546,1.3668503030934707,0.9979156573118221
50.812910822072,0.9721267572536627,0.0636583301785357,0.9875347208960911,1.0386979346588991,0.7350907433200441,1.342305125997754,0.9982219000039678
50.83542380987385,0.9736391636354937,0.07058920813190481,0.9873978095093474,1.029695439665602,0.7444169606213299,1.3149739187098741,0.9985052717536548
50.858883706246495,0.9753729350184167,0.07709530503920325,0.9874216694832728,1.020633846777189,0.7560001486362591,1.285267544918119,0.9987628561987111
50.88336877779658,0.9773357704511809,0.08310060616848443,0.9876138926476726,1.0117945241898227,0.7699571832867109,1.2536318650929346,0.9989919636587591
50.90897512714024,0.9795350677856335,0.08853445733959119,0.9879760251403118,1.0034567058233743,0.7863860754590357,1.220527336187713,0.9991900225326211
50.9358159209077,0.9819777844239281,0.09333053782986056,0.9885026206584218,0.9958853791584291,0.8053587131223936,1.1864120451944646,0.999354466647669
50.96402100673851,0.9846701436750538,0.09742589461623288,0.9891802345463898,0.9893190783709764,0.8269100754449985,1.1517280812969544,0.9994826156990805
50.993737191129135,0.9876172094474582,0.10076011022115942,0.9899864302327387,0.9839573195568441,0.8510239224662041,1.1168907166474842,0.9995715424452997
51.02512976661576,0.990822386724216,0.10327459193359113,0.9908889334931749,0.9799476247854398,0.8776156568447964,1.0822795927260833,0.999617916001101
51.058386504231855,0.9942869661069393,0.1049118320834518,0.9918451300061948,0.9773725388786456,0.906514139310356,1.0482309384469353,0.9996178037370819
51.0937265188491,0.9980099315963463,0.10561424452563947,0.9928021265916877,0.9762377071001433,0.9374456943680501,1.0150297198322364,0.9995664008739735
51.1314187034559,1.001988414028344,0.10532173096391671,0.9936975302813293,0.9764627794041181,0.9700251215964296,0.9829004372118064,0.9994576273342801
51.1718396305614,1.006221585006711,0.10396531113429265,0.9944611826110524,0.9778781935714753,1.003776429613081,0.9519799575298697,0.9992833594384559
51.21557384698356,1.0107171115068732,0.10145104078890489,0.9950160555208087,0.9802301763793958,1.0381682292015133,0.9222921235572783,0.9990318981910217
51.263520312593954,1.0154938800792952,0.0976334939325637,0.9952757054610982,0.9831826944196083,1.0726018391902055,0.893763549649011,0.998685523083687
51.317455842501566,1.0206189228301037,0.09223222566040107,0.995135789621366,0.9863236536729005,1.106586336641853,0.866060970703948,0.9982127194012167
51.38174414451019,1.0263078706742197,0.08454752397560442,0.994427427548891,0.9891295340848965,1.1400381945755953,0.8382208735941977,0.9975419468998508
51.442197808578136,1.0311749493487115,0.07632868691092225,0.9933205534756296,0.9904399623303728,1.1645009977065928,0.8163789269541527,0.9968137532135608
51.50265147264608,1.0355211636150714,0.06734416656317817,0.991903265275144,0.9903410958197418,1.1825920784127946,0.7980901132266891,0.9960015187702144
51.56006626617229,1.0391288078774419,0.058243088976207946,0.9903781619072909,0.9890059916898457,1.194457272459716,0.7835547109199755,0.9951631501497014
51.61586041993937,1.0421215817546632,0.048973728414386096,0.9888230536247726,0.9866987479391124,1.2016433084996556,0.7717541873785692,0.994297200954669
51.670717828512466,1.044550536189579,0.03953363146125488,0.9873031437886146,0.9836397321050787,1.2051201837209842,0.7621592804891734,0.9934081438732033
51.72482859751357,1.0464320331175898,0.029972643680124297,0.9858788044282024,0.9800385694390985,1.2055914389091054,0.7544856999690915,0.9925065229718335
51.77809847654297,1.0477737538026524,0.020375757192588963,0.9846029598760037,0.9760998555332536,1.2036378389085594,0.748561872157948,0.9916069688915161
51.83019350011046,1.0485878960474841,0.01086322692845552,0.9835186556810007,0.9720228748983857,1.1997759559186725,0.7442697938780989,0.9907274886304458
51.88051208604862,1.0489016597844893,0.0015988309206194252,0.9826561952414631,0.9680007722275703,1.1944960974615673,0.7415054469935733,0.9898891532841564
51.9280619477423,1.0487688379431128,-0.0071876492979748765,0.9820299495942684,0.9642236264718939,1.1883068873586464,0.7401403655851413,0.9891166144479121
51.974535861877165,1.0482352619274424,-0.015771264903464234,0.9816104035630755,0.9606352884081689,1.1812730759379837,0.7399975008783541,0.9883886995596585
52.02554808773435,1.047191279228372,-0.025147873316592458,0.9813818689158403,0.9568984327814753,1.1725535039858725,0.7412433615770783,0.9876304536407317
52.08027610050119,1.0455419792220133,-0.035101395625470544,0.9814170032077848,0.9532193830324874,1.1621381820056942,0.7443005840592807,0.9868763033776559
52.13816495371936,1.0432096571588376,-0.04543828031909647,0.9817760162824175,0.9498089273959791,1.1499948768834833,0.749622977908475,0.9861596063394465
52.19872452825751,1.0401379283043686,-0.05594504650749545,0.9825048120806125,0.9468967577522358,1.1360687349878256,0.7577247805166462,0.98551511410403
52.26156517229922,1.0362913755488388,-0.06638672773811172,0.983631979091337,0.944734191484877,1.1202459937449174,0.7692223892248367,0.9849778824811125
52.32654278795769,1.0316444174830606,-0.07651572452401484,0.9851698623601023,0.94360696133643,1.1022840779629215,0.7849298447099383,0.9845822795957941
52.394142252203274,1.0261420188263366,-0.0860909677197445,0.9871263936886049,0.9438833848016337,1.08163974735642,0.8061270222468473,0.9843635290200584
52.46691313762825,1.019544746307552,-0.09493517304685213,0.9895579000019863,0.946212635229507,1.0568150473051328,0.8356102231538812,0.984370423616124
52.530189209318145,1.013336547823655,-0.10100322966626889,0.9918499916592353,0.9503545828014708,1.0326646699241462,0.8680444956787954,0.9845976289090325
52.582984767816285,1.0079027211360438,-0.10459069945279809,0.993803033683039,0.9556485679772746,1.0104222476945184,0.9008748882600307,0.9849540567693277
52.62920808533711,1.0030215154532187,-0.10637972956281468,0.9954722060246577,0.9619049784355398,0.9892243062448608,0.9345856506262187,0.9853951894304593
52.67074250805533,0.998591707597426,-0.10671028734902777,0.9968799124828699,0.9690006979871311,0.968717774216077,0.9692836217581852,0.9858960703817861
52.712276930773555,0.9941766462972332,-0.1056368720666145,0.998139890929727,0.9776404874444147,0.9467982741276876,1.0084827007611419,0.9864958648943407
52.75023163361183,0.9902079077197532,-0.10325667879704531,0.9991068352361251,0.9869748795285006,0.9255600030983375,1.0483897559586637,0.9871289585212276
52.785012520996005,0.9866734812695909,-0.0997631038360054,0.9997916222467633,0.9967537564911806,0.9051656634020909,1.0883418495802701,0.9877777616653273
52.81719966959114,0.9835308273709646,-0.09530718437643601,1.0002169760378627,1.0067950142141922,0.8856205176349575,1.1279695107934267,0.988433310365201
52.84723221565101,0.9807451559397304,-0.09001551585948024,1.000405390524889,1.0169079752455654,0.8669551609808976,1.1668607895102332,0.989088906425074
52.875446328980296,0.9782878867555139,-0.0840004849557744,1.0003794921198261,1.026891874933824,0.849219343093167,1.204564406774481,0.9897392527421743
52.902106682793125,0.9761347842473043,-0.07736578444567158,1.0001624056089833,1.0365405194449786,0.8324727115370831,1.2406083273528739,0.9903800663207073
52.92742480168985,0.9742648700830251,-0.07021003014118965,0.9997778891872092,1.0456484439911902,0.8167792604173904,1.27451762756499,0.9910077933796471
52.95156999294547,0.9726596997232665,-0.06262939520010141,0.9992503634114793,1.0540183114323314,0.8022037211055124,1.3058329017591503,0.9916193878862747
52.974675940240786,0.9713027806783805,-0.05471961806368,0.9986048736330553,1.0614693817015066,0.7888087349902855,1.334130028412728,0.9922121395670618
52.99684451226402,0.970179027522058,-0.04657752341444056,0.997866981918653,1.0678467178687971,0.7766521390944993,1.359041296643095,0.99278354244674
53.018147607159534,0.9692742022783911,-0.03830209731830151,0.9970625675098707,1.0730305996720553,0.7657839521968567,1.380277247147254,0.9933311976545325
53.038627406703704,0.9685743179758565,-0.02999515076741444,0.9962175156333589,1.0769454057795982,0.7562428438696083,1.3976479676895883,0.9938527437186689
53.058294982590986,0.9680649995022605,-0.021761712236389265,0.9953572940363564,1.0795670834310047,0.748052059418209,1.4110821074438002,0.9943458024049465
53.07712651084932,0.967730797077238,-0.01371057971043689,0.9945064602301524,1.080928401649015,0.7412149575129561,1.4206418457850738,0.9948079151931476
53.0950549019944,0.9675544172848296,-0.005956109262393221,0.9936882211608501,1.0811217243414517,0.7357104394626678,1.4265330092202355,0.9952364167945207
53.1119509337778,0.9675157299692153,0.0013761053444835553,0.9929243230722317,1.0803004851255347,0.7314885370063524,1.4291124332447172,0.9956281202288677
53.12757565299773,0.967590068961979,0.008131942582787734,0.9922360008861456,1.0786843620305975,0.7284663444961128,1.4289023795650824,0.9959784493058353
53.14364484818874,0.9677761403053373,0.015011793724852196,0.9915573686322603,1.076196697126166,0.7262807037023268,1.4261126905500054,0.9963255621901815
53.160844014972184,0.9680968073533713,0.022251559194357687,0.9908757513902441,1.0726688889240372,0.7250116295867574,1.4203261482613172,0.9966810213584164
53.17903123384057,0.9685697129251829,0.029715375240216294,0.9902180156814627,1.068065583432719,0.7249012955081101,1.4112298713573281,0.997037568790383
53.198122385870256,0.9692097218420185,0.03728205269233312,0.9896101315605051,1.0624122786617274,0.7261648714092485,1.3986596859142062,0.9973892596368155
53.21807108210166,0.9700294631315848,0.0448389576005886,0.9890770757012993,1.0557946299446714,0.7289965142776221,1.3825927456117206,0.9977310106029791
53.23886026386011,0.9710397899091421,0.052280650890144886,0.9886421909816613,1.0483540088631684,0.7335723228918279,1.363135694834509,0.9980584074940191
53.26049783230524,0.9722502032154307,0.05950878418568154,0.9883263981516175,1.0402797763899927,0.7400523552047945,1.3405071975751908,0.99836758750782
53.28301410039818,0.9736692362262795,0.06643217869074908,0.9881473844471099,1.0317991074874304,0.7485820348829604,1.3150161800919002,0.9986551430809264
53.306460048936735,0.9753047666324817,0.0729666421630257,0.9881188061506333,1.0231654203549696,0.759292627227454,1.287038213482485,0.9989180264012504
53.33090595747731,0.9771642212472408,0.07903442833484939,0.9882494917742805,1.0146462902844189,0.7723001813506645,1.2569923992181733,0.9991534488649901
53.35644027689609,0.9792546454093405,0.08456341993962133,0.9885426138807832,1.0065113613632017,0.7877022705728834,1.2253204521535201,0.9993587755178466
53.38316875475113,0.9815826221870325,0.08948617837308548,0.9889948058503878,0.9990203934159262,0.8055719323647421,1.1924688544671103,0.9995314150133748
53.41121391800274,0.9841540402224407,0.09373899622774129,0.9895952296813646,0.9924113180995621,0.8259483910862437,1.1588742451128804,0.9996687035564037
53.44071514331026,0.9869737267232869,0.0972610434039427,0.9903246471609485,0.9868880926549506,0.848824480930173,1.1249517043797281,0.9997677781404647
53.47182979769878,0.990044990549001,0.09999362344599791,0.991154603768016,0.9826082650924428,0.8741312613706109,1.0910852688142747,0.9998254304522943
53.50473643505277,0.9933691690919481,0.10187943993620512,0.9920468914024954,0.9796705162343591,0.9017212205895071,1.057619811879211,0.999837927040937
53.53964199005257,0.9969453534258097,0.10286157327391868,0.9929534887004768,0.9781029970995141,0.9313527016955859,1.0248532925034421,0.9998007706772908
53.57679673102736,1.000770596329696,0.10288150823979109,0.993817142565564,0.9778539099812014,0.962679597260408,0.9930282227019946,0.9997083551360636
53.61652446708814,1.0048411341075645,0.10187486266150887,0.9945725832232037,0.9787861964984981,0.9952516182358699,0.9623207747611261,0.9995534133945436
53.659360783624216,1.0091632704286202,0.09975731808595313,0.9951487370849416,0.9806818355953311,1.0285889178158685,0.9327747533747937,0.9993255674831246
53.70606404529665,1.013747884453226,0.09640509218615369,0.9954658828433023,0.9832429642572723,1.0621137959275821,0.9043721325869625,0.9990096616726587
53.75804727723656,1.0186388431343898,0.09159666864978086,0.9954316799349754,0.9860973576684298,1.0953025005910533,0.8768922147458061,0.9985802244436122
53.818609525692345,1.0239865917574593,0.08481592961796802,0.9949120888786003,0.9887868659346324,1.1279489136673337,0.849624818201931,0.9979834117679596
53.88130812187426,1.029055623279462,0.07671604896522431,0.9939137531212295,0.9903773783684837,1.1547793781639601,0.8259753785730073,0.9972650480708551
53.94400671805618,1.0335882926996378,0.06774020401323017,0.9925631069512445,0.9905486864298354,1.1748255589557508,0.80627181390392,0.9964553376818585
54.00237315286904,1.0372824934915454,0.05875652346034727,0.9911005310741059,0.9894508085051821,1.187928625873984,0.79097299113638,0.9956307218914308
54.05859940876267,1.0403318572570501,0.04964430007191818,0.9896001642375095,0.9873716833325218,1.1960771078698258,0.7786662587952178,0.9947830642794455
54.11365246222249,1.0428111579197026,0.04037426499640094,0.9881242569835651,0.9845303238611064,1.200371459889113,0.7686891878330997,0.9939139017445127
54.167829493721115,1.0447452618830502,0.030986690945472288,0.9867319334828789,0.9811311830206988,1.2015566060078222,0.7607057600335755,0.993032397573276
54.22110074977056,1.046145606339942,0.02155956383430072,0.9854754609075241,0.9773733098397266,1.2002290247395773,0.754517594939876,0.992152053787674
54.27319009857959,1.0470254681919677,0.012204722083719727,0.9843977842407948,0.9734504882005603,1.1969097195013796,0.749991256899741,0.9912896918585713
54.32356696411198,1.047410557996621,0.0030734381019254034,0.9835298720394275,0.9695500669074409,1.192085084813458,0.7470150490014238,0.9904649921398725
54.37135338986345,1.0473496363985644,-0.0056262624732152725,0.9828878199117993,0.9658544758932499,1.1862477853697637,0.7454611664167362,0.989700706637417
54.41658088250902,1.0469088990036468,-0.013860993765934918,0.9824579642645089,0.9624390797509987,1.179733407210423,0.7451447522915745,0.989001684499814
54.46640340429865,1.0459930181300234,-0.02289473522852649,0.9821974227425632,0.9588496152406683,1.1715639698903557,0.7461352605909809,0.9882681787555408
54.51995183839942,1.0445090421126495,-0.03250984540359572,0.9821769585504396,0.9552841570653597,1.1617268532634033,0.7488414608673162,0.9875335262173854
54.576673150758474,1.0423800962723986,-0.04252087708299491,0.9824554533339365,0.9519420075549541,1.150189369330054,0.753694645779854,0.9868292143408406
54.63608901431517,1.0395488239581172,-0.05272622221858658,0.9830789713710236,0.9490402949763974,1.1369024655817044,0.7611781243710904,0.9861880258092748
54.69781296887702,1.035977665839954,-0.06290422263480704,0.9840778118878079,0.9468163302597331,1.1217692055187165,0.7718634550007497,0.9856432375926397
54.76166345995794,1.0316408524942946,-0.07281905686722369,0.9854665478775512,0.9455372204149028,1.1045866725443494,0.7864877682854564,0.9852276672689432
54.827963260246776,1.0264951586919324,-0.08223532656178636,0.9872521323238186,0.9455357359835779,1.0849120015899765,0.8061594703771794,0.9849744626269538
54.8985445002288,1.0203740945589799,-0.09095586611417106,0.9894689953981994,0.9473471257911817,1.061609979774441,0.8330842718079225,0.9849253650006787
54.96772922134214,1.0138339255760758,-0.09778384886729367,0.9918572743833489,0.9513610608604374,1.036026067151309,0.8666960545695657,0.9851171145519113
55.021815085028976,1.0084352309191318,-0.10159986725886222,0.9937837179872318,0.9563816879777456,1.0138614812237035,0.8989018947317876,0.9854429232877997
55.06904261600855,1.0035846721201216,-0.10358241984943913,0.9954357684656845,0.962366795443153,0.9927902531689468,0.9319433377173593,0.9858586167768114
55.11137458156896,0.9991845106679991,-0.10408958748104613,0.9968331919083974,0.9691779227814684,0.9724587119994074,0.9658971335635295,0.9863370541921029
55.15370654712937,0.9947917174357427,-0.10320167206364507,0.998091589118778,0.9775002607174704,0.9507310098506234,1.0042695115843174,0.9869156516860004
55.19233789222741,0.9908428253618347,-0.10100348893557284,0.9990638114615393,0.9864989547272349,0.9297126501083663,1.0432852593461035,0.9875296454845858
55.22771807219285,0.987324058980418,-0.09769066383382251,0.9997605214031684,0.9959319496250413,0.9095475664088617,1.0823163328412209,0.988161369843491
55.26045275173433,0.9841928632684678,-0.09341552470224886,1.0002037330313576,1.0056227436644742,0.8902321916894512,1.1210132956394971,0.9888016220139435
55.290994858860195,0.9814149677420145,-0.08830500195278512,1.0004151264543544,1.0153866514287442,0.8717923842640821,1.1589809185934061,0.9894434837545304
55.31968864815144,0.978962427050331,-0.08247138909563605,1.000416530027644,1.0250294595789187,0.854275122634322,1.1957837965235154,0.9900814626126159
55.34680398753905,0.9768116051974907,-0.07601806425920414,1.0002303182909589,1.0343519674461783,0.8377383203965768,1.2309656144957797,0.99071110481961
55.37255599659062,0.9749420415388451,-0.06904317236534656,0.9998795463672481,1.0431559102793713,0.8222448331635696,1.2640669873951729,0.9913287095206351
55.397116624579596,0.973335719292723,-0.06164226567265254,0.9993879670808591,1.0512510443288354,0.8078586081967745,1.2946434804608962,0.9919311064238987
55.42062160157855,0.9719764907596993,-0.05391029125027924,0.9987799785170817,1.0584632393346,0.7946417115534424,1.3222847671157576,0.9925154831239907
55.44317446388741,0.970849545766031,-0.0459430805067407,0.9980805019350856,1.0646432564267831,0.7826515260957372,1.346634986757829,0.9930792531083426
55.464848544434254,0.9699408687376623,-0.0378383911332496,0.9973147716340942,1.0696757024327432,0.7719376945207951,1.3674137103446915,0.9936199581130996
55.48568733802369,0.9692366609887174,-0.029696540371143623,0.9965080183441707,1.0734874549405353,0.7625385838591036,1.3844363260219672,0.9941351980578969
55.50570321032442,0.9687227218189349,-0.021620766086761237,0.9956850457932327,1.0760547214511709,0.7544772360728164,1.3976322068295255,0.9946225769729595
55.52487374481241,0.9683837837941035,-0.013717721763760312,0.9948697404792781,1.0774079703000186,0.7477569445542065,1.4070589960458308,0.9950796412160318
55.54313362904829,0.9682027691220026,-0.006099109313778625,0.9940846265828557,1.0776344702964709,0.7423567038746726,1.4129122367182694,0.9955037596764624
55.56035645525716,0.9681598341172194,0.0011131047396742404,0.993350717489836,1.076879492954331,0.7382267406120413,1.4155322452966206,0.9958918297687277
55.57630934131304,0.968230754101664,0.007770899042244811,0.9926883087870497,1.0753506380068147,0.7352841510686424,1.415417124944987,0.9962394780578147
55.59261980282445,0.9684125989409108,0.014512574270184129,0.9920391816023765,1.0729942725770734,0.7331917175713177,1.4127968275828289,0.9965819201607253
55.61007615644666,0.9687280814336197,0.02160818728372896,0.9913874493430371,1.0696432396488107,0.7320119651666201,1.4072745141310015,0.9969326057904964
55.62853406291458,0.969194780848181,0.028924666829361942,0.9907589898935266,1.0652631301855424,0.7319837983367374,1.3985424620343474,0.9972843576255181
55.647907837209466,0.9698274978197868,0.03634319148055508,0.9901788311417236,1.059877826500027,0.7333194826572179,1.386436170342836,0.9976312877007363
55.668149857359715,0.9706387850216218,0.043753101738485387,0.9896710431450396,1.0535689431152415,0.7362103791508882,1.3709275070795948,0.997968348625699
55.68924198744166,0.9716393923536983,0.05105056004044605,0.989258098181585,1.0464716908041736,0.7408296422023287,1.3521137394060185,0.9982911444149899
55.71119110918747,0.9728386747328387,0.05813846807586723,0.9889600843657911,1.0387675630579967,0.7473339642691545,1.330201161846839,0.9985958156706123
55.73402652490513,0.9742449613182851,0.06492658784128072,0.9887938948403849,1.030674600482039,0.7558647045414041,1.3054844964226742,0.9988789463706793
55.75779819226097,0.9758658557058628,0.07133142075903476,0.9887724316822469,1.0224362184669582,0.7665481065072549,1.2783243304266614,0.999137471200892
55.7825753478242,0.9777084320428628,0.07727573968622731,0.9889038158501166,1.0143094430713666,0.779494031191641,1.2491248549510925,0.9993685773858434
55.80844538024476,0.9797793000263143,0.08268784410420367,0.989190576591332,1.006553069139312,0.7947925728611985,1.2183135654174255,0.9995696008538792
55.83551296831173,0.9820845243340824,0.0875006730448517,0.9896288016427915,0.9994159076577104,0.8125080038661132,1.1863238114493075,0.999737917268518
55.863899603136595,0.984629398538496,0.091650906003025,0.9902072581694095,0.9931250458489239,0.8326696933024866,1.1535803983953612,0.999870826563723
55.893743749367204,0.9874180919278086,0.09507813718433417,0.9909065383656687,0.9878739698779218,0.855259992941067,1.1204879468147766,0.9999654265357946
55.92520216449516,0.9904532164267879,0.09772413325751975,0.9916983366021898,0.9838105264894952,0.8801996598918375,1.087421393087153,1.000018467078231
55.95845340896336,0.9937354084957285,0.09953206538394277,0.992545015104998,0.9810250357578203,0.9073322549202613,1.0547178165953792,1.0000261706844533
55.993705552362556,0.9972630986217963,0.10044540446009406,0.9933996388749438,0.9795393761820997,0.9364101072751736,1.0226686450890259,0.9999839937681841
56.031211941580764,1.0010327662510372,0.10040580631396823,0.9942066164837405,0.9792984144911624,0.9670857031330141,0.9915111258493107,0.9998862798159863
56.07130564342982,1.0050404862666347,0.09934850424396172,0.9949029505927094,0.9801655576521338,0.998915688267046,0.9614154270372214,0.9997256876630867
56.11453547996733,1.0092921447350103,0.09718780199085444,0.995420115130249,0.9819271292865457,1.0314301795571812,0.9324240790159101,0.9994917237491047
56.16168552884504,1.0137985225235118,0.0937969433719804,0.9956812759471483,0.9842932865762926,1.0640696104845244,0.9045169626680606,0.999169023385724
56.21423727210535,1.0186047762292745,0.08894615393355715,0.9955967000955142,0.9869024055563411,1.0963403669695018,0.8774644441431804,0.9987314821845278
56.27574553567208,1.0238706286232635,0.08208628450564252,0.9950319976439729,0.9893050851696064,1.1281029893675238,0.850507180971689,0.9981224164723854
56.33829806595222,1.0287590131565794,0.07405215217535999,0.9940255405308177,0.9905940061811844,1.153647961043429,0.82754005131894,0.9974050374458876
56.40085059623237,1.033117203633617,0.06516659840325567,0.9926953704695133,0.9905396238014925,1.1726877108925702,0.8083915367104149,0.9966000025752363
56.45918475108574,1.036661637528872,0.05626746316862352,0.9912697236090734,0.9893039663699826,1.1851026960061908,0.7935052367337745,0.9957816502643726
56.51535269835124,1.0395707028435082,0.047251979835830196,0.9898194491412212,0.9871558970064651,1.1927527659522985,0.7815590280606316,0.9949434053908578
56.570279348184556,1.0419160447863294,0.03809771161481236,0.9884037613630539,0.9843047348212525,1.1966905976289495,0.7719188720135555,0.9940873971914947
56.62423570124319,1.0437231585859172,0.028849674728729166,0.9870786482319784,0.9809476089251056,1.1976352663611305,0.7642599514890807,0.9932231028463516
56.67716868506478,1.0450058834805809,0.01959001674077846,0.9858930242690578,0.9772765625789623,1.1961657483171544,0.7583873768407703,0.992364127774233
56.72877872985024,1.0457810984619649,0.010434240171911597,0.9848862151838966,0.9734780881811291,1.1927904389199397,0.7541657374423186,0.9915271533372535
56.77850751900023,1.0460789759819618,0.0015370615856582365,0.9840853910142926,0.9697319025798483,1.1879873955737728,0.751476409585924,0.9907314801998172
56.825430868883835,1.0459534693790893,-0.006888375551628441,0.98350288692262,0.966213176006123,1.1822471890083317,0.7501791630039143,0.989999398548755
56.871223999248606,1.0454498101930234,-0.01510499108510695,0.9831111010843875,0.9628711968615097,1.1756488195814971,0.7500935741415222,0.9893105584237163
56.92132233035589,1.04446878881043,-0.02404702477448021,0.9828946655756555,0.9593992696714013,1.1674191209513751,0.7513794183914274,0.9885950723649141
56.974951752419926,1.0429247256779448,-0.03351230129738465,0.9829185560285043,0.9559865493741961,1.1575380255960896,0.7544350731523025,0.9878842523967196
57.03159218033749,1.040747738759723,-0.04331902175504887,0.9832365860420965,0.9528276011338104,1.1459699782981485,0.7596852239694724,0.9872083633168804
57.09079998675638,1.037886567459683,-0.05326941864799645,0.9838899400660454,0.9501345073925342,1.132660285800359,0.7676087289847094,0.9865987486541581
57.15223799541697,1.0343076628882688,-0.06314759527085959,0.9849047913098398,0.9481398332028377,1.117501713768707,0.7787779526369683,0.9860870417152229
57.21580281193138,1.029985321610669,-0.07272577511024737,0.9862932106310505,0.9471084898409085,1.1002717490237197,0.7939452306580972,0.9857044779098161
57.281963967060825,1.0248683490311115,-0.08177866181845178,0.9880627528456496,0.9473797928875575,1.0804816999190632,0.8142778858560518,0.9854832929870533
57.35299848020576,1.0187531621125283,-0.09012638205927409,0.9902582192763619,0.9495329292139472,1.0568265222499027,0.8422393361779917,0.9854670793851813
57.41818555393752,1.0126719164589346,-0.09615593281867428,0.9924481735059587,0.9535868562377094,1.032595035418341,0.8745786770570779,0.9856703307474758
57.47130495677096,1.0074660882053843,-0.09960389906973147,0.9942732322498381,0.9586662342327272,1.0108313489637457,0.9065011195017089,0.9859993482892696
57.517860659625775,1.0027841486056595,-0.10130398936765517,0.9958342593174879,0.9646521595062624,0.990131307201344,0.9391730118111807,0.9864125123355972
57.55974090925009,0.9985311066837875,-0.1015892387200623,0.9971511377246958,0.9714183178760248,0.9701483706440712,0.9726882651079785,0.9868852279717995
57.6016211588744,0.9942939703179021,-0.10051403969455013,0.9983283899506152,0.9796135393902594,0.9488633775393782,1.0103637012411406,0.9874533993518134
57.63995501173212,0.9904812656984016,-0.09817898263101411,0.9992320564006788,0.9884302650280092,0.9282828496692278,1.0485776803867908,0.9880554356817313
57.67515426377252,0.98708170256824,-0.09477086534863913,0.9998723274303898,0.9976302455462716,0.908553109085866,1.086707382006677,0.9886744865844783
57.707792420612705,0.9840561199922366,-0.0904354725514736,1.0002701554976587,1.007038498102915,0.8896765498904569,1.124400446315373,0.9893017042336999
57.73830142525894,0.9813726951761883,-0.08529547454601917,1.0004464415295304,1.0164730083670717,0.8716819770930585,1.1612640396410847,0.9899303850757295
57.76701092588829,0.9790053215008999,-0.07946027032724272,1.0004224029390325,1.0257438567573334,0.8546175071717839,1.1968702063428829,0.9905551672677663
57.79417980629372,0.9769318105344736,-0.07303123529969345,1.0002198954376154,1.0346579081375022,0.8385412104181327,1.2307746058568718,0.9911716679105027
57.820014361007,0.9751328609434919,-0.06610512887092064,0.9998615063099403,1.043024810073944,0.8235154747419047,1.2625341454059835,0.9917762146130621
57.844679015647294,0.9735913772816892,-0.05877654330122864,0.9993705411370473,1.0506640627581993,0.809603264548542,1.2917248609678569,0.9923656365962197
57.86830272207906,0.9722919207132249,-0.05113973273697375,0.9987709416315789,1.0574129736421243,0.7968651207488843,1.3179608265353644,0.9929371028971087
57.890982592285496,0.9712201906849789,-0.04328995492305023,0.9980871311855652,1.0631351415435617,0.7853562528436075,1.340914030243516,0.9934879995348415
57.91278558071293,0.9703624900168291,-0.035324372258030576,0.9973437704162282,1.0677289306968407,0.7751233417376,1.3603345196560812,0.994015839469288
57.93374854995716,0.9697051544446549,-0.02734256743391111,0.9965654085654101,1.0711352177596665,0.7662008726434395,1.3760695628758934,0.9945181979066939
57.95387657632801,0.9692339419562275,-0.01944685300046494,0.9957760382961897,1.0733436089168675,0.7586070014590426,1.3880802163746924,0.9949926595597587
57.973138571894815,0.9689333740410986,-0.01174286477328906,0.9949986052378935,1.0743964750736898,0.752339114050676,1.3964538360967038,0.9954367505608056
57.99145763122863,0.968785982148491,-0.004341612974884815,0.9942546000516268,1.0743907643890425,0.747369300947548,1.401412227830537,0.9958477970786167
58.008689099680375,0.9687712875443328,0.002634113317844384,0.9935640168325247,1.0734790650713375,0.7436398562467704,1.4033182738959047,0.9962225730200146
58.02456408981399,0.9688639381645758,0.009030257832624455,0.9929464485682741,1.0718754744179004,0.7410586232299129,1.4026923256058879,0.9965563203951168
58.04140809125442,0.969072711129707,0.015742530594112684,0.992321272577759,1.0694090449488234,0.7392523214575574,1.3995657684400893,0.9968971145205389
58.05936857272606,0.969418788941557,0.022768673811996792,0.9917000989779963,1.0659758811402207,0.7384157810765019,1.3935359812039394,0.9972441271878173
58.078317328524,0.9699189399676786,0.029982923332042097,0.9911076258778225,1.0615560783326314,0.7387772859285942,1.3843348707366685,0.9975906514535829
58.09817788223536,0.9705872954796559,0.03727087173379459,0.9905678204946226,1.0561859425323235,0.7405407808130282,1.3718311042516187,0.9979310824316844
58.118909376461055,0.9714358414949298,0.044525377682100326,0.9901035914378395,1.0499566342972346,0.7438901680415457,1.3560231005529235,0.9982605782528721
58.140499180989956,0.9724748376393197,0.05164569961324026,0.9897360977074016,1.0430095079223738,0.7489914483215886,1.3370275675231589,0.9985748998552849
58.16295895495348,0.9737132022365249,0.05853755386355575,0.9894839520040472,1.0355284983387447,0.7559940651016194,1.3150629315758702,0.9988703074937066
58.18632228443433,0.9751588542803313,0.06511324284126127,0.9893624145777844,1.0277303379215879,0.7650316041461652,1.2904290716970104,0.9991434715934683
58.210643025291006,0.9768189804515456,0.07129150825148509,0.9893826045509179,1.0198535264974313,0.7762214840779861,1.2634855689168767,0.9993913815512032
58.23599399217863,0.9787001940951378,0.07699705106710457,0.9895507174335705,1.0121468037367465,0.7896630636098032,1.2346305438636895,0.9996112482724749
58.26246589952177,0.9808085624391224,0.08215980319861176,0.9898672268172612,1.0048575549723031,0.805433576370901,1.2042815335737054,0.9998004006659081
58.29016660286643,0.9831494916302878,0.08671408174451078,0.990326061126391,0.9982202758038259,0.8235814227819821,1.1728591288256698,0.9999561763571397
58.3192208028688,0.9857274748212899,0.09059774236156042,0.9909137777469084,0.9924450308673074,0.844116591316457,1.1407734704181578,1.0000758047451206
58.34977054158583,0.9885457292702119,0.09375139618621989,0.991608801132297,0.9877058233329103,0.866998386535688,1.1084132601301329,1.0001562772866535
58.381977143129866,0.9916057808523717,0.0961176695837433,0.9923808407871457,0.9841289659244741,0.8921212752225384,1.0761366566264097,1.0001941955315798
58.41602586488278,0.9949071069094704,0.0976403489582823,0.9931906449012912,0.9817819063391637,0.9193005618259847,1.0442632508523428,1.0001855803868704
58.452135683074545,0.9984470324232585,0.09826301894054955,0.9939902491664845,0.9806634477743839,0.9482607129898567,1.0130661825589111,1.0001256124027298
58.49057890575058,1.002221212976566,0.0979263766937684,0.9947238043064996,0.9806967533465939,0.9786302730256988,0.982763233667489,1.000008243153289
58.531745813327305,1.006227771443634,0.09656140846757653,0.9953291539007063,0.9817274989965973,1.009967189400483,0.9534878085927116,0.9998254166118976
58.576237219332675,1.0104721952503006,0.09407342043397889,0.9957382114358383,0.98352814868622,1.0417837217312045,0.9252725756412356,0.9995655921793883
58.62498918787194,1.0149708790539698,0.0903149167933581,0.9958745847886785,0.9857991232720327,1.0735439600023937,0.8980542865416717,0.9992112649266286
58.67988644546381,1.019787766431299,0.08499782218933002,0.9956444434055212,0.9881704589868914,1.104835283308172,0.8715056346656108,0.9987308148399379
58.74593855156695,1.0251563439627982,0.0773542382895363,0.994884685738665,0.990159334470273,1.1357784220130642,0.844540246927482,0.9980473252404944
58.80676688755601,1.0296222833023088,0.06934562807488143,0.9938087051674016,0.9908217353751994,1.1578209471789378,0.823822523571461,0.9973260144261785
58.86759522354507,1.0335776912481984,0.06059559678305092,0.9924780751880165,0.990267935626411,1.1740485199107902,0.8064873513420318,0.9965278049911598
58.92516499945339,1.036814299973827,0.05176658365937147,0.9910809051331545,0.9886849581732255,1.1845656930296493,0.7928042233168018,0.9957127837068778
58.9808717509601,1.0394504428471905,0.04281788413582806,0.9896844119024822,0.9863040409772468,1.1907970709125488,0.7818110110419448,0.9948803184207952
59.0353749565695,1.0415384290038927,0.03375646569766105,0.9883448563778128,0.9833215917587481,1.1936393055523233,0.7730038779651728,0.9940354746213648
59.08882612570916,1.0431000289633836,0.02464182023063471,0.9871137191997794,0.9799264604086313,1.1937445929179393,0.7661083278993233,0.9931891066725638
59.1410872087559,1.0441513099447415,0.015567658748738599,0.9860345490015665,0.9763026257851224,1.1916545863355392,0.7609506652347057,0.992355621346014
59.19177691948069,1.0447150367025664,0.006661157682408091,0.9851405030899859,0.9726278421106533,1.187855858134837,0.7573998260864696,0.9915521111075457
59.24023342160919,1.0448303296327182,-0.0019082199862993886,0.9844518806188175,0.9690729389303474,1.1828182945222956,0.7553275833383991,0.990798076992029
59.2853452578981,1.0445639724607132,-0.009899986471026745,0.9839736828249919,0.965807351024097,1.1770468953038025,0.7545678067443915,0.9901165048901044
59.33264467693537,1.0438978909581755,-0.01825772757409349,0.9836542150368054,0.9625040933879797,1.169998769818506,0.7550094169574535,0.9894311521416502
59.383798922569355,1.0427341029849324,-0.02722732470002042,0.9835294892365362,0.9591525722829144,1.1613360055824358,0.7569691389833931,0.9887331479698099
59.438189221410504,1.0409967843649768,-0.036627032455139014,0.9836568699394472,0.9559346052842875,1.151028736423111,0.760840474145464,0.9880515861866155
59.495344933441864,1.038626285837877,-0.04627535744776929,0.984082979653366,0.9530442406283357,1.1390358760261745,0.7670526052304968,0.9874158387296645
59.55487793509364,1.0355806107042693,-0.05597431226046408,0.9848414721331883,0.9506932841700366,1.1252877849708658,0.7760987833692073,0.9868560233235266
59.61654277816264,1.0318318830071036,-0.06551037539884567,0.9859517166756409,0.949116398512433,1.1096460335002973,0.7885867635245687,0.9864022248194975
59.68041378360211,1.0273509173914463,-0.07466241780484507,0.9874219106067864,0.9485900585700957,1.0918218987918253,0.8053582183483662,0.9860843762939466
59.74738892123162,1.0220570887563427,-0.08321923719827792,0.9892644408900596,0.9494979962450689,1.0711540088577551,0.8278419836323827,0.9859354890106842
59.82153926195699,1.0155836052914884,-0.09105891335148272,0.9915730205953237,0.9526356117985169,1.0455758246758728,0.8596953989211608,0.9860117159466107
59.87966405796335,1.0101497371698156,-0.09565676868181061,0.9934910647566797,0.9570004789259285,1.0232730664672915,0.8907278913845655,0.9862613842521243
59.92990390016693,1.0052726634765163,-0.0982616372836832,0.995150145137074,0.962378897983247,1.0022266849423727,0.9225311110241214,0.9866181189920068
59.97447574952025,1.0008649838853094,-0.09930082827250722,0.9965619257728884,0.9685765645613174,0.9820910068665218,0.9550621222561129,0.9870466404031236
60.01904759887358,0.9964413702927872,-0.09894288697336626,0.9978555441615047,0.9762609293991545,0.9605421889208875,0.9919796698774216,0.9875811237003127
60.059491203887895,0.9924695889856444,-0.09723425906906269,0.9988712657888077,0.9846083745563133,0.9397887504872733,1.0294279986253534,0.9881566983724914
60.096407747347776,0.9889286499279353,-0.09438463876661017,0.9996201948338161,0.9933919061317685,0.9199228972125568,1.0668609150509802,0.9887549653008152
60.13049768867357,0.9857729691542941,-0.09055430853915983,1.0001236685402513,1.0024472491377578,0.9009118957292109,1.1039826025463046,0.9893660156841647
60.162264964593945,0.9829677300379874,-0.08587375605803366,1.000402047356788,1.0116018852967756,0.882766601503409,1.1404371690901425,0.98998233619673
60.192083941821636,0.9804853208151392,-0.08045679103141674,1.0004756898589138,1.0206740262516223,0.8655257463891154,1.175822306114129,0.9905979315015325
60.220244168314615,0.9783026766631637,-0.07440720106654379,1.000365523602228,1.0294769457188424,0.8492424064029649,1.20971148503472,0.9912079275849628
60.246974730660895,0.9763999173121968,-0.06782280752306266,1.0000932218010854,1.0378243949254602,0.8339765202524634,1.241672269598457,0.9918082765063727
60.27245820164486,0.974759542370653,-0.06079825402840859,0.9996812187058135,1.0455370250111389,0.8197903081338439,1.2712837418884337,0.9923955259928297
60.296838909668764,0.9733658463826076,-0.05342704581048537,0.9991526431604058,1.0524497251854932,0.8067449258872511,1.2981545244837354,0.9929666401026731
60.32022777645167,0.9722044048226484,-0.04580305147990882,0.9985311836268518,1.0584196059442648,0.7948974904533437,1.3219417214351856,0.9935188617024372
60.342704862588775,0.97126156223905,-0.03802154643903987,0.9978408729794809,1.0633341786710648,0.7842979852502873,1.3423703720918423,0.9940496100949812
60.36432017235507,0.970523892472104,-0.030179843542494797,0.9971057772878372,1.0671191057543261,0.7749857814895712,1.359252430019081,0.994556407309244
60.385092807344336,0.9699776214556627,-0.022377623159148097,0.9963495858786917,1.0697447693442157,0.7669857006592977,1.3725038380291337,0.9950368229566683
60.405007946426245,0.9696080086024867,-0.014717284647038906,0.9955951320626326,1.0712309429590288,0.7603037101321158,1.3821581757859418,0.9954884179699105
60.42400996041934,0.9693986627718909,-0.007305106729979695,0.9948639305132062,1.071649220686848,0.7549224439158321,1.388375997457864,0.9959086467391569
60.441987173581836,0.9693306925454064,-0.0002550800277651335,0.9941759201244936,1.071123848392272,0.7507966895796205,1.3914510072049238,0.9962946279758461
60.458735305632935,0.9693813580798635,0.00629957864299025,0.993549860925315,1.0698340193812206,0.7478486971219879,1.3918193416404532,0.9966425455016167
60.475318455746475,0.9695392896614826,0.012735326687083362,0.9929544478034885,1.067822260769544,0.745819738306036,1.389824783233052,0.9969746633624371
60.4931020664809,0.969826401556412,0.01953242800726553,0.9923537357741689,1.06490314339144,0.7446614735260598,1.38514481325682,0.9973158884882677
60.511926956307185,0.9702605556380824,0.026560327960628675,0.9917719607832057,1.061036835127001,0.7446106244906945,1.3774630457633075,0.9976589797086772
60.531698428524095,0.9708567509953804,0.03370330915394257,0.9912325459329288,1.0562371938003063,0.7458768132845038,1.366597574316109,0.9979980305575374
60.552362152654126,0.9716276602243641,0.04085348162772989,0.9907580823638128,1.0505717882513546,0.7486485351347005,1.3524950413680088,0.9983279711953185
60.57389441494608,0.9725840568178722,0.04790918761278221,0.9903697271168396,1.0441586800488964,0.7530956205055945,1.3352217395921984,0.9986443688467922
60.59629707685363,0.9737351979745138,0.0547748617111853,0.9900864349024538,1.0371601864947289,0.7593706007135489,1.314949772275909,0.9989433123812772
60.61959470897803,0.9750891726598037,0.061361224433232824,0.9899241532376978,1.029774179390639,0.7676094500471289,1.291938908734149,0.9992213232349191
60.64383271014072,0.9766531901826515,0.06758530651904499,0.9898950313193987,1.022223776374685,0.7779315140303822,1.266516038718988,0.999475268492378
60.669075884155795,0.9784337759829096,0.0733701499211844,0.9900066460025924,1.0147462324863923,0.790438129576121,1.2390543353966637,0.9997022681861838
60.69540729370796,0.9804368471845472,0.0786442203686985,0.9902612282508564,1.0075815849356184,0.8052093674901145,1.2099538023811223,0.999899595819668
60.72292739607933,0.98266765267905,0.08334064564465339,0.9906548775807695,1.0009613035627223,0.8222984061953744,1.1796242009300704,1.0000645726691817
60.75175358908451,0.9851305774913547,0.08739640067942828,0.991176775877707,0.9950969743023438,0.8417232482952033,1.1484707003094843,1.000194455067849
60.78202044116549,0.987828829834994,0.09075152224472023,0.9918084499880097,0.9901689641135009,0.8634558353354902,1.1168820928915115,1.0002863110687463
60.81388113905844,0.9907640564225225,0.09334836393190392,0.9925231776365084,0.9863151147425395,0.8874091510373757,1.0852210784477032,1.0003368790167837
60.84751117805372,0.9939359744072027,0.09513078695757207,0.9932856718270978,0.9836197915027749,0.9134236706901282,1.0538159123154216,1.0003423946808778
60.88311624568129,0.9973421764828041,0.09604299131122017,0.9940521939931637,0.9821040296621617,0.9412554904282933,1.0229525688960301,1.0002983628057638
60.920948033053165,1.0009783757463055,0.09602735320248469,0.9947712008150271,0.9817179524928743,0.9705695114031413,0.9928663935826072,1.0001992263024317
60.96133667718577,1.004839672516196,0.09501993487490838,0.9953844860839299,0.9823368703804465,1.0009428519386872,0.9637308888222057,1.0000378288157004
61.00483228659744,1.0089308011066789,0.09293626210395187,0.995828915206225,0.9837650906173139,1.0319354026950465,0.9355947785395814,0.9998039699244131
61.0522140340264,1.0132603354364058,0.08965200663795443,0.9960337594372319,0.9857367686462845,1.0630228243280428,0.9084507129645261,0.9994828085234232
61.10495222638361,1.017868721981999,0.0849433210042344,0.9959163845089117,0.987918240606174,1.0937461967360693,0.8820902844762785,0.9990491985231724
61.16662337186052,1.022907395044182,0.07827189303018535,0.9953520437648767,0.9898906024261835,1.1240077937682085,0.8557734110841586,0.9984480025927435
61.229791447003855,1.0276074976888732,0.0703815093300449,0.9943744865794658,0.9908574880978794,1.1485517665055038,0.833163209690255,0.9977367553481452
61.29295952214719,1.031781140281841,0.06163570363869865,0.9930987516635221,0.9905858729027255,1.1668426835596382,0.8143290622458128,0.9969405726745024
61.35152655293154,1.0351381808337403,0.05291655705447906,0.9917499945293846,0.9892473585065668,1.1786928920570554,0.7998018249560781,0.9961381788039556
61.40769686377746,1.037865088925718,0.04411378522249235,0.9903918189422226,0.9870917160321926,1.1859593342941168,0.7882240977702683,0.9953220009321675
61.46244518085694,1.0400376598227168,0.03520401585693117,0.9890777753742952,0.984312946082571,1.1896715521911325,0.7789543399740096,0.9944938020615851
61.51604525094277,1.041685173419874,0.026234977971492886,0.9878587820644813,0.9810950858374718,1.1905242463613661,0.7716659253135775,0.9936628945916823
61.56843595187519,1.0428260066252422,0.017291389272481,0.9867786794175707,0.9776174900283616,1.1890753210593799,0.7661596589973434,0.992842497249379
61.619307759449185,1.04348216587108,0.008489904178947998,0.9858716742123363,0.9740536801341697,1.1858154345246184,0.7622919257437212,0.9920485423556534
61.6680906985755,1.0436890467411457,-1.540760860990753e-05,0.9851600046134784,0.9705700112238013,1.181208309876186,0.7599317125714165,0.9912992029518529
61.71383500136699,1.0435054431857667,-0.008012550267354982,0.9846516726348591,0.9673285067301021,1.175735266608024,0.75892174685218,0.9906154241733718
61.759870117410706,1.0429515384090726,-0.016046642588717554,0.9843090088536314,0.9641643036460154,1.1692256043051998,0.7591030029868309,0.989953501509394
61.80985586868398,1.0419325055722992,-0.024712487656180553,0.9841401918958356,0.9609178382680743,1.1611286412947555,0.7607070352413933,0.9892733705651088
61.86312103845442,1.0403727761434474,-0.03382644637432934,0.9842020901120709,0.9577640157988785,1.1514150057734882,0.7641130258242688,0.9886033758760435
61.919191942087295,1.0382117123608121,-0.04321499952978591,0.9845414654306796,0.9548865822153234,1.140045358172914,0.769727806257733,0.9879714376542327
61.977677990525365,1.0354053122189508,-0.052690349482856606,0.9851933325652149,0.9524860321435971,1.1269596605304788,0.7780124037567154,0.987406264094755
62.03831090272181,1.0319240724138137,-0.06204931590121223,0.9861793003512374,0.9507833712908667,1.112043141892167,0.7895236006895664,0.9869367084232569
62.10108026925154,1.0277418926158366,-0.07107883068278538,0.9875091742344654,0.9500338543192536,1.095061400632136,0.8050063080063712,0.9865914406418018
62.16660218238476,1.0228006203858726,-0.07956845435688457,0.9891911858999196,0.9505732513535331,1.0754985183972838,0.8256479843097824,0.9864008837158317
62.237561640894306,1.0168684125012772,-0.08735434098284375,0.9912774810826935,0.9530049746576053,1.051928196416775,0.8540817528984354,0.9864091051313866
62.29986579880201,1.0112528295088898,-0.09263498399625839,0.9932489670419258,0.9570595080234728,1.0289218440217591,0.8851971720251866,0.986614360481645
62.352142084182574,1.0063249782266535,-0.09565896663460396,0.9949265855716153,0.9621099468608056,1.0077688013152168,0.9164510924063943,0.9869369916401338
62.398159117045275,1.0018862680166258,-0.09703955813959968,0.9963577730569877,0.9679878363769814,0.9876527656500302,0.9483229071039326,0.9873378623616558
62.444176149907975,0.9974156271095265,-0.09701179935296571,0.9976829816545991,0.9753586085351428,0.9660924374448556,0.9846247796254299,0.9878492012631309
62.48573920152983,0.9934080628388143,-0.09559615833061551,0.9987316991295043,0.9833931480114706,0.9453941764924977,1.0213921195304436,0.9884051577808436
62.52357108815288,0.9898362004655942,-0.09301577712289148,0.9995160561729846,0.9918712335892585,0.9256131779580468,1.0581292892204703,0.988986668674167
62.558447601910736,0.9866510430480988,-0.08943798084959406,1.000057573269278,1.000635293650656,0.906694149115938,1.0945764381853738,0.9895833855041043
62.590911520542605,0.9838166440060527,-0.08499651040750349,1.0003761429562625,1.0095189475586657,0.8886369333851459,1.1304009617321853,0.9901874363676836
62.62135946999429,0.9813051208948618,-0.07980675360357847,1.00049145970274,1.0183462888727628,0.8714745073624128,1.1652180703831125,0.9907925276420463
62.65009529330903,0.979093432600346,-0.07397319740552848,1.0004237550962507,1.0269362092686238,0.8552567047723918,1.1986157137648557,0.9913935408005503
62.67735812279557,0.9771618138218636,-0.06759380902723103,1.0001940236525588,1.0351075823257971,0.8400415889571499,1.2301735756944445,0.9919862298706191
62.70333813636155,0.9754928981521145,-0.06076296909462944,0.9998240494866429,1.042685361051752,0.8258903442381899,1.2594803778653139,0.9925669845978777
62.72818581270722,0.9740711128136547,-0.05357358005539096,0.999336339875551,1.0495075523074053,0.8128636789504842,1.2861514256643265,0.9931326457593876
62.75201736524601,0.9728821669412292,-0.0461186055644917,0.9987539893150233,1.05543283312738,0.8010187457668213,1.3098469204879384,0.9936803631663992
62.7749176872227,0.9719125527437917,-0.03849214096023336,0.9981004669320792,1.060348396382515,0.7904060326197508,1.3302907601452794,0.9942074894585444
62.79694146586554,0.9711490238454077,-0.03079006538150856,0.9973993129292466,1.0641774428701738,0.7810659272421142,1.3472889584982333,0.9947115033619506
62.818112640236684,0.9705780386409628,-0.023110373907778117,0.996673739741149,1.0668856089235597,0.7730248527776047,1.3607463650695144,0.9951899531704238
62.83842179974632,0.9701851646152355,-0.015553465294840068,0.9959461613229392,1.0684856299739987,0.7662910382525971,1.3706802216954004,0.995640402994979
62.85782007845931,0.9699544247146227,-0.008223058964883064,0.9952377233727706,1.069039841781049,0.760850091581964,1.3772295919801338,0.9960603464923958
62.8762057052771,0.9698675036166436,-0.001229312657670267,0.9945679939160962,1.0686609508860698,0.756660502644919,1.3806613991272205,0.9964470118141715
62.89339242728205,0.9699025409901302,0.005301784977462692,0.9939551771502299,1.0675134794471428,0.7536489172454125,1.381378041648873,0.9967968630294971
62.91001935533776,0.9700429211891348,0.011573164612312406,0.9933845315016108,1.0656963640537804,0.7516066245565115,1.3797861035510492,0.997123365927499
62.927884848180724,0.9703092073632636,0.01821700919574334,0.9928060617134921,1.0630142229593826,0.7504007215051323,1.375627724413633,0.9974598386712011
62.94681772902913,0.9707195814097742,0.02510278766959985,0.9922433121115766,1.0594220651316708,0.7502686436132511,1.3685754866500905,0.9977989161845818
62.966716073513425,0.9712892807548831,0.03211567553732064,0.9917190114964611,1.0549265203283675,0.7514200051423603,1.3584330355143748,0.9981346287355961
62.98752032539733,0.9720311563287427,0.0391487368280504,0.9912551354922471,1.0495861858364819,0.7540430161388558,1.3451293555341077,0.9984618587266549
63.00920253299284,0.9729560976066649,0.04610105512336387,0.9908723402613244,1.043508957280562,0.7583069656650662,1.3287109488960578,0.9987761275538015
63.03176082221792,0.9740734061318937,0.05287750745750457,0.990589210690673,1.036846419316029,0.764363474953056,1.3093293636790018,0.9990734765396965
63.05521630253638,0.9753911358839603,0.05938897761666208,0.9904214610946926,1.0297857314302845,0.7723471109275429,1.287224351933026,0.9993503788410956
63.07961108594183,0.9769163799916987,0.06555245511079477,0.9903811468467305,1.0225397957320148,0.782375246340237,1.2627043451237927,0.9996036553382763
63.105006821969624,0.9786554717297522,0.07129082864167091,0.9904758974135647,1.0153364992647456,0.7945467214717273,1.2361262770577637,0.9998303850069583
63.13148353082275,0.9806140717893995,0.07653238424711746,0.9907081590825982,1.0084076112635136,0.8089387676650258,1.2078764548620013,1.0000278080850082
63.15913872407914,0.9827971254670966,0.08121010939238706,0.9910744369104421,1.0019776368178857,0.8256017208057629,1.1783535528300086,1.0001932225345145
63.1880869358029,0.985208688241088,0.08526091968267595,0.9915645461109418,0.9962527067621213,0.8445512471314114,1.1479541663928312,1.000323873322827
63.218459934704775,0.9878516366448922,0.08862489242567914,0.9921609178057865,0.9914094933829456,0.8657581339985104,1.1170608527673809,1.0004168314611084
63.250408135767906,0.9907273071024811,0.09124452301919793,0.9928380457039229,0.9875842179776337,0.8891362014252492,1.0860322345300184,1.0004688559987664
63.28410419602149,0.9938351452099345,0.09306391051624308,0.9935621977824041,0.9848620607136401,0.914529602290288,1.0551945191369922,1.0004762265147407
63.31975065132653,0.9971725103688569,0.0940275980169635,0.9942915310999018,0.9832676562036171,0.9417016741293921,1.0248336382778422,1.0004345233905705
63.35759513676275,1.0007348817538222,0.09407847647584004,0.9949767070750946,0.9827577462296944,0.9703284622764973,0.9951870301828915,1.0003383118942655
63.397960302653104,1.0045168979112298,0.09315354808215853,0.9955619610180095,0.9832172471598299,1.0000008968922232,0.9664335974274368,1.0001806376925324
63.441381507649744,1.008522140040713,0.09117060770507873,0.9959868001841978,0.9844623118474922,1.0302926083319208,0.9386320153630637,0.9999516594979149
63.48861621769872,1.0127577137304067,0.08800964528875937,0.9961836329558471,0.9862416185653762,1.0606980525105287,0.9117851846202236,0.9996371310084505
63.54106992814844,1.0172591705293035,0.08345824181392872,0.9960739521536465,0.9882377674168432,1.0907654755243719,0.8857100593093145,0.9992132119460405
63.60211406048602,1.0221628309863926,0.0770150412063114,0.9955416486287321,0.9900518846667763,1.120375538350321,0.8597282309832316,0.9986284744941698
63.66603937565127,1.0268412433647112,0.06919217639309665,0.9945916372765199,0.9909542065182607,1.1450285350704061,0.8368798779661153,0.9979206958798799
63.72996469081653,1.030990358390221,0.06048866899410304,0.9933442401781027,0.9906507869718484,1.1634270498711463,0.8178745240725506,0.9971272793754952
63.78878951409268,1.0342973600879952,0.05185885508291245,0.9920325680296251,0.9893162998654335,1.1752869159886732,0.8033456837421937,0.9963333873758233
63.84502368756505,1.0369709762138644,0.04316555114645163,0.9907154509315275,0.9871973867025698,1.1825786851604276,0.791816088244712,0.9955287480414594
63.89972923144364,1.039093324158866,0.034378189305343365,0.9894436230309123,0.9844815768116,1.186349286239102,0.782613867384098,0.9947142535188662
63.953204114439565,1.0406964070688964,0.025543161373160966,0.9882659581239702,0.9813469442037531,1.187291366870261,0.7754025215372453,0.9938988455503913
64.0053982553921,1.0418006225466798,0.016744368044123714,0.9872244407452911,0.9779671126455858,1.1859573082575399,0.7699769170336318,0.9930953632028793
64.0560112329627,1.0424296455247013,0.008096875157621112,0.9863515740015368,0.9745098899039928,1.1828314875630574,0.766188292244928,0.992319237516898
64.10448432986114,1.0426200358030386,-0.0002482388635476323,0.9856681544587453,0.9711358232686943,1.1783710272262784,0.7639006193111102,0.991587988585598
64.14988346318391,1.0424309045089086,-0.00808399695629362,0.9851811788425625,0.9680009003684884,1.17304996961177,0.7629518311252068,0.9909217478021496
64.19576771729847,1.041878516554518,-0.015987901388047586,0.9848526342079548,0.9649287646420549,1.166669332224804,0.7631881970593057,0.9902742498011489
64.24549643282744,1.0408715997891445,-0.024494347818668886,0.9846933879154492,0.9617850256753624,1.1587226271522733,0.7648474241984516,0.9896104546013178
64.29842425285268,1.0393381207960748,-0.033425625531280354,0.9847574235919089,0.958738455268008,1.1491775380019555,0.7682993725340606,0.9889575563030786
64.35409370713177,1.0372204485884866,-0.04261262352111119,0.985089075102932,0.9559670917406369,1.137993677370367,0.7739405061109067,0.9883423908855129
64.41213305830698,1.0344766878744114,-0.0518729336667621,0.9857214672684391,0.9536652885578456,1.1251107094230355,0.7822198676926558,0.9877924945879837
64.47229504835411,1.031078364729533,-0.06100968965732574,0.9866750451486234,0.9520475670361869,1.110415136099615,0.7936799979727587,0.9873355405699111
64.53458895613181,1.026999606021886,-0.06981637757349721,0.9879591643046427,0.9513621916122001,1.093677206960535,0.8090471762638652,0.9869991032357799
64.59964075635611,1.0221830817587771,-0.07808798674556001,0.989581781648769,0.9519360958972861,1.0743938140595723,0.8294783777349999,0.9868125898836876
64.67009989176313,1.0164046867995162,-0.0856609934276904,0.9915923030850131,0.9543549923717576,1.0511814933410168,0.8575284914024984,0.9868186484902661
64.73260582360976,1.0108802409806712,-0.09083059968450304,0.9935103405128778,0.9583887837584371,1.0283163108673463,0.8884612566495278,0.987018783066098
64.7848665590232,1.006050775086398,-0.09375685084452977,0.9951352206095703,0.9633754369956453,1.007391496503866,0.9193593774874247,0.9873339203773162
64.83090866757398,1.0016988864031573,-0.0950678670859333,0.9965209146246583,0.9691628039337494,0.9875051246091884,0.9508204832583105,0.9877261904772197
64.87695077612476,0.9973178337131786,-0.09498994890553639,0.9978021280052296,0.9763953018563247,0.9662260723244359,0.9865645313882137,0.988226711359269
64.91857466304423,0.9933891370645362,-0.09355052767206043,0.9988151496677204,0.984259588937751,0.945815658485604,1.022703519389898,0.9887714037974455
64.95650144008586,0.9898860013017273,-0.09096860486230787,0.9995718795524842,0.9925399527395307,0.9263241438271267,1.0587557616519347,0.9893416686200314
64.9914998212586,0.9867611228923757,-0.0874081767869073,1.000093111193397,1.0010812724955076,0.9076965665103759,1.0944659784806394,0.9899273262886318
65.02410665284752,0.9839799373638748,-0.08300064874364392,1.000398121828039,1.0097200843096572,0.8899328487106661,1.129507319908648,0.9905205929619771
65.0547137929367,0.9815156778348191,-0.07785970235680059,1.000506073434336,1.0182842127386271,0.8730656886657523,1.1635027368115018,0.9911152173151994
65.08362114784902,0.9793462190068879,-0.07208853920699232,1.000436717191049,1.0265971672281788,0.8571444234052394,1.1960499110511182,0.9917060925182789
65.11106447902642,0.9774525489110265,-0.06578412944961184,1.0002105999943056,1.034483318173553,0.8422264613393056,1.2267401750078004,0.9922889641305781
65.13723096043093,0.9758179137659326,-0.0590400451453125,0.9998490751211849,1.0417739189697308,0.828372172446298,1.2551756654931636,0.992860201133968
65.16226828212825,0.9744272267210957,-0.05194848206107923,0.9993742196603811,1.0483139310848606,0.8156412507558893,1.280986611413832,0.9934166174735394
65.18628996573254,0.9732665662754596,-0.04460171707353369,0.9988086814973973,1.053969407861644,0.8040895716574694,1.3038492440658185,0.9939553351823036
65.20937821121645,0.972322686155575,-0.03709309983338759,0.9981754494703593,1.0586350174863357,0.7937660138350023,1.3235040211376692,0.9944736824067786
65.23158491411047,0.971582502732202,-0.029517634939401665,0.9974975344525716,1.0622411245429164,0.7847089666392818,1.3397732824465511,0.9949691198787073
65.2529309932213,0.9710325487586186,-0.02197226683408657,0.996797560247319,1.0647597404186901,0.7769424367133376,1.3525770441240426,0.9954391860980558
65.2734035586945,0.9706583886951851,-0.014556166230044354,0.9960972914795391,1.0662086918870675,0.7704718252251072,1.3619455585490277,0.9958814428659041
65.29294933548464,0.9704439729590739,-0.007371729237419385,0.9954171747608023,1.0666536900302723,0.765279530591189,1.3680278494693556,0.9962933842828654
65.31146015705382,0.970370839090099,-0.0005279398478971412,0.9947760559634443,1.0662088438193056,0.7613204556718551,1.371097231966756,0.9966722291723313
65.3287386511128,0.970416859863629,0.005849568229657565,0.9941914471683114,1.0650382071864701,0.7585171443401775,1.371559270032763,0.9970143889049745
65.34573623794664,0.9705692759790161,0.012072664108530355,0.9936392071449175,1.0631991843093702,0.7566381549827154,1.3697602136360252,0.997338902746658
65.36395686705058,0.9708493068231997,0.01864441932559798,0.9930825992379245,1.0605176868601205,0.755624597361584,1.365410776358657,0.99767220166771
65.3832387266621,0.9712746174254098,0.02543931347310812,0.992544279594595,1.0569564011519015,0.7557066093192457,1.3582061929845572,0.9980072241747476
65.403485226454,0.9718600271437978,0.032345714745229466,0.9920461804699962,1.052527963163941,0.7570880444373058,1.347967881890576,0.9983381858489301
65.4246404994899,0.9726180275723371,0.039259172498084714,0.991609451245715,1.0472950258352953,0.7599519294889583,1.3346381221816326,0.9986600991490787
65.44667944852007,0.9735591863980725,0.04608089400968138,0.9912538586043921,1.041367373826856,0.764462532733876,1.318272214919836,0.9989685815334257
65.46960257666474,0.9746925043834173,0.05271763863367348,0.9909970287324553,1.03489621517714,0.7707663355104345,1.2990260948438452,0.9992597453313986
65.49343305453023,0.9760257384476744,0.059081961063795166,0.9908536532838883,1.0280661028311975,0.7789923791329044,1.2771398265294907,0.9995301134913336
65.51821481656962,0.977565669182648,0.06509231403049894,0.9908347103054329,1.021085243025613,0.7892518323024126,1.2529186537488135,0.9997765373434391
65.54401114440569,0.9793182816482933,0.07067284849399362,0.9909467090448238,1.0141749347822677,0.8016363360108976,1.226713533553638,0.9999961081569351
65.57090354983396,0.9812888333214689,0.07575293116672244,0.9911909493229243,1.0075586791393043,0.8162146165834133,1.1989027416951952,1.0001860611808893
65.59899096821562,0.9834817950710419,0.08026647866080781,0.9915627898647261,1.0014512407955445,0.833026946643143,1.169875534947946,1.000343672615971
65.62838941240763,0.9859006664887187,0.0841512172448827,0.9920509416781002,0.9960477512574095,0.8520772503341193,1.1400182521806996,1.0004661488439903
65.65923239974273,0.9885476861774789,0.08734794043189825,0.9926368366185255,0.9915128798169901,0.8733230011046104,1.10970275852937,1.0005505045536294
65.69167274226143,0.9914234847304377,0.08979976378403967,0.9932941600470854,0.9879701946892604,0.8966635807024281,1.0792768086760927,1.000593422461966
65.72588680578524,0.9945267694247827,0.09145125863587363,0.9939886679481926,0.9854920859403671,0.9219284760836942,1.04905569579704,1.0005910811265382
65.76208331123448,0.9978541942022787,0.09224715148801027,0.994678412900434,0.9840909730341011,0.9488675448170507,1.0193144012511515,1.000538925803313
65.80052065198379,1.0014006749646285,0.09212992917225547,0.995314448181827,0.9837128479521876,0.9771464527422224,0.9902792431621528,1.0004313330181123
65.84155023207182,1.0051614712001267,0.09103464595121323,0.9958420166482584,0.9842344891596229,1.0063577000076194,0.9621112783116264,1.0002610180911302
65.88574341342022,1.0091403344576346,0.08887424332913726,0.9962016408521094,0.9854670087344852,1.0360743478908618,0.9348596695781086,1.0000176044599312
65.93393563752922,1.0133463936274372,0.0855183907031748,0.9963267273720663,0.9871564447550825,1.0658040365724415,0.9085088529377234,0.9996858319648286
65.98774515006393,1.0178236904237703,0.080725984928293,0.9961378974522704,0.9889839167243735,1.0951402720228882,0.8828275614258587,0.9992392111000585
66.05135408542945,1.0227470607830165,0.0738829494168899,0.9955065780496001,0.9905386193353758,1.1241246813573986,0.856952557313353,0.9986160154585234
66.11392294945757,1.0271322793260296,0.06614038559147072,0.9945307081849069,0.9910792182585988,1.1465415305300832,0.8356169059871145,0.9979125499048832
66.1764918134857,1.0310069900574395,0.057594590892980246,0.9933016754191994,0.9905055236068323,1.1631923532976818,0.8178186939159827,0.997131181784278
66.23477002911396,1.0341171177297497,0.049056567863848835,0.9920211273092635,0.988998832160915,1.173958724165646,0.804038940156184,0.996344964411485
66.29065597196346,1.0366199227435924,0.04045120230405553,0.9907481339224006,0.9867786448491755,1.180460428603169,0.793096861095182,0.9955493800839907
66.34502468843873,1.038584400417432,0.031768859291557996,0.9895316942126614,0.9840230990165064,1.1836388257785933,0.7844073722544196,0.9947472732276945
66.39810228713763,1.040040467533114,0.02306425387973317,0.9884176283648256,0.9809036204049716,1.1841433794842307,0.7776638613257125,0.993948248440397
66.44979231262464,1.0410099947477995,0.014426931885812769,0.9874444077455864,0.9775872884598222,1.1825019918404425,0.7726725850792019,0.9931653759488296
66.49975254894008,1.0415200063334755,0.005976954673553947,0.9866407202679155,0.9742349885412691,1.1791838639302608,0.7692861131522774,0.9924140410910273
66.54737206815433,1.0416117554555777,-0.002128573733521792,0.9860233891075992,0.9710002914146102,1.1746387070273892,0.7673618758018312,0.9917115689258325
66.59161802962846,1.0413507040887777,-0.009670365226082136,0.985595477018066,0.9680339405065409,1.1693455250306433,0.7667223559824385,0.9910781573948224
66.6381904966308,1.040715887877159,-0.017583732175559183,0.9853089257695876,0.965022248172802,1.1627742757018813,0.7672702206437227,0.9904389737935096
66.68835406634392,1.0396214461024047,-0.02603460569895833,0.9851986059693086,0.9619819236909205,1.1546509809464864,0.7693128664353546,0.989790744599289
66.7415455397172,1.0380012334333966,-0.03485620025646395,0.9853139842540701,0.959076715443101,1.1449389706514395,0.7732144602347627,0.9891592666753972
66.79734055848658,1.0358033704586738,-0.043881435330506986,0.9856951836603913,0.9564824401940468,1.1335950049844261,0.7793698754036676,0.9885705341082772
66.85540493105923,1.0329907645552066,-0.0529300023595695,0.9863712265117383,0.9543913021257849,1.120551278884173,0.7882313253673969,0.9880510861332823
66.91554760075371,1.0295375531569908,-0.061808384028322706,0.9873591003177343,0.9530169219265452,1.1056791758372402,0.8003546680158503,0.9876274987148486
66.97787728481663,1.0254157855608808,-0.07031503115502119,0.9886663122470002,0.952611350993571,1.0887173055822033,0.8165053964049386,0.9873264524715666
67.04324733037205,1.020553653933153,-0.07825235758131549,0.9903030608971891,0.9535211339121163,1.0690796666940894,0.8379626011301434,0.9871775357298375
67.11523065103619,1.0146498587244759,-0.0854811586147596,0.9923406682427238,0.9564339310365382,1.0450145529471109,0.8678533091259655,0.9872291893938853
67.1739679248302,1.009492193515369,-0.08988505449431113,0.9941038717675692,0.9605902554493821,1.023268616513789,0.8979118943849753,0.9874504397095554
67.22473860714595,1.0048602559211635,-0.09235268992582668,0.9956297135017789,0.9656937474362007,1.0028101574977704,0.9285773373746311,0.9877772682270427
67.26977172990482,1.000675138692078,-0.09330656127398736,0.9969269587354399,0.9715438051910561,0.9833112815836645,0.9597763287984478,0.9881746657996173
67.31480485266368,0.9964766949563664,-0.09291367969856758,0.9981140693550331,0.9787519822246273,0.9625296947281756,0.9949742697210789,0.9886734324296734
67.3557244816273,0.9927045812434916,-0.09122992198375228,0.9990458945977574,0.9865379132998173,0.9425770455884184,1.0304987810112163,0.9892131867888146
67.39315428171513,0.9893378971619405,-0.08845766126875762,0.9997331151963265,0.9946884366045159,0.9235239583010048,1.065852914908027,0.9897765287278293
67.42779463090166,0.986334619031243,-0.08475048510662932,1.0001952039951958,1.0030479710126616,0.9053327516218896,1.1007631904034336,0.9903538504393397
67.46014372588239,0.9836632592866894,-0.08023372078831477,1.0004507694949303,1.0114539842837957,0.8880115145368834,1.134896454030708,0.9909377574343353
67.49056909321833,0.9812990637477707,-0.07501718054150487,1.0005185760772848,1.0197368781576717,0.8715966353766202,1.167877120938723,0.9915222734248211
67.51935356140773,0.9792213768606294,-0.06920149693158892,1.000418080191719,1.0277244652254,0.8561389252898514,1.1993100051609487,0.9921024804072894
67.54671985178975,0.9774123208305587,-0.06288192111709126,1.000169569119388,1.035247262731943,0.8416959798854382,1.2287985455784474,0.9926742483107274
67.57284446468788,0.9758560275846083,-0.05615088500597955,0.999794135674135,1.042144583572878,0.828327439422402,1.2559617277233541,0.9932340233194371
67.59786580512744,0.9745380846165378,-0.049099825419053576,0.9993135672888539,1.0482713277425555,0.8160914553771688,1.280451200107942,0.9937786634346892
67.62188886326287,0.9734450483494101,-0.041820473614811615,0.9987501640472137,1.0535051876826895,0.8050415128904633,1.3019688624749157,0.9943053132383848
67.6449876006108,0.972563959525373,-0.03440569410854283,0.99812647787087,1.0577538130639321,0.7952231493604798,1.3202844767673845,0.9948113115568126
67.66720556267606,0.9718818336619574,-0.026949939126183924,0.997464963735528,1.0609613350417617,0.7866703455291423,1.3352523245543813,0.9952941250418293
67.68855472348264,0.9713851183180373,-0.019549468839880964,0.9967875488550433,1.0631135798212306,0.7794015483994392,1.3468256112430221,0.9957512962837617
67.70901186274664,0.9710591100891229,-0.012302715028495668,0.9961151577429566,1.0642414086994434,0.7734154227009208,1.3550673946979659,0.9961803846782972
67.72851040415824,0.9708872962831778,-0.005311658043243761,0.9954672845431785,1.0644220581475088,0.76868646639592,1.3601576498990977,0.9965788560409399
67.74692225904548,0.970850493975385,0.0013137413195547874,0.994861803245446,1.0637793902293886,0.7651604680885251,1.362398312370252,0.9969438224159042
67.76401344813064,0.970925378043979,0.007442371405447545,0.9943154803630428,1.0624865130715369,0.762749281455238,1.3622237446878358,0.9972713578814792
67.7815965977758,0.9711112441708464,0.013685229495338116,0.9937788604576194,1.0604862806500137,0.7611706585438075,1.35980190275622,0.9975957520134554
67.8003551369951,0.9714295797084037,0.020231871978084466,0.9932449341462303,1.057656297995968,0.760525938478772,1.3547866575131642,0.997926513251221
67.82014940528455,0.9718970232387346,0.026964188671755256,0.9927354062308559,1.0539747748604813,0.7610334525998097,1.3469160971211531,0.9982571115586499
67.84089577768839,0.9725275579581936,0.03377481073387017,0.9922713509700295,1.0494684466712778,0.7628877604677213,1.3360491328748345,0.998582082946578
67.8625477292918,0.9733329667568194,0.040562566054479075,0.9918729294298606,1.044211883835235,0.7662634888292258,1.3221602788412443,0.9988966713489824
67.88508764334723,0.9743232060428947,0.04723157130828646,0.9915587275222091,1.0383239145592256,0.7713167924415228,1.3053310366769284,0.9991966733834908
67.90852245305966,0.9755067415842995,0.053691324912837575,0.9913449848007073,1.0319613847635425,0.7781859535393251,1.2857368159877598,0.9994783422764392
67.93288108343319,0.9768908470074024,0.05985696556986697,0.9912448085111712,1.0253107920460989,0.7869913625107007,1.263630221581497,0.9997383079845011
67.95821272702317,0.9784818397248976,0.06564932757009685,0.9912674097847051,1.0185785353158856,0.7978346294309204,1.239322441200851,0.9999734956509806
67.98458553570866,0.980285224435861,0.07099469363593858,0.9914173656601931,1.0119804541901267,0.8107963692678732,1.2131645391123802,1.0001810368221242
68.01208561107536,0.9823057217879272,0.07582429120057288,0.9916938996976231,1.0057311183004887,0.8259321929800386,1.1855300436209388,1.0003581729389979
68.0408163535381,0.9845471729806381,0.08007363385509116,0.992090183054553,1.00003309752939,0.8432665696123337,1.1567996254464463,1.0005021514154502
68.07089837447761,0.9870123275852629,0.08368180441380157,0.9925926826418093,0.9950662965090664,0.8627844826659402,1.1273481103521927,1.000610113008819
68.10247037072845,0.9897025431168328,0.08659072882409659,0.9931806171917783,0.9909774237919537,0.8844212016447217,1.0975336459391858,1.0006789661783868
68.13569170322272,0.9926174552345326,0.08874440521753846,0.9938256169682493,0.9878698044793339,0.9080510513434773,1.0676885576151904,1.0007052396137337
68.1707480568938,0.9957547235763418,0.09008791510380235,0.9944917044339564,0.98579401419653,0.933476785202949,1.0381112431901112,1.0006848965549255
68.20786276660235,0.9991100310474414,0.09056581182682057,0.9951356989901811,0.9847401395055704,0.9604219856057352,1.0090582934054055,1.0006130797932666
68.24731885385899,1.002677641084325,0.09011905459339273,0.9957080646111472,0.9846327054112256,0.9885296993815659,0.9807357114408852,1.000483724215789
68.28953996199702,1.0064554111179622,0.08867707228161271,0.9961543201400005,0.9853300996639973,1.0173961884766465,0.9532640108513482,1.0002886989708162
68.33516457384687,1.010447017054063,0.08614152217190088,0.9964146943054811,0.9866278675759363,1.046575669790383,0.9266800653614896,1.0000163829579056
68.38522830744641,1.0146688559962214,0.08235549360411146,0.9964217640670398,0.9882587818680127,1.0756029457436873,0.9009146179923382,0.9996488369299359
68.44191558618158,1.0191904497678341,0.07699924952510084,0.996088974962209,0.9898885045775516,1.1041752695130072,0.8756017396420962,0.9991521867316936
68.511841890317,1.0243063295332349,0.06911103896409229,0.9952415516231322,0.9910470001460945,1.1327699321050941,0.8493240681870949,0.9984326708722115
68.57219029657833,1.0282477747374885,0.061386465343588166,0.9942072709532349,0.9910325517849456,1.1516051377227536,0.8304599658471375,0.9977278339248518
68.63253870283965,1.0317018698452534,0.05298443014734772,0.992985561416101,0.9900223093891507,1.1653681733596404,0.8146764454186611,0.9969569490555555
68.68969271710525,1.0344904836761595,0.044525674375804715,0.991737809119092,0.9882109539778889,1.1741638710394486,0.8022580369163291,0.9961772102190627
68.74485058317569,1.0367126048003852,0.03599409552542351,0.9905198206737008,0.9857889096086312,1.1791877095464112,0.7923901096708513,0.99538993968341
68.79856244769735,1.038416528295549,0.027413554918279827,0.9893782403788552,0.9829248396448024,1.1812185211332684,0.7846311581563363,0.994601266635826
68.85091126446069,1.0396282795185585,0.01885417712469631,0.9883544286432774,0.9797831056397249,1.180837445294604,0.7787287659848459,0.9938221506043687
68.90170221166755,1.0403720820760596,0.010417019735219954,0.9874814375874722,0.9765231926386098,1.1785357873899158,0.7745105978873037,0.9930663203704263
68.95049669952543,1.040680953876537,0.0022340577073858853,0.9867818522696246,0.973297656178888,1.1747634540117302,0.7718318583460456,0.9923494537417363
68.9965490301369,1.0406053329709057,-0.005520141614581014,0.9862659137059603,0.9702523802163712,1.1699680448184997,0.7705367156142428,0.9916891807185878
69.04058218834855,1.0401990678781694,-0.01292892696450711,0.9859169359678914,0.9674072648778911,1.1643811468457945,0.7704333829099876,0.991079609323628
69.08857274032029,1.0393856510606088,-0.020958950918749105,0.9857083797696005,0.9644508424982186,1.1572820903260521,0.771619594670385,0.9904471295796766
69.13980677299517,1.0380942397637714,-0.029431540419128214,0.985692545723359,0.9615402438839883,1.1486344025345638,0.7744460852334127,0.9898176570232115
69.1938191265268,1.0362671193908364,-0.03818822060132327,0.9859129033244135,0.9588379826711808,1.1383974697438286,0.7792784955985329,0.9892158795182544
69.2502367999678,1.0338608068038846,-0.04706100461947873,0.9864033602758736,0.9565213588122276,1.126520569959157,0.7865221476652982,0.9886671195245235
69.30879215033998,1.030844978454901,-0.05586872561857635,0.9871866266775335,0.9547851206437095,1.11291656834086,0.7966536729465589,0.9881970012707054
69.36940923839943,1.0271959207690775,-0.06441902203167776,0.9882744323163152,0.95384992368872,1.0974160907601702,0.8102837566172698,0.9878311082151515
69.4324355724041,1.0228758971663356,-0.07251482776413445,0.9896726379840971,0.9539895651814199,1.0796660875267652,0.8283130428360747,0.9875958231218543
69.49939454246926,1.0177632958211746,-0.07997220264717672,0.9914022914252875,0.9556259898838937,1.0588100553684026,0.8524419243993847,0.9875239150892844
69.57789296395599,1.0112034315247493,-0.0867636853803885,0.9936409440167981,0.9599136082613984,1.0314354883009031,0.8883917282218935,0.9876930822081368
69.6314677675421,1.0064657037756466,-0.08986735393246392,0.9952133814279217,0.9645908472006304,1.0107579708689884,0.9184237235322724,0.9879749624764541
69.67864949973644,1.002185777734299,-0.09134238279055362,0.9965623491050027,0.9700684360999619,0.991120108819166,0.9490167633807577,0.9883387589246112
69.72583123193077,0.997868000507763,-0.09143841043352488,0.9978168365997782,0.9769487176274294,0.9701193219324504,0.9837781133224083,0.9888117740021665
69.76835860264507,0.9940014430807048,-0.09017261027351729,0.9988122017874334,0.9844259266533377,0.9500534649069862,1.0187983883996894,0.9893308033613796
69.80705362345714,0.990554624364016,-0.0877719653116859,0.999561209624647,0.9922923897306826,0.9309392601961856,1.0536455192651797,0.9898771485302343
69.84275086638765,0.9874781236706781,-0.08440235863418645,1.0000844790499284,1.0004021576035043,0.9126989705872008,1.088105344619808,0.9904406492693362
69.87601297631902,0.9847377612818372,-0.08019505618232352,1.000400407480371,1.0085993982641501,0.8953233933074,1.1218754032209002,0.9910134081941818
69.90724409246754,0.9823076819082583,-0.07526299330598264,1.000527160999104,1.0167200001895917,0.8788403370325175,1.154599663346666,0.9915890365898348
69.93675068180289,0.9801667272157573,-0.06970842500113664,1.0004835031563835,1.0245962248071008,0.8632960144236808,1.1858964351905206,0.992162288206517
69.96477225822042,0.9782967676522307,-0.06362728587375571,1.0002890268968765,1.0320617582312763,0.8487455741895754,1.2153779422729774,0.9927287755821206
69.9914982220278,0.9766818057283817,-0.05711202729883088,0.9999641611836281,1.0389574480675825,0.8352475677206732,1.2426673284144918,0.9932847462001696
70.01707759512229,0.9753073788671673,-0.05025359810293915,0.9995300741618044,1.0451377312660661,0.8228600726603984,1.267415389871734,0.9938269077997384
70.04162467831604,0.9741600669685695,-0.04314284169490286,0.9990085032899974,1.0504775277747238,0.811637403241112,1.2893176523083358,0.9943522944661337
70.06522210022673,0.9732270190871808,-0.03587142276312696,0.9984215105519217,1.0548792002426444,0.8016268487313043,1.3081315517539844,0.9948581669576763
70.08792196171207,0.9724954625885389,-0.02853235041592206,0.9977911540053807,1.0582790320970232,0.7928651546270392,1.3236929095670074,0.9953419407951729
70.10974524289792,0.9719521822943269,-0.021220215959398686,0.9971390770149323,1.0606525853322732,0.7853746573893721,1.3359305132751744,0.9958011324508983
70.13067901433152,0.9715829638044536,-0.01403143809763257,0.9964860424401588,1.0620183503678904,0.7791591321983529,1.3448775685374281,0.9962333058248093
70.15066988402508,0.971371977525007,-0.0070651917870279135,0.995851483192092,1.062439420248853,0.7741994787550001,1.350679361742706,0.9966359838805787
70.16960955905981,0.9713010127576869,-0.0004265655038880158,0.9952532169615411,1.062023714824794,0.7704492658429367,1.3535981638066512,0.9970064501874619
70.1873009098491,0.9713482722750867,0.005764037719276929,0.9947076570870022,1.0609251217498126,0.7678297390556973,1.354020504443928,0.9973412466069997
70.20474710651744,0.9715017509746521,0.011819059387961423,0.994191637819475,1.059193651606407,0.7661195315863947,1.3522677716264193,0.9976594760495927
70.22342510162193,0.9717823292686184,0.018204375512054463,0.9936731141095433,1.0566718282968346,0.7652812759474105,1.3480623806462586,0.9979857867367596
70.2431752354063,0.9722073026717304,0.02479990715133716,0.9931733169280247,1.0533269175337494,0.7655373644967286,1.3411164705707703,0.9983133654903993
70.26390187466014,0.9727911750356223,0.03149812280317227,0.9927128402260369,1.0491729748512566,0.7670850329420302,1.3312609167604827,0.9986365896100688
70.28554966116467,0.973546148011378,0.03819796999050171,0.9923115130197682,1.04427082031374,0.7701011088075296,1.3184405318199506,0.9989505838820175
70.30809375001606,0.9744825001336566,0.044803531274582045,0.9919877920711794,1.0387252802669509,0.7747436618997281,1.3027068986341734,0.9992510421966737
70.33153470037627,0.9756089192924083,0.05122398459630792,0.9917580127032747,1.032679785930855,0.7811526106762972,1.2842069611854128,0.9995341245033282
70.35589556537884,0.9769328016163112,0.05737388810739054,0.9916356083297522,1.0263087244737998,0.7894497126324759,1.2631677363151237,0.9997963773656497
70.38122000991778,0.9784604968846905,0.0631733339386513,0.9916303476852145,1.019808223914331,0.7997377953186461,1.2398786525100158,1.0000346557297606
70.40757092764669,0.9801974713588499,0.06854781548264625,0.9917476016918901,1.0133860562281267,0.8120988244997207,1.2146732879565327,1.0002460380115596
70.43502937837289,0.9821483637124689,0.07342782134131465,0.991987636251075,1.0072511718079948,0.8265903562049912,1.1879119874109985,1.000427733116826
70.4636938713974,0.9843169217465576,0.07774824402330781,0.9923449314168602,1.0016031599330582,0.8432400228795229,1.1599662969865931,1.0005769797341648
70.4936801717751,0.986705823345618,0.08144770007045074,0.9928075476926478,0.996621767513115,0.8620379335614955,1.1312056014647347,1.0006909371906674
70.52512198795775,0.9893164050036676,0.08446782106752704,0.9933565908670938,0.9924565641697833,0.8829272275105484,1.1019859008290183,1.0007665644980843
70.55817320211958,0.992148348573897,0.08675249981862079,0.9939658597908826,0.9892169392017138,0.9057935280781405,1.072640350325287,1.0008004801092645
70.59301286222423,0.9951994177089576,0.08824695360693298,0.9946017844818421,0.9869628417847935,0.930454702104367,1.04347098146522,1.0007887881942077
70.6298552051986,0.9984653988166323,0.08889626220732459,0.9952237553493312,0.9856969710129475,0.9566530841093462,1.0147408579165489,1.0007268445237196
70.66896909643573,1.0019405097288352,0.08864266987823033,0.9957848785260763,0.9853593594547156,0.9840530707676133,0.9866656481418181,1.0006089079918843
70.71073742907679,1.0056206327748163,0.08741932594156962,0.9962332044707932,0.9858256642789371,1.0122617867038324,0.9593895418540418,1.0004274532185469
70.75576254981672,1.0095087769124207,0.08513497707653161,0.9965121121536952,0.986910428067941,1.0408611173879891,0.9329597387478931,1.000171756426211
70.8049663808936,1.0136159111914869,0.0816493981812753,0.9965580599233149,0.9883671696509435,1.0693903557040683,0.9073439835978188,0.9998257400691394
70.86020653886231,1.0179939743010329,0.07669209990906146,0.9962927668335214,0.9898857384384001,1.09750613557014,0.88226534130666,0.9993604122137032
70.9267352715045,1.0228639388298475,0.06951071712559032,0.9955746920505095,0.9910486810837844,1.125469238570975,0.8566281235965939,0.9987016718778713
70.9883361465585,1.0269157770914734,0.06190394807671415,0.9945981586178447,0.991185782991024,1.1455944528374433,0.8367771131446047,0.9980066290919539
71.0499370216125,1.0304755008210105,0.05356020873340606,0.9934138094306179,0.9903263522033208,1.1604601395521934,0.820192564854448,0.99724157764606
71.10767790635445,1.0333290512566036,0.04520270369538624,0.9921982979106188,0.9886582080317512,1.1700324600692595,0.8072839559942429,0.9964723362676086
71.16311698272014,1.0356033903670505,0.036789229223112924,0.9910059497979405,0.9863737207383493,1.1756835591092907,0.7970638823674079,0.9956973555887957
71.21698134884032,1.0373582399019137,0.028327544237989843,0.9898817915102602,0.9836369954495017,1.178254155787753,0.7890198351112504,0.9949209201385658
71.2694313180659,1.03862325552875,0.01988027092272065,0.9888667789150534,0.9806078678346795,1.1783446555355743,0.7828710801337847,0.994153005951676
71.32032555612466,1.0394233442727676,0.011541984639495764,0.9879941833294269,0.9774418688813775,1.1764520100207643,0.7784317277419908,0.9934065448226707
71.36928020765868,1.0397902272905586,0.0034365228460151477,0.9872873808365609,0.9742879703935983,1.173024530622123,0.7755514101650735,0.9926964084035695
71.41562763918097,1.0397708764260054,-0.004274415932383576,0.9867580437440474,0.9712880232681506,1.1685003148182733,0.7740757317180278,0.9920392185394509
71.45872615138235,1.039432090424057,-0.011444347993142173,0.9864011006580858,0.9685515299184085,1.1632954022382875,0.7738076575985295,0.9914479471997169
71.50585533794153,1.0387086219631434,-0.019247419479593037,0.9861710490875053,0.9656847920327887,1.156606761547137,0.7747628225184404,0.9908304962343527
71.556261395142,1.0375298604394698,-0.027503515362757698,0.9861195332338961,0.9628397346160575,1.1483945645697733,0.7772849046623418,0.9902123036919621
71.60947044022946,1.0358379496231735,-0.03605832970933541,0.9862896477577405,0.9601718453078731,1.13861713949367,0.7817265511220763,0.9896171447068585
71.6651063535203,1.0335886238869874,-0.044750111065448836,0.9867156342819323,0.9578506644426071,1.1272270255334829,0.7884743033517314,0.9890693612771915
71.72289228682496,1.0307505387417744,-0.053404798036659006,0.9874212420023996,0.9560621062734582,1.1141473469456409,0.7979768656012755,0.9885936528478421
71.78271881153898,1.0273002443878683,-0.06183681904928693,0.9884194866098286,0.9550151169984429,1.0992323485337976,0.8107978854630881,0.9882147276766602
71.8448308379347,1.0232060673073269,-0.0698539854683815,0.9897162506951666,0.9549629270394,1.0821847059768142,0.827741148101986,0.9879578024172777
71.9103939419315,1.0183765066949297,-0.07726985822195197,0.9913253614650537,0.9562736980388478,1.0623163021223114,0.8502310939553842,0.9878525464576885
71.98447061446844,1.0123917301825551,-0.08398047001891826,0.9933515804768748,0.9597870360175483,1.037310931301591,0.8822631407335058,0.9879563378876396
72.04069975630023,1.007561541881006,-0.0875826696183701,0.9949557619262668,0.964163975516731,1.0163448543879356,0.9119830966455266,0.9882027459085868
72.08961247068439,1.003227029518095,-0.08943544065391475,0.9963315537981688,0.969357847425704,0.9966200492429148,0.9420956456084931,0.9885391663419506
72.1334231960422,0.9992940211201268,-0.0899095289642436,0.9974962093104306,0.975221584553251,0.9777486486163558,0.9726945204901464,0.9889382521110632
72.17723392140002,0.995367758981633,-0.08910068381416551,0.9985457022638925,0.9823079076337535,0.957758313755643,1.006857501511864,0.9894292910539055
72.21731063754305,0.9918327527894429,-0.08709950145878788,0.9993593690408016,0.9898856531433522,0.9385591696018719,1.0412121366848324,0.9899571448376109
72.25416479487653,0.9886746710769423,-0.08408826487970801,0.9999467165896988,0.9977469707519468,0.9202419175274009,1.0752520239764929,0.9905060120944804
72.28841440087993,0.985858075259305,-0.08020721136370816,1.0003255742107955,1.0057378927380582,0.9027880573733621,1.1086877281027545,0.9910670699695266
72.32050857900703,0.9833556183856298,-0.07557351015748975,1.000513586262681,1.0136995973663077,0.8862148390623278,1.1411843556702876,0.991633450999594
72.35078262454662,0.9811454052879708,-0.0702916184656309,1.0005288501250797,1.0214687834830127,0.8705625690971889,1.1723749978688367,0.9921995434515495
72.37949596337859,0.9792089306763935,-0.06445852027928463,1.0003902663445716,1.0288822862197364,0.8558832250037558,1.201881347435717,0.9927606735825234
72.40685292002632,0.9775299943323215,-0.058166941366220797,1.0001175946318914,1.0357824765567214,0.8422338490461889,1.229331104067254,0.9933128672207059
72.4330145407395,0.9760940342235929,-0.05150753284999563,0.9997313777493662,1.042023335347294,0.8296721903860532,1.2543744803085348,0.9938526635163157
72.45810547269168,0.974887616343682,-0.044570400607480354,0.9992527860256972,1.047477035541047,0.8182532351785715,1.2767008359035223,0.9943769713001379
72.48221780839927,0.9738979672596625,-0.037446135692067894,0.9987033892930552,1.052040690096666,0.808025930905856,1.2960554492874756,0.9948829611329375
72.50541282980669,0.9731124995918304,-0.030226421966695904,0.9981048494047051,1.055642772033553,0.7990297439372155,1.3122558001298907,0.995367986851475
72.5277209936059,0.9725183117331297,-0.023004316470739018,0.997478531354367,1.0582486058716585,0.7912909056299533,1.3252063061133634,0.9958295283381456
72.54913992096958,0.9721016554119849,-0.015874426675699417,0.9968450513063325,1.0598643334722553,0.7848183643059647,1.334910302638546,0.9962651409739297
72.5696292479753,0.9718473558917707,-0.008933504356314282,0.9962238161688693,1.0605389794210636,0.7795995506151486,1.3414784082269784,0.9966723838349808
72.58909926096149,0.971738122320887,-0.0022826216333309,0.9956326693609323,1.0603648406521717,0.7755960115225431,1.3451336697818004,0.9970486690763892
72.607385013194,0.9717535454277506,0.003966216935105299,0.9950878841546182,1.0594777715095622,0.7727386463473019,1.3462168966718224,0.9973908945752337
72.62461585172834,0.9718723781813596,0.009817826445245571,0.9945929092784862,1.058018381383841,0.7708846965366734,1.345152066231009,0.9977021780720113
72.64314849897498,0.9721120634955741,0.016031233101138173,0.9940897275723396,1.055810592310249,0.7698313971785274,1.3417897874419704,0.9980236055375146
72.66279813785303,0.9724907281561602,0.022483318860219897,0.9935991536248439,1.0528097576852287,0.7698067786730579,1.3358127366973993,0.9983479963293963
72.68345401146124,0.97302351924861,0.029065851327934655,0.9931413284760139,1.0490163744357173,0.7710117917918899,1.3270209570795446,0.9986695204854287
72.705050026907,0.9737231616341794,0.03567767149806824,0.9927357678174598,1.0444765709170858,0.773626317738155,1.3153268240960165,0.9989831555629715
72.7275528012711,0.9746003518749159,0.04222271452503439,0.9924008296324225,1.0392801872625932,0.7778111779437185,1.300749196581468,0.9992844736720135
72.75095551115734,0.9756640900627374,0.048609744832907045,0.9921529969841694,1.0335562819929944,0.7837088145809059,1.283403749405083,0.9995695265224671
72.77527448738797,0.976921979058935,0.05475262692274131,0.9920061066770538,1.0274662890161,0.7914433108430993,1.2634892671891007,0.9998347644661797
72.80054710627327,0.9783804790066724,0.060570567151699804,0.9919705868536138,1.0211954202768956,0.801119744057614,1.241271096496177,1.0000769611338025
72.8268303007406,0.9800450899312944,0.06598810093268762,0.9920527253090072,1.0149429928013118,0.8128225381991809,1.2170634474034427,1.0002931326268318
72.85419943043613,0.9819204365432433,0.0709347963781335,0.9922539695934547,1.0089122406548585,0.8266123840082632,1.191212097301454,1.00048044850509
72.882747488319,0.9840102395453602,0.07534474266717392,0.9925702587271058,1.003299972431056,0.8425213610187215,1.1640785838433905,1.0006361346873727
72.91258478615393,0.9863171726204086,0.079155917234486,0.9929914017004872,0.9982862608770351,0.860546092912915,1.1360264288411552,1.0007573680558355
72.94383943144206,0.9888426227614417,0.08230950081402635,0.9935005447655938,0.9940242760224169,0.8806390873744064,1.1074094646704276,1.0008411603296772
72.97665917422908,0.9915863962683902,0.08474914542201013,0.994073800511541,0.9906304283489794,0.9026988669678127,1.0785619897301462,1.0008842251132803
73.0112156799875,0.9945464483925753,0.08642009298723587,0.9946801360249227,0.9881751703385239,0.9265600921547215,1.0497902485223263,1.0008828161484304
73.04771318049488,0.9977187692857707,0.08726786552378718,0.9952816182809526,0.9866750667829722,0.9519855738258405,1.021364559740104,1.0008325140405472
73.08640522857297,1.0010976499549329,0.08723593532432762,0.9958340668302549,0.9860869817445217,0.9786627809442797,0.9935111825447638,1.0007279164290521
73.1276298992054,1.0046769667580804,0.08626106794629114,0.9962880518720371,0.9863052998272384,1.0062099003920337,0.9664006992624431,1.00056212271713
73.1719539669771,1.008459455194822,0.0842592182963669,0.9965900843722693,0.9871645851585089,1.0342394958241106,0.9400896744929074,1.0003253225627458
73.22018596479451,1.0124511962730924,0.08110624824327574,0.9966802653894052,0.9884402552895215,1.0622976537605369,0.9145828568185063,1.0000032618025823
73.2738769410824,1.0166886927189451,0.07657678295843987,0.9964875935123026,0.9898468813937913,1.0900073172075055,0.889686445580077,0.9995714616098526
73.33702100178058,1.0213256158029453,0.07010406191420232,0.9958984581682839,0.991012174834524,1.117410199834857,0.8646141498341909,0.9989732673409581
73.40038837899206,1.025534724743008,0.06259190113984704,0.9949818932502772,0.9913177410190974,1.1391629789452984,0.8434725030928963,0.9982852679466802
73.46375575620354,1.029240939055455,0.05426214673429612,0.9938309608415673,0.9906181154395752,1.155380026523763,0.8258562043553873,0.9975216311410716
73.5222527477173,1.0321756346898332,0.045991974205135525,0.99264588442382,0.9890965136398153,1.1658243039604614,0.8123687233191693,0.9967613360892723
73.57804353795626,1.034511665898265,0.03769089497475078,0.9914778738266907,0.9869514517640656,1.1721557770707554,0.8017471264573758,0.9959978561503686
73.63210506833649,1.0363248353547563,0.02934335393951977,0.9903696909850068,0.9843426785335898,1.1753040717585768,0.793381285308603,0.9952329523658282
73.68469206208513,1.0376494374668117,0.021003069688502997,0.9893618569138672,0.9814255685447221,1.1758956184431832,0.7869555186462609,0.9944754875679418
73.73572199359187,1.0385113723122037,0.012757927134875216,0.9884879335645146,0.9783518589957738,1.1744357655665487,0.7822679524249989,0.9937375829062435
73.78486666365808,1.038941225012739,0.004723946448843205,0.987772166746691,0.9752672331360989,1.1713729688157333,0.7791614974564645,0.9930333386230871
73.8315328509077,1.038982732151396,-0.002948952847549021,0.9872277147008723,0.972310075673038,1.1671377495062965,0.7774824018397795,0.9923784628258482
73.8747042830674,1.0387020567659628,-0.010051964973148399,0.9868551531818123,0.9696159845757415,1.162191150322533,0.7770408188289499,0.9917912875139931
73.9209893114954,1.0380610842080331,-0.017636366660801015,0.9866068815782716,0.9668371843332731,1.1558937276490664,0.7777806410174799,0.991188621295009
73.97060055888052,1.0369860021369453,-0.025686089380430557,0.9865238652170167,0.9640572702359287,1.1480961383450228,0.7800184021268345,0.9905815904939533
74.0230403031966,1.035418981621692,-0.034048154712558364,0.9866488852235343,0.9614260350914197,1.1387566940734584,0.7840953761093808,0.9899933289548646
74.07792850287015,1.0333150825729938,-0.042566388524480935,0.9870164048861365,0.9591058177228793,1.1278301309734002,0.7903815044723582,0.9894472757997986
74.13498039932462,1.0306419913906406,-0.05107326952416763,0.9876510616969539,0.957274433927071,1.1152478339074707,0.7993010339466713,0.9889672649179607
74.19405950386883,1.027376162670349,-0.059389707494355876,0.9885670959514774,0.9561304582590461,1.1008834092766089,0.8113775072414833,0.9885771924600263
74.25532972725846,1.0234901094407693,-0.0673286630849112,0.989770826957022,0.9559099667638105,1.0844841680903925,0.8273357654372285,0.9883012797828326
74.31969253582521,1.0189133409009903,-0.07470399424229207,0.9912716531650574,0.9569402263305695,1.0654872892692522,0.848393163391887,0.9881668893294744
74.39074483074418,1.0133581764656057,-0.08137478847216853,0.9931349107116145,0.9598751246376236,1.0422108342161254,0.8775394150591219,0.9882196682894728
74.44929087678915,1.0084686737160367,-0.08540993272459782,0.994755376645222,0.9639726775592228,1.0210470960296454,0.9068982590888003,0.9884321652332062
74.4998614096905,1.0040886729112057,-0.08759357342527152,0.9961504120856157,0.9689234776853479,1.0012260851969166,0.9366208701737794,0.9887437099668148
74.54484385304872,1.0001271461334678,-0.08834123723019241,0.9973340622718053,0.974549229381596,0.9823605723509548,0.9667378864122375,0.9891222932670494
74.58982629640694,0.9961604545892,-0.0877954428278415,0.9984111485567206,0.9814092174686997,0.9623465714346595,1.0004718635027399,0.9895962766640904
74.63081880865481,0.9925933313732845,-0.08602941468849254,0.9992532135316593,0.9887662454395462,0.9431707370424036,1.0343617538366887,0.9901096258649307
74.66842594131546,0.9894068898639842,-0.08323446333317644,0.9998703576584492,0.9964182619606177,0.9248965539201409,1.0679399700010945,0.9906460994431624
74.70332371265316,0.986563248265419,-0.07955567120190926,1.0002804537861913,1.0042164658075476,0.9074891356670274,1.100943795948068,0.9911965666382839
74.73599205145628,0.9840341872157067,-0.07511246179876771,1.0005007666980197,1.0120065144214287,0.890957560166575,1.1330554686762824,0.9917539081970244
74.76678434504903,0.9817975575018585,-0.07001034372451367,1.000548880187684,1.0196291150832761,0.875337793012913,1.1639204371536394,0.9923123033484842
74.79597187415028,0.9798348281089558,-0.06434669186453741,1.0004431563913505,1.0269246174593716,0.8606793526060172,1.193169882312726,0.9928669077254098
74.82376745970639,0.9781298567582877,-0.058214193809177896,1.0002028275718464,1.0337382350160542,0.8470378817851661,1.2204385882469422,0.993413609977117
74.85033872362969,0.9766681707750567,-0.05170314388445922,0.9998479315397291,1.0399258843492964,0.8344704215169519,1.2453813471816408,0.9939488409483556
74.87581576991116,0.9754364426771011,-0.0449030331279259,0.9993991610360442,1.0453605234228445,0.8230317819293782,1.2676892649163107,0.9944694260406282
74.9002955273434,0.974422025443356,-0.03790362005927497,0.9988776407240489,1.0499386803643616,0.8127712194430347,1.2871061412856886,0.9949724737901944
74.92384384553691,0.9736124886841709,-0.030795569299257548,0.9983046274439848,1.0535867116146969,0.8037290128278266,1.3034444104015672,0.9954552945359101
74.94649578552887,0.9729951327827131,-0.023670748547135974,0.9977011314146728,1.0562662182107392,0.7959327635822663,1.3165996728392122,0.9959153414343213
74.968253972763,0.9725564732796651,-0.016622381196152534,0.9970874733677915,1.0579780372237682,0.7893934140670525,1.3265626603804839,0.9963501606790659
74.98908404630835,0.9722816828095784,-0.009745508277780823,0.9964828248924339,1.058764407174953,0.7841010753948598,1.3334277389550457,0.9967573260801619
75.00890454351122,0.9721539386748257,-0.0031387661258440403,0.9959048316967851,1.0587094205314982,0.7800207227908312,1.3373981182721653,0.9971343078627014
75.02756415298009,0.9721535063090646,0.003090122265396198,0.9953695237051369,1.0579390173964476,0.7770875300963268,1.3387905046965682,0.9974781594840249
75.044784217039,0.9722560173611495,0.00880804002843184,0.9948920430367502,1.0566247345329172,0.7752008135912724,1.338048655474562,0.9977846757552264
75.06333403842775,0.9724760107171341,0.014895451888480085,0.9944044001078362,1.054594185302153,0.7740817800622695,1.3351065905420365,0.9981020184698246
75.08302741078495,0.9728320016296937,0.02123268649704845,0.9939265753419125,1.0517974702028217,0.7739581267208437,1.3296368136847994,0.9984230826745613
75.10374556287715,0.973339396587751,0.027711973067744686,0.9934782027066106,1.048229126173797,0.7750312332206946,1.3214270191268995,0.9987419661203356
75.12541684370106,0.9740111259339912,0.03423285763225861,0.9930783535102254,1.0439280402698887,0.7774811471927882,1.3103749333469892,0.9990535981714873
75.14800350965739,0.9748580429980646,0.04069988985260534,0.9927450450077328,1.038975927031425,0.7814687372151002,1.2964831168477498,0.9993535092145505
75.17149498748749,0.9758892514359219,0.04702223336523045,0.992494544396024,1.0334933256614023,0.7871363576412808,1.2798502936815237,0.9996377099682366
75.19590418489197,0.9771123990697884,0.05311392011546589,0.9923406074688333,1.027633246229378,0.7946078159053569,1.2606586765533994,0.9999026101226999
75.22126525188402,0.9785339309972639,0.05889413542610582,0.9922937211235993,1.0215729949194259,0.803987709968945,1.2391582798699066,1.0001449450008748
75.2476320377295,0.9801592767763421,0.06428727411963676,0.9923603768898361,1.015504832202657,0.8153598499323762,1.215649814472938,1.0003616975685508
75.27507693760414,0.9819929457437782,0.06922271470182562,0.9925423802880996,1.0096260343350099,0.828784357453865,1.1904677112161546,1.0005500121946966
75.30369008265767,0.9840385136577939,0.07363436595567827,0.9928361971675328,1.004128748285618,0.8442930859630021,1.1639644106082339,1.0007071000389083
75.33357900148975,0.9862984981288461,0.0774600743518188,0.993232350843618,0.9991898603122953,0.8618831864835688,1.1364965341410218,1.0008301360080374
75.3648690523826,0.9887741382843711,0.0806409622299854,0.9937149081137283,0.9949610138354004,0.8815089459503528,1.108413081720448,1.0009161452576427
75.39770518022283,0.9914651176146415,0.08312070801885388,0.9942611210617236,0.9915589488708632,0.9030724535004052,1.080045444241321,1.0009618737450476
75.43225600384885,0.9943693023979034,0.08484467873294509,0.9948413147720636,0.989056492194492,0.9264142075815938,1.0516987768073902,1.0009636317526918
75.46872208121636,0.9974826187121968,0.0857586585560625,0.9954191131192861,0.9874747635126697,0.9513054277944001,1.0236440992309392,1.0009170891759875
75.50735186702853,1.000799275218687,0.08580662548780073,0.9959520524521223,0.9867773823185568,0.9774445047286112,0.9961102599085023,1.0008169806203104
75.5484725373348,1.0043127058458408,0.08492645052806491,0.9963925101537292,0.9868674997649802,1.0044606799340354,0.969274319595925,1.0006566310652543
75.59263336063933,1.0080247715604003,0.08303673743476915,0.996688962086788,0.987589816873615,1.0319779782798837,0.9432016554673465,1.000426615932409
75.64061363279932,1.0119402218026203,0.08001846610026715,0.9967838465944784,0.988731713559422,1.0595560025164348,0.9179074246024093,1.0001133274380913
75.6938779486982,1.016090609009859,0.07566000379633432,0.9966095504439509,0.990021250669274,1.0868172145242037,0.8932252868143445,0.9996937679901545
75.75609803411821,1.0206105436059887,0.06944521544826622,0.9960614282731668,0.9911047213079218,1.1137537872073344,0.8684556554085092,0.9991161893314414
75.82024850531285,1.0248317280545334,0.06200005770053413,0.9951726429365634,0.9914033084520706,1.1358426629520015,0.8469639539521397,0.9984325713178543
75.88439897650748,1.028547132099795,0.05370835251255769,0.9940455268796938,0.9907158578413038,1.1523528097525118,0.8290789059300959,0.9976719565584461
75.94315346936285,1.0314646681450694,0.045520474893138534,0.9928888451379767,0.9892276051547011,1.162947938800905,0.8155072715084971,0.9969197127926577
75.99900885917121,1.0337798372389175,0.0373178941036489,0.991749895151015,0.9871342064175573,1.1694113008280813,0.8048571120070334,0.9961664381066219
76.05304671354094,1.0355749170600286,0.029075891603602202,0.9906692696416394,0.9845899509044129,1.1726970154497032,0.7964828863591227,0.9954128272323789
76.10555502984018,1.036886380276376,0.02084538909047854,0.9896861979181716,0.9817454093931495,1.1734332939841419,0.790057524802157,0.9946672654076726
76.15647018616751,1.0377411975720148,0.012712082810939657,0.9888332577124377,0.9787479069203058,1.1721224915725514,0.7853733222680601,0.9939414498703543
76.20548150364617,1.0381703575105141,0.004789068404239975,0.9881339793207913,0.975738929556209,1.1692083726972895,0.7822694864151285,0.9932490045860568
76.25201816924616,1.0382172379890275,-0.002778226394732777,0.9876011430358222,0.9728526993085,1.1651152643208127,0.7805901342961875,0.9926050676686968
76.29510144747634,1.0379464819530742,-0.00978884039245218,0.987235378043386,0.9702201200127039,1.1602947913147474,0.7801454487106603,0.9920272048431361
76.34111026508292,1.0373243945604758,-0.017244914211697153,0.9869911658729145,0.9675144834783801,1.1541544676302695,0.7808744993264907,0.9914362914047179
76.390403555419,1.036278959634792,-0.025154417422055854,0.9869065458287858,0.9648078910635458,1.146531470076088,0.7830843120510037,0.9908410714959675
76.44248968642015,1.0347540939753201,-0.033367316244734754,0.987022843597211,0.9622458864196548,1.1373832943578948,0.7871084784814149,0.9902639910365708
76.49699706632943,1.032706130666182,-0.04173113255275764,0.9873733942504638,0.9599861511797934,1.1266647533569216,0.7933075490026651,0.9897277343301141
76.55364944189542,1.0301035120464983,-0.05008264240782387,0.9879821336884751,0.9582014374457489,1.114309009917169,0.8020938649743288,0.989255360507424
76.61231539445662,1.0269231423525038,-0.05824737021709663,0.988863024351907,0.9570845832413003,1.1001946897404482,0.8139744767421524,0.9888700103918753
76.67315183292614,1.0231385574343679,-0.06604262073355803,0.9900222685732116,0.956864188988442,1.0840812232861448,0.8296471546907394,0.9885951565600681
76.73701248616193,1.0186840265239936,-0.0732849984511836,0.9914682309334252,0.9578542358686262,1.0654382687267268,0.8502702030105256,0.9884571858464801
76.80721642995955,1.0132997171010827,-0.07982717257651534,0.9932577998105979,0.9606650353213292,1.042721283530177,0.8786087871124815,0.9884989054052153
76.86628455020046,1.0084573711573974,-0.08388458672843702,0.9948499536386866,0.96467989067989,1.0216503265694783,0.9077094547903017,0.9887011664049931
76.91724172083876,1.0041211773426022,-0.08608589521169646,0.9962211346835813,0.9695392737390667,1.001945487139646,0.9371330603384873,0.9890034650944493
76.9625069885513,1.0002025745774104,-0.08685316022466959,0.9973842512091987,0.975058274729251,0.9832250799619956,0.9668914694965064,0.9893730497595603
77.00777225626383,0.9962776885024242,-0.08633618441646206,0.9984436988540538,0.9817872770241507,0.9633784036401428,1.0001961504081585,0.9898375586509498
77.0490082343804,0.9927488203656101,-0.08460773857383867,0.9992726623829739,0.9889967698271346,0.9443844712482503,1.0336090684060188,0.9903416492744156
77.0868401065278,0.9895962839603213,-0.08185917605706233,0.9998813172658289,0.9964885532497161,0.9262982135844222,1.06667889291501,0.9908692209933421
77.1219540578549,0.9867823971340154,-0.07823497741622909,1.0002872443809745,1.004116717355464,0.9090809966219431,1.0991524380889848,0.9914111820569231
77.15483401900424,0.9842793906013222,-0.07385383961931866,1.0005073471277257,1.0117299235608705,0.8927399673346376,1.1307198797871034,0.9919604202229058
77.18583484778415,0.9820655951154383,-0.06882058197390699,1.000558839604197,1.019172215450935,0.8773098538387012,1.1610345770631691,0.9925111043772887
77.21522820714853,0.9801229204876997,-0.0632319490863472,1.0004597200373133,1.026287638088222,0.862839217472415,1.1897360587040289,0.9930583701848361
77.24322677970008,0.9784356054054697,-0.05718003933984267,1.0002288626420341,1.0329253997758705,0.8493828501628988,1.2164679493888422,0.9935980817007871
77.26999777178033,0.9769894937191067,-0.05075456722081924,0.9998859480140219,1.0389455949389899,0.836996953533753,1.2408942363442268,0.99412664422836
77.29567070658587,0.9757715117479732,-0.04404441599444086,0.9994513054956669,1.0442253772490704,0.8257354475828785,1.2627153069152623,0.9946408595691911
77.32034182073497,0.9747692083874119,-0.03713866979918846,0.9989456829325729,1.048665279212213,0.8156466052305038,1.2816839531939224,0.9951378169096267
77.34407618336239,0.9739702982825218,-0.030127216517116032,0.9983899410514488,1.0521952250428546,0.8067696054963961,1.2976208445893131,0.995614813241734
77.36690798479393,0.9733621847883733,-0.023101017037411235,0.9978046717058567,1.054779681603156,0.7991308336942978,1.3104285295120142,0.9960692955042456
77.38883885292235,0.9729314545064317,-0.01615224334365069,0.997209756228246,1.0564213900756942,0.7927399224973377,1.3201028576540506,0.9964988112016704
77.40983320524501,0.9726633296053951,-0.009374741725308486,0.996623911417055,1.0571633096008377,0.7875856181517694,1.3267410010499059,0.9969009426523961
77.4298079175961,0.9725410240170347,-0.0028658248400836505,0.9960643211848121,1.057088915047956,0.7836315085363296,1.3305463215595827,0.9972731748806024
77.44860908743551,0.9725448301724657,0.003268217780865999,0.995546552835918,1.0563221113132786,0.7808113403419957,1.3318328822845613,0.9976125811332612
77.4660603700618,0.9726513406974211,0.008930388579197264,0.9950824927623807,1.05502127535344,0.7790142226858143,1.331028328021066,0.9979168121667695
77.48484722868217,0.9728758348898441,0.014952815992064581,0.9946095235205921,1.0530203306660586,0.777994622883462,1.3280460384486554,0.9982314581670522
77.5047763974827,0.9732364860951737,0.021215135735942702,0.9941473363034204,1.0502737389293253,0.7779770397800402,1.3225704380786105,0.998549384635597
77.5257317123513,0.9737484556414638,0.027611753190673063,0.9937150028588936,1.0467784911713565,0.7791590143785062,1.3143979679642068,0.9988648035822483
77.547643181272,0.974424461123737,0.03404391540860637,0.9933310324070147,1.0425746407593475,0.7817171197174969,1.3034321618011981,0.9991727230954303
77.5704742583336,0.9752751612059548,0.040417614467560155,0.9930128635655868,1.0377437147644626,0.7858088535927452,1.28967857593618,0.9994687304225182
77.59421529904559,0.9763094715000366,0.04664327242209479,0.9927761684410836,1.032404716393342,0.7915731312559598,1.2732363015307242,0.9997488770655
77.61887995829665,0.9775348473537607,0.05263602057816679,0.9926340979903511,1.0267078503643867,0.7991301020116732,1.2542855987171002,1.000009600282985
77.6445029973788,0.978957525870927,0.05831599567812568,0.9925965340956512,1.020826483914002,0.808580339643269,1.2330726281847348,1.0002476514876628
77.67113877521042,0.9805827026273214,0.0636084088064385,0.9926693748605377,1.0149479719720684,0.8200031271889544,1.2098928167551826,1.0004600195896916
77.69886013387448,0.9824146181846988,0.06844333814377766,0.9928538592197829,1.0092638966801992,0.8334534504705013,1.1850743428898969,1.0006438458981926
77.72775764474531,0.9844565387955819,0.07275529801996211,0.9931459342671275,1.0039601034911927,0.8489573738853001,1.1589628330970854,1.0007963304534528
77.75793935821976,0.9867106300740903,0.07648266760585216,0.993535681413429,0.9992067604854311,0.8665056609355153,1.131907860035347,1.0009146296463478
77.78953137977109,0.9891777406172094,0.07956704240131,0.9940068408023567,0.9951485944783013,0.8860458085682643,1.1042513803883383,1.000995742971979
77.82267986454418,0.9918571363587704,0.08195251115756075,0.9945365002060044,0.9918954995142689,0.9074730914069544,1.0763179076215834,1.0010363831903082
77.85755549993249,0.9947462601217963,0.0835847566512569,0.9950950345229685,0.989513866266633,0.930621755181893,1.0484059773513728,1.0010328182990915
77.89436244137043,0.9978406421448359,0.08440970620692315,0.9956463795232843,0.9880191996563207,0.9552581205992148,1.0207802787134266,1.0009806629482025
77.93335546052623,1.0011341742083797,0.08437115144257591,0.9961486756000479,0.98737077905273,0.9810779885546299,0.9936635695508301,1.0008745746077614
77.97487646204416,1.0046204206386575,0.08340602383481452,0.9965552144541757,0.9874691417845023,1.0077135058911646,0.9672247776778399,1.000707742609846
78.01949973416801,1.0083015729027183,0.08143028960715912,0.9968154594214519,0.9881583381210446,1.0347944066353767,0.9415222696067126,1.0004704847849526
78.06804841988092,1.0121831589857395,0.07831950354180711,0.9968727808043552,0.9892265116592365,1.0618898154751029,0.91656320784337,1.0001487154168538
78.12211467445245,1.0163010888192878,0.07384647443407069,0.9966595699431755,0.9904028768327187,1.0886507557955591,0.8921549978698783,0.9997180645411309
78.18589863098902,1.0208125769039265,0.06742815605665452,0.9960647449887526,0.9913279620387921,1.1151742316327646,0.8674816924448197,0.9991207570293011
78.24914144299007,1.0248488288456512,0.06006666559586371,0.9951735749353808,0.9914420965378448,1.1359680313378036,0.846916161737886,0.9984438062971873
78.31238425499112,1.0283933336901507,0.051906598477441196,0.9940686821224561,0.9906277823891436,1.1514828624939608,0.8297727022843264,0.997694747587489
78.37073892474339,1.0311884410154013,0.04381004215459776,0.9929398280039402,0.9890683948244753,1.1614726860308215,0.816664103618129,0.996951318226969
78.42631473097073,1.0333993698958484,0.035696400529659625,0.991834546575348,0.9869450547406915,1.167512969733624,0.8063771397477592,0.9962076191250041
78.48007415592022,1.0351006554930855,0.02755395551541137,0.99079233828203,0.9844060740118328,1.1704937772628214,0.7983183707608442,0.9954654815141321
78.53226402917332,1.0363276797868834,0.01943791129850115,0.9898504590410371,0.9815971136819039,1.1710167610580249,0.7921774663057829,0.9947335356681271
78.5827969052649,1.0371082431127254,0.011436174066852614,0.9890393201756611,0.9786605743244365,1.1695686730324748,0.7877524756163983,0.994023432205704
78.6313420133751,1.037474996418093,0.003663321727525921,0.9883802602169018,0.9757328658023654,1.1665830615786847,0.7848826700260461,0.9933485797472528
78.67730244794711,1.0374734536170551,-0.003733389653238323,0.9878839655323383,0.9729432401016997,1.1624784932955448,0.7834079869078548,0.9927238308418945
78.71968633352658,1.0371706113622807,-0.010554459835359787,0.987548912050609,0.9704162601592317,1.1577027365979329,0.7831297837205303,0.9921661036379427
78.76594691166483,1.0365107679307413,-0.017963391586632665,0.9873279351012175,0.9677704399369664,1.1515028966135457,0.7840379832603872,0.9915841721997666
78.81536180808922,1.0354292324169347,-0.025791332465003942,0.9872675092306995,0.9651442008224964,1.1438320336151713,0.7864563680298214,0.9910012735565518
78.86747852593646,1.0338731201212688,-0.03389351417607704,0.9874065049222303,0.9626798841544558,1.1346460595420043,0.7907137087669074,0.9904390482690172
78.92194618317531,1.031801686472261,-0.04211964528496242,0.9877760001525048,0.9605327766095684,1.1238984081213494,0.7971671450977873,0.9899195473519372
78.97851221266991,1.0291855856816676,-0.05030888262294473,0.9883978978018861,0.9588732447692145,1.1115188494738961,0.8062276400645328,0.98946514030732
79.03707805379896,1.0260027064292154,-0.05828961510090735,0.9892845884391965,0.9578923516192794,1.0973794003020687,0.81840530293649,0.9890982755994903
79.09785487981601,1.0222253185306955,-0.06588238826380446,0.9904415304629186,0.957819093732077,1.0812256211842044,0.8344125662799494,0.988841882871061
79.16181804816738,1.0177806838186438,-0.07290738540386021,0.9918781653853003,0.9589752694420894,1.0624889320633821,0.8554616068207969,0.988722363328597
79.23280831663678,1.0123703503590273,-0.07922658095894397,0.9936616110323011,0.9620216646032725,1.039435421936538,0.884607907270007,0.9887854394705786
79.29084273951223,1.0076575059141375,-0.08294716827454593,0.9951918980555294,0.9661319729342541,1.0186853293644589,0.9135786165040495,0.9889994973453959
79.34097285270732,1.0034453408074626,-0.0848877718214018,0.9965024511931581,0.9710248735465388,0.9993090533486098,0.9427406937444678,0.9893065179061792
79.38570757979642,0.9996308610128136,-0.08545332752012762,0.9976123247235357,0.9765459682094584,0.9808644210753904,0.9722275153435262,0.9896774266889886
79.43044230688551,0.9958186139261594,-0.08476230956430246,0.998616497197554,0.9832206079791519,0.9613616545872908,1.0050795613710128,0.9901393036828353
79.47131574518257,0.9923879066725726,-0.08290148264872728,0.9993980482691988,0.9903409320382911,0.9426929271668611,1.037988936909721,0.9906389412934703
79.50890094402453,0.9893220087974519,-0.08005354034028835,0.9999666188382657,0.9977110335831758,0.924923226440921,1.0704988407254308,0.991160895283963
79.54384735206504,0.9865859822743273,-0.07635739669234494,1.0003391424750534,1.005185880891257,0.9080226518479773,1.1023491099345368,0.9916964016055136
79.57661749397697,0.9841537188093373,-0.07192838957331713,1.0005321655294996,1.0126159616892236,0.8920024221945454,1.133229501183902,0.9922385729245674
79.60755232544857,0.9820046667965979,-0.06686913921539653,1.0005626606046931,1.019848220922751,0.8768989633595597,1.1627974784859425,0.9927817372501665
79.63691345228115,0.9801215622856165,-0.06127488214717816,1.0004484194246965,1.026730698323183,0.862761288058662,1.1907001085877038,0.993321140152874
79.66490564493198,0.978489279422363,-0.05523665184822296,1.0002081096516167,1.0331177049836848,0.8496438495741913,1.2165915603931785,0.99385271933861
79.69168944387144,0.9770941485944316,-0.0488433801197139,0.9998611842418424,1.0388755107050212,0.8376018897440288,1.2401491316660136,0.9943729280085055
79.71738841829385,0.9759234515131863,-0.04218332483107221,0.9994277059296752,1.0438884007647893,0.8266877818786913,1.261089019650887,0.9948785987602253
79.74209320650706,0.9749649692125802,-0.035344994283454376,0.9989280992872592,1.0480647774225278,0.8169476362122541,1.2791819186328013,0.9953668416133021
79.76586335682919,0.9742065299026951,-0.028417658264129977,0.9983828283254985,1.051342842511446,0.8084178040752834,1.2942678809476083,0.9958349699909753
79.78872733111547,0.9736355365632814,-0.021491555619822317,0.9978120020386025,1.0536953141482408,0.8011211411331988,1.306269487163283,0.9962804462131228
79.81068041340373,0.9732384661306829,-0.01465803301448823,0.9972349290536391,1.0551326599881106,0.7950630424594632,1.315202277516758,0.9967008318895588
79.83167931726265,0.9730003219358428,-0.00801013196443505,0.9966696751433788,1.0557045625171801,0.7902273283386986,1.3211817966956616,0.9970937157056825
79.85163027823374,0.9729039720295624,-0.001644758342410007,0.9961327303171469,1.055499904612773,0.7865719680161667,1.3244278412093795,0.9974565625316146
79.87036195698548,0.972929163368626,0.004330796904999521,0.9956390056680244,1.0546468135337255,0.7840242354788083,1.3252693915886427,0.9977863491689593
79.8882833755376,0.973057741737205,0.01000898616836354,0.9951847507647346,1.0532502795903955,0.7824251468693973,1.3240754123113936,0.9980907074564809
79.90749732652853,0.9733079170368316,0.01601454077559359,0.9947262210645416,1.0511597367849597,0.7816524199189425,1.3206670536509768,0.9984036379488984
79.92782963489154,0.9736970226977226,0.022232931111989474,0.9942824239222241,1.048339843813448,0.7819211661844542,1.3147585214424418,0.9987184291145522
79.94917534359631,0.9742395538444454,0.028561906652229067,0.99387183139115,1.0447967641488347,0.7834216299322553,1.306171898365414,0.999029547103269
79.97147214004778,0.9749476620468176,0.03490512816581462,0.993512283858372,1.0405783871784944,0.7863238352447492,1.2948329391122395,0.9993321769047955
79.99468937080931,0.9758315103475638,0.04117064821178201,0.9932204280634446,1.0357723082737935,0.7907789368980527,1.2807656796495344,0.9996220398331261
80.01882230123299,0.976899572103894,0.04727081063655762,0.9930110071866286,1.0305014508525914,0.796919422494673,1.2640834792105098,0.9998952925205494
80.04388889744132,0.9781588978119277,0.053122579883286655,0.9928961117829399,1.024917544993572,0.8048586967391973,1.2449763932479463,1.00014845336874
80.06992782316006,0.9796153378096227,0.05864781944579334,0.9928844464334933,1.0191929932770505,0.8146900138275455,1.2236959727265555,1.0003783321553152
80.09699704244728,0.9812736960800752,0.06377332727043068,0.992980633811168,1.0135117272777614,0.8264844573253473,1.2005389972301757,1.0005819533039348
80.12517280444068,0.9831377923407388,0.0684306042052967,0.993184562026954,1.0080595636804754,0.8402876036439495,1.1758315237170016,1.0007564704130862
80.15454902106241,0.9852104200701031,0.0725554146822635,0.9934907818978123,1.003014408802774,0.8561145957923183,1.1499142218132297,1.000899072065965
80.18523722417108,0.9874932032621666,0.07608721751441298,0.993887975426397,0.9985365271962945,0.8739435685685478,1.1231294858240413,1.0010068784665997
80.2173674859743,0.9899863738397221,0.07896851576601667,0.994358540094398,0.9947590440791803,0.893707694907327,1.0958103932510335,1.0010768261218168
80.25109099682402,0.9926885169471322,0.08114410562886414,0.9948783578575308,0.9917789158703271,0.915286565307333,1.0682712664333212,1.0011055337890578
80.28658555286785,0.9955963676037123,0.08256008772823133,0.995416831839848,0.989648764361492,0.9384981557127259,1.040799373010258,1.001089136147547
80.3240662695081,0.9987047985738359,0.08316230847242591,0.9959372611945913,0.9883701725777283,0.9630932369954298,1.013647108160027,1.0010230588024855
80.36380603076617,1.0020072397593167,0.08289354029311048,0.9963975610090833,0.9878891751628727,0.9887546741773866,0.9870236761483586,1.000901680878976
80.4061997120704,1.0054989857774663,0.081687002944463,0.9967513358771795,0.9880948482381555,1.0151195433997167,0.9610701530765943,1.0007176449334245
80.45186866319554,1.0091819430566054,0.0794510158387932,0.9969479996684056,0.9888218562458368,1.0418061222434007,0.935837590248273,1.0004604672909552
80.50177757777178,1.0130661092521516,0.07604357590721283,0.9969305716137793,0.9898498822417252,1.0684024521239424,0.911297312359508,1.0001143278483395
80.55791586031563,1.0172033744388569,0.0711858718261335,0.9966272792593581,0.9908976242000148,1.0946289169803731,0.8871663314196565,0.999650057597169
80.6263518311504,1.0218376953057857,0.06404830409309817,0.9958970843092015,0.9915659701558415,1.1209334964335829,0.8621984438781001,0.9989872760644548
80.68760934037682,1.0255411913364523,0.05673817065205389,0.9949779903424847,0.9913477230612746,1.1391762735930724,0.8435191725294768,0.9983149082081675
80.74886684960325,1.0287747464329866,0.04873046935881635,0.9938898981565065,0.9902823150037876,1.1526545730226545,0.8279100569849208,0.997579674752658
80.80622113057512,1.031342172743442,0.04072553416562397,0.9927910337559178,0.9885551417694534,1.1613073917732943,0.8158028917656123,0.9968454938679434
80.86114725092463,1.0333599461158933,0.03269409842767688,0.9917278045427019,0.986328200261074,1.1663648881179751,0.806291512404173,0.9961115221282043
80.91432757397139,1.034885796299993,0.02465195241835285,0.9907386451222704,0.983744033719494,1.1685909318730558,0.7988971355659321,0.9953822044865529
80.96589922251573,1.0359518573228177,0.016664844862909232,0.9898578629271566,0.980943287811374,1.1685369935410443,0.7933495820817037,0.994667020642182
81.01570647557759,1.0365871071191175,0.008827343544775868,0.989112296070987,0.9780627259382025,1.1666634098152326,0.7894620420611724,0.9939778975237235
81.06335489648069,1.0368276246769907,0.0012604553095086407,0.988519413221833,0.9752326074186397,1.163389566060365,0.7870756487769144,0.9933282630418508
81.10815773723677,1.0367241910533258,-0.0058786314720371815,0.9880859176688013,0.9725765305746237,1.159131573899531,0.7860214872497163,0.9927330274787713
81.15177484171085,1.0363163564300397,-0.012817404558767918,0.9877911199863103,0.9700561386278578,1.1539936260261776,0.786118651229538,0.9921743451678321
81.1989443902226,1.0355357067241702,-0.020270029375845204,0.9876234356650824,0.9674672064038466,1.1474295506853973,0.787504862122296,0.991600171256403
81.24905947608568,1.034323569023043,-0.028081391540794517,0.9876252527076763,0.9649451604153461,1.13939411671149,0.7904962041192022,0.991032408179678
81.30171448575666,1.0326326437477027,-0.03610879589080289,0.9878317277468955,0.9626327369545051,1.1298438973205944,0.795421576588416,0.990492185153142
81.35659817327668,1.0304272905381557,-0.04420199867405088,0.9882700279231179,0.9606859537557717,1.118727524698346,0.8026443828131976,0.9900010341600192
81.41350841020595,1.0276819934009631,-0.05220009873656194,0.9889582070289601,0.959276776438663,1.1059620419537886,0.8125915109235375,0.9895807060179337
81.4724303197155,1.0243753776637874,-0.059932232557443545,0.9899055344086437,0.9586010334192998,1.0913924694872335,0.8258095973513662,0.9892530586467502
81.53374507482845,1.0204727679806114,-0.0672209520522351,0.9911165634507689,0.958902320796382,1.0747033029787834,0.8431013386139807,0.9890409543742075
81.59890136182078,1.0158688349428109,-0.07389235434453736,0.9926073657774451,0.9605523780999674,1.055145508666818,0.8659592475331168,0.9889730335547923
81.67448285125162,1.01004487875227,-0.07986295864506782,0.9945072887598229,0.9645110556769958,1.0299136717913115,0.89910843956268,0.9891136257105706
81.72869686793449,1.005632459412073,-0.08268878422751397,0.9959060007544079,0.9689295867776465,1.0100173353746236,0.9278418381806695,0.989367479145791
81.77633228686534,1.0016583877184781,-0.08396087111621764,0.9971001306484286,0.9740409798162455,0.9912521523260678,0.9568298073064231,0.9896990357401964
81.82396770579619,0.9976542629074007,-0.0839211014242547,0.9982065620390118,0.9803926075094096,0.9712970190164103,0.9894881960024088,0.9901325638024142
81.86697232670349,0.994068877701022,-0.08260948244511458,0.999081774451856,0.9872289074986351,0.9523194870594325,1.0221383279378378,0.9906102179890689
81.90621701483197,0.9908695425921795,-0.08024124902974338,0.9997385921967025,0.9943628074813144,0.9343044624111639,1.0544211525514648,0.9911150178333545
81.94252934668027,0.9880119117640913,-0.07697202301515109,1.0001953728180415,1.0016587925426927,0.9171729021932703,1.086144682892115,0.9916373819595015
81.976462494259,0.9854658976202081,-0.07292533962921045,1.0004685694673416,1.0089736927330577,0.9009132319452081,1.1170341535209072,0.9921697788125001
82.00840961264615,0.9832091239493436,-0.06820821365438906,1.0005745575182134,1.0161585603496388,0.8855506924067716,1.1467664282925059,0.9927060183709697
82.03866639272006,0.9812233753704632,-0.06291823587213097,1.0005304018938275,1.0230635431951005,0.8711285675434457,1.1749985188467555,0.9932409391966105
82.06746216523466,0.9794929808833297,-0.057147525402354994,1.0003540443940517,1.0295428455355233,0.8576986115591245,1.2013870795119221,0.9937701640522462
82.09497666585241,0.9780039558786138,-0.05098523365172708,1.0000642663516792,1.0354600949839317,0.8453153789939966,1.2256048109738666,0.9942899057449641
82.1213495717295,0.976743435933421,-0.04451922378684936,0.9996805441258869,1.0406941219486159,0.8340321626715377,1.2473560812256943,0.9947968159233159
82.14668593926328,0.9756992128159626,-0.03783718210607724,0.9992228290386526,1.0451449147887426,0.8238974973631867,1.2663923322142987,0.9952878702502783
82.17105902564734,0.9748592918854603,-0.031027279154314125,0.9987112550791445,1.0487393535745577,0.814951717638747,1.2825269895103686,0.9957602839709155
82.19451114994087,0.9742114379172153,-0.02417847377926912,0.9981657742138251,1.051436217680116,0.8072233378930118,1.2956490974672201,0.9962114508478301
82.21705263755165,0.9737426975232442,-0.01738062610955236,0.9976057312309697,1.0532299377375416,0.8007252053305437,1.3057346701445396,0.9966388942599307
82.23865813820325,0.9734388870742275,-0.010724781443612018,0.997049415271555,1.054152693724445,0.7954504828406106,1.3128549046082794,0.9970402101297752
82.25925821472734,0.9732840069001828,-0.004304405391682557,0.996513665363586,1.054274851831324,0.7913685027499544,1.317181200912694,0.9974129621664947
82.27872072218786,0.9732594543963525,0.0017806519909571838,0.9960136801179187,1.0537045791281106,0.7884202888513921,1.318988869404829,0.9977544426437468
82.29680584857122,0.9733426452007803,0.007412582293867733,0.9955633842858298,1.0525894849565267,0.7865128241568599,1.3186661457561935,0.9980610596315043
82.31565948956987,0.973537294989179,0.013222331487436404,0.9951171474546964,1.0508550418676779,0.7854106026012674,1.3162994811340882,0.9983684762635995
82.33570072725813,0.9738632875236579,0.019287295274762244,0.9946776996090827,1.0484200964635186,0.7852585599631258,1.3115816329639116,0.9986803000054888
82.35679897344343,0.9743361278768377,0.02550261251051478,0.9942632411154353,1.0452735814104765,0.7862540734442806,1.3042930893766724,0.9989906309591107
82.3788754324956,0.9749688138574711,0.031771101718361554,0.9938914635471691,1.0414451153795863,0.7885731106608598,1.294317120098313,0.9992944245370207
82.40188671860305,0.9757722180345247,0.03800016649262894,0.9935791432854338,1.0370040734318189,0.7923724722705667,1.2816356745930713,0.9995872214905163
82.42581734534687,0.9767553959183246,0.044101280732548924,0.9933414822124998,1.0320563088100323,0.7977902588567996,1.266322358763265,0.9998650242977326
82.45067564455674,0.9779258578846496,0.04999022728430819,0.9931913737429668,1.0267386413047317,0.8049455936871708,1.2485316889222926,1.0001242180121717
82.47649135108998,0.9792898054812259,0.05558744873997638,0.9931386671017085,1.0212115161550641,0.8139377647317371,1.228485267578391,1.0003615019514696
82.50331400301724,0.9808523114343218,0.06081821757492032,0.9931894638747735,1.0156504087398543,0.8248445838920995,1.206456233587609,1.0005738178084063
82.5312117957159,0.9826174191566204,0.06561254028922478,0.993345458749755,1.010236524267814,0.8377196244523613,1.1827534240832664,1.0007582694391364
82.56027081521879,0.9845881448338019,0.06990482412371782,0.9936033304874379,1.0051472088410187,0.8525880298884266,1.157706387793611,1.000912033687639
82.59059477034185,0.9867663784408052,0.07363337806664094,0.9939541979267424,1.000546344648962,0.8694407515242779,1.131651937773646,1.0010322622177463
82.62230552680938,0.9891526973329926,0.07673980993740184,0.9943831751240158,0.9965749200503362,0.8882273508103976,1.104922489290275,1.0011159727391594
82.65554500347389,0.991746128231304,0.07916832942474236,0.9948690830393818,0.9933419823895827,0.9088478890259528,1.0778360757532126,1.001159924757112
82.69047943324914,0.9945439239554964,0.08086487232059231,0.9953843930769377,0.9909162985966822,0.9311449149334142,1.0506876822599502,1.0011604695231382
82.72730781791198,0.9975414671230927,0.08177580371086504,0.9958954765989825,0.9893192283307741,0.9548971178826541,1.023741338778894,1.00111335396267
82.76627805820618,1.0007324903034198,0.08184567969456889,0.996363194229912,0.9885194727717639,0.9798167843634125,0.9972221611801153,1.0010134381274929
82.80771792199053,1.0041099603672532,0.08101299018906111,0.9967437476406027,0.9884303585322356,1.0055538006099392,0.9713069164545322,1.0008542396125844
82.85217816045247,1.0076747742645524,0.07919738462617404,0.9969897477455311,0.9889111705551893,1.0317559940604513,0.9460663470499273,1.0006266353743871
82.9004450817701,1.0114306991610191,0.07628139452185537,0.9970482683849605,0.9897683218309763,1.0580152391163777,0.9215214045455749,1.000317454801546
82.95399838141668,1.0154069746977572,0.07205641604249896,0.9968568354435611,0.990751897508501,1.0839868752713557,0.8975169197456463,0.9999043832509807
83.01660761501847,1.0197347194159996,0.06600848712481859,0.9963171164973939,0.9915304517939918,1.1097046122115897,0.8733562913763938,0.9993364061948519
83.08084240795355,1.0237476810494601,0.058783718624055264,0.9954694660576746,0.9915989445112736,1.1307309920413333,0.852466896981214,0.9986691369685194
83.14507720088864,1.0272688503567844,0.050727070494693646,0.9944074693315123,0.9907821738487942,1.1464872051905326,0.8350771425070558,0.9979287930251165
83.2037310830781,1.030013801495214,0.04278915506806688,0.993328548231258,0.9892654955907489,1.1565953174105252,0.8219356737709727,0.9972007976941798
83.25933276747449,1.0321740585238357,0.03485707937831814,0.9922746247376901,0.9872207579081165,1.1627647475732878,0.811676768242945,0.9964757746726839
83.31298552401012,1.0338321167927487,0.026907590793468616,0.9912817164908179,0.9847860447673851,1.1659080547803176,0.8036640347544525,0.9957541179112127
83.36498176702271,1.0350261931606506,0.01899208487755268,0.9903847739286955,0.9820983235086831,1.1666231408570364,0.7975735061603297,0.9950437322165336
83.41526096327152,1.0357855665333147,0.011195076183249506,0.9896123877196534,0.9792920351090342,1.1653881295179196,0.7931959407001488,0.9943555733807218
83.46351844208137,1.0361434354135617,0.0036263806992148763,0.9889845377449801,0.9764960307989745,1.1626264300493205,0.7903656315486284,0.9937022521136253
83.50919124847273,1.0361446954970643,-0.0035740438406326475,0.9885111336638156,0.9738321312995418,1.1587448018956041,0.7889194607034795,0.9930976703574595
83.55130068615608,1.0358543736439334,-0.010212225958315519,0.9881908831448012,0.9714192795345713,1.154180067646398,0.7886584914227446,0.9925580545932663
83.59714768206696,1.0352211111682585,-0.017403439134228885,0.9879790432422109,0.9688993145737406,1.1482285080071268,0.7895701211403543,0.9919963260803418
83.64606667202327,1.0341837062905126,-0.024990997833202876,0.9879187590365357,0.9664013081474541,1.1408367696841173,0.791965846610791,0.9914340376920385
83.6976201777176,1.03269232373731,-0.032835582489322404,0.9880463852881379,0.9640604347606552,1.131959655178653,0.7961612143426574,0.99089165306317
83.75147336974763,1.0307084902357313,-0.040793137879497815,0.9883910248902497,0.9620242186750214,1.121550842419701,0.802497594930342,0.9903899695513014
83.80738931191826,1.028204293955542,-0.04870990440947546,0.9889732846664825,0.9604545857492148,1.1095429046465894,0.8113662668518402,0.9899500747279767
83.86527971281504,1.0251585503959928,-0.056421819490155754,0.9898049342834475,0.9595330527312613,1.0958156603920006,0.8232504450705219,0.9895931625201688
83.92534777091964,1.0215452927292317,-0.06375657128173638,0.9908910920346171,0.9594763105402977,1.0801334743217863,0.838819146758809,0.9893409146098527
83.98849885819601,1.0172992346923644,-0.07053903541931275,0.9922395037483694,0.9605848096560662,1.0619781173592506,0.8591915019528817,0.9892181376436048
84.05814451467172,1.0121651688066136,-0.07662168900449798,0.9939042274628548,0.9634506940190144,1.0398301650785131,0.8870712229595156,0.9892660875995641
84.11694222193381,1.0075437038623816,-0.08033594268605673,0.9953823943365722,0.9674380148355635,1.019278281096129,0.9155977485749979,0.9894654999371114
84.16761393951921,1.003418511367796,-0.0822718196020401,0.9966476075295885,0.972184266275157,1.0001449332659489,0.944223599284365,0.9897584442565832
84.21275661400546,0.999687245761864,-0.08284415270623958,0.997718347911854,0.9775295311038074,0.9819827907375256,0.9730762714700891,0.9901151446602926
84.2578992884917,0.9959575205677854,-0.0821788351463832,0.9986878551837266,0.9839824697091861,0.96280671326362,1.0051582261547523,0.9905615222146595
84.29913620090272,0.9926019799699743,-0.08036370691000552,0.9994429508032586,0.9908505395167129,0.9444855071374894,1.0372155718959364,0.9910456947869207
84.3370676442107,0.9896029514768575,-0.07758038389614207,0.9999933393790478,0.9979446143061415,0.9270717840986493,1.0688174445136336,0.9915525326986798
84.37235546266653,0.9869260943820234,-0.0739660907694401,1.0003554342337322,1.0051247431171744,0.910530671887352,1.099718814346997,0.9920733875735449
84.40546629303573,0.9845461736857309,-0.06963455173683997,1.0005451777827967,1.012246768393233,0.8948707177484443,1.1296228190380218,0.9926014225899591
84.43674187797195,0.9824435032171619,-0.06468696768024781,1.0005789289079823,1.0191636163133853,0.880126472649187,1.1582007599775834,0.9931309790160548
84.46644322840785,0.9806015941905952,-0.05921732249623121,1.0004738689995238,1.0257299660400119,0.866345342827194,1.1851145892528299,0.9936572932058064
84.49477388455571,0.9790059822225178,-0.05331550138084836,1.0002480553766662,1.0318073159193033,0.8535802162768722,1.2100344155617344,0.9941762811152346
84.52189282795601,0.9776435415697078,-0.04706931895482004,0.9999203208883436,1.037269460639716,0.8418846796768177,1.2326542416026143,0.9946843691455737
84.54792187103348,0.9765019843399811,-0.04056587016019053,0.9995100861409849,1.0420082491429437,0.8313092702621772,1.2527072280237104,0.9951783639634479
84.57294975017506,0.9755694172101843,-0.03389237952788555,0.9990370995381777,1.045939306737267,0.821898019692772,1.269980593781762,0.9956553552208753
84.59703397237305,0.9748339017067762,-0.02713664664671072,0.9985211059126924,1.0490072741832281,0.8136849312755379,1.2843296170909186,0.9961126450048122
84.62020077361944,0.9742829974493482,-0.020387208071186293,0.9979814490388484,1.0511900490508752,0.8066902578407766,1.2956898402609738,0.9965476953725507
84.64244289693409,0.9739032789776371,-0.013733461728137365,0.9974366314414749,1.0525015621156002,0.8009165919370602,1.3040865322941402,0.996958079089976
84.66371390491756,0.9736798049565171,-0.007266280406247705,0.9969038856849618,1.052992866508566,0.796344828157173,1.3096409048599587,0.9973414058260507
84.68391562959997,0.9735954668745732,-0.0010802576626532208,0.9963988611571555,1.052751885394649,0.7929299366692116,1.312573834120086,0.99769516731278
84.70286955278718,0.9736299954235853,0.0047196099710796685,0.9959356397910604,1.0519033891957847,0.7905960383389632,1.313210740052606,0.9980163645417102
84.72125684484709,0.9737682128607625,0.010304608146155714,0.9955044767004065,1.05052429631008,0.7891724727107793,1.3118761199093807,0.9983167553913258
84.74092386662642,0.9740289576907406,0.016193412803004386,0.9950717009365541,1.048480893726366,0.7885958374669075,1.3083659499858247,0.9986245816285495
84.761705430317,0.9744289788979702,0.022276778475040483,0.9946552785344029,1.045744183060579,0.7890727370121465,1.3024156291090112,0.9989334410979738
84.78350171243503,0.9749822890878133,0.028456093483917436,0.9942727025198395,1.042324600923996,0.7907862699729503,1.2938629318750416,0.9992379964499783
84.80625387465403,0.9757006160908994,0.03463795314000304,0.9939408092813832,1.0382720380951374,0.7938998145953535,1.2826442615949212,0.999533571997532
84.82993386280623,0.9765937327849253,0.0407329454796744,0.9936751987380031,1.0336736956279624,0.7985579731808842,1.2687894180750408,0.9998159913217934
84.85453901712646,0.977669735551333,0.04665565955470089,0.9934895301460556,1.0286497058613935,0.8048864907180439,1.2524129210047432,1.0000814852766147
84.8800890222924,0.978935291146224,0.05232504757792391,0.9933947892235393,1.0233467402596317,0.8129915860565151,1.2337018944627482,1.0003266228948262
84.90662400047343,0.9803958393988413,0.057664716218863335,0.9933985761518929,1.0179301053232936,0.8229586400214867,1.2129015706251005,1.0005482437132733
84.93420319395673,0.982055728346611,0.06260297896896827,0.9935044355931018,1.0125748894473847,0.8348499581537239,1.1902998207410456,1.0007433831600498
84.96290404642353,0.9839182611399858,0.06707265156981351,0.9937112370138829,1.0074566388227442,0.848701287210359,1.1662119904351294,1.0009091889147577
84.99282172165098,0.9859856447989563,0.07101064517681073,0.9940126157025921,1.002741901535988,0.864516871414896,1.1409669316570799,1.0010428282041646
85.02406928208474,0.9882588463266305,0.07435742494050435,0.9943964991119922,0.9985788688871609,0.8822630598341564,1.1148946779401654,1.0011413853530748
85.05677896596474,0.9907373811578281,0.07705636871459005,0.9948447642083351,0.9950883141598169,0.9018608074584207,1.0883158208612131,1.0012017464272294
85.09110535012614,0.9934190848414299,0.07905298711274936,0.9953330914943332,0.9923550978039155,0.9231778444352968,1.0615323511725343,1.0012204634786999
85.12723181462212,0.9962999560317914,0.08029384124016531,0.995831088975054,0.990420655122417,0.9460217982044601,1.0348195120403738,1.0011935833417167
85.16538294762861,0.9993742183205139,0.08072478083951731,0.9963027382420939,0.9892770467306203,0.9701360976928692,1.0084179957683714,1.001116411211046
85.20584812858476,1.002634860513042,0.0802877210279563,0.9967071404763609,0.9888632226709635,0.9952010418744317,0.9825254034674953,1.0009831471977615
85.24906942267036,1.0060784629037767,0.0789125384218435,0.9969995712211367,0.9890643817305074,1.0208671960465427,0.9572615674144719,1.0007860399735942
85.2957170426395,1.0097067937111692,0.07650084692309198,0.9971309337430773,0.9897142286722738,1.0467569433329695,0.9326715140115779,1.0005140108649093
85.34689970136745,1.013533980278173,0.07289398511493857,0.9970453133466194,0.9905932430775549,1.072490545668228,0.9086959404868817,1.0001497587014612
85.40505552967211,1.0176287652615865,0.06775859058856844,0.9966677757376502,0.9914178343906863,1.0978780013809177,0.884957667400455,0.9996592508538173
85.47892258971594,1.0223527834849366,0.05992818500904262,0.9958178659315473,0.9917395746816263,1.1238646476286598,0.8596145017345929,0.9989314793106158
85.53868242860031,1.0257223540493463,0.052728049762284165,0.9949003438272892,0.9912043124438776,1.1398023412488714,0.8426062836388839,0.9982687085261377
85.59844226748469,1.0286425407720818,0.0449106725067855,0.993853591064612,0.9899180439108771,1.1514515656635782,0.828384522158176,0.9975514534693105
85.65488401827622,1.030958017500066,0.037072297860078485,0.9928116997855424,0.9880643425132561,1.1588466565152127,0.8172820285112996,0.9968347233748778
85.70909036167549,1.0327558993820842,0.029215144154484132,0.9918176265200493,0.985788083238422,1.1629852626579713,0.8085909038188728,0.9961206840964695
85.76154908043138,1.0340836992183597,0.021373924822384364,0.9909067346426738,0.9832226763817973,1.16453152894509,0.8019138238185046,0.99541539204888
85.8123096236505,1.0349724839362435,0.013622428756166061,0.9901091581476741,0.9804999606813649,1.163989336021297,0.7970105853414328,0.9947287119369963
85.86115695392732,1.0354535197753816,0.006060126862870692,0.9894472324984908,0.977747355912791,1.1617908365067682,0.7937038753188139,0.9940724398020432
85.90763608552307,1.0355668806528575,-0.0011872547189504395,0.9889339115872927,0.9750855364700641,1.158338915895384,0.7918321570447443,0.9934596250174503
85.9509611869566,1.0353688486317814,-0.007953326590714422,0.9885716099948996,0.9726296681511368,1.1540463524202893,0.7912129838819845,0.9929049348994793
85.99553650310371,1.034859557035823,-0.014890505087113051,0.9883265177667597,0.9701872496943178,1.1486447157065274,0.7917297836821081,0.9923570649809749
86.04333688722943,1.0339712509837296,-0.022261355023284284,0.9882165035106991,0.9677274466757068,1.1418309284599988,0.7936239648914147,0.9918022613378945
86.09386189311755,1.0326522432577632,-0.029924017995850934,0.9882789287570055,0.9653804057964877,1.1335594691286734,0.797201342464302,0.9912607978005715
86.1467552125452,1.0308616805934987,-0.037739493135828306,0.9885443208339838,0.9632861457151509,1.1237860602701284,0.8027862311601733,0.990752792230392
86.20175403339924,1.0285693466924966,-0.04556036705485035,0.9890353439095915,0.9615980403192657,1.1124533278450754,0.810742752793456,0.9902986901939025
86.25871985116629,1.0257531762714587,-0.05322904444595862,0.9897660676653546,0.9604863718727248,1.0994647875832428,0.8215079561622066,0.9899190857324861
86.31774014336311,1.0223913439837244,-0.06057879138455954,0.990743013559745,0.9601489361396117,1.08463749699608,0.8356603752831435,0.9896348279879993
86.37940351005176,1.0184395842488596,-0.06743703866684414,0.9919708120333688,0.9608428394868362,1.0675893643673924,0.8540963146062802,0.9894685407240023
86.44579485838727,1.013748908160819,-0.07363872604662805,0.99347544473075,0.9630002384504925,1.0473436547788701,0.8786568221221148,0.9894518356500045
86.51234527089615,1.0086831486638996,-0.07831268780352643,0.9950958196734949,0.9668854115626354,1.02494995473089,0.9088208683943808,0.9896156877781032
86.56518013075431,1.0044772654987404,-0.08067768716198233,0.9963948384259,0.9713782662160942,1.005601053483937,0.9371554789482515,0.9898803082991192
86.6118374169289,1.0006870871231284,-0.08159419255228796,0.9974978169701064,0.9764921421489492,0.9873416768591309,0.9656426074387674,0.9902150184807613
86.6584947031035,0.9968829450709028,-0.08124987523217773,0.99850888587516,0.9827469374435864,0.9680134450338596,0.9974804298533134,0.9906443803639959
86.70086236433279,0.9934688228793964,-0.07971165310799048,0.9993033189410421,0.9894299728044648,0.9496123081667212,1.0292476374422084,0.9911145686014614
86.73969022892835,0.9904193897692539,-0.07717593080679039,0.9998922505433137,0.9963579825191995,0.9321501725106524,1.0605657925277465,0.9916098139212206
86.7757292844259,0.9876960225450478,-0.07378731509768019,1.0002926012293052,1.0033966256071594,0.9155676980535279,1.0912255531607906,0.9921211120071449
86.8094914190228,0.9852717961392252,-0.06966298500442666,1.0005201108563202,1.0104058016659132,0.8998619305411196,1.1209496727907067,0.9926413354685889
86.84134423140266,0.9831263505419161,-0.06490585747726214,1.0005907026844936,1.0172414748635097,0.8850616436306636,1.1494213060963558,0.9931645852832259
86.87156544587604,0.9812429215117057,-0.05961070686742418,1.0005210653354857,1.0237604703609104,0.8712111638440366,1.1763097768777844,0.993685904281193
86.90037052383222,0.9796069421055709,-0.05386763344592545,1.000328767332765,1.0298254247639473,0.8583617952843223,1.2012890542435721,0.9942010551185582
86.92792768168144,0.9782052726611546,-0.04776426891124399,1.000032181026083,1.035310080382611,0.8465665277974003,1.2240536329678218,0.9947063445520228
86.9543664305377,0.9770256719496693,-0.0413872339386263,0.9996503083530639,1.0401048682738883,0.8358760819985998,1.2443336545491768,0.9951984873986777
86.97978237370977,0.9760563501984424,-0.03482306355962666,0.999202532869222,1.0441225081174421,0.8263353963656613,1.2619096198692228,0.9956745041916695
87.00423955052386,0.9752855365826173,-0.02815871044679611,0.9987083015334797,1.0473032117218959,0.8179801261998204,1.2766262972439713,0.996131646585799
87.02777083671896,0.9747010345395734,-0.021481736842531247,0.9981867404344946,1.049618997537919,0.8108329785955627,1.2884050164802754,0.9965673426783155
87.0503762684832,0.9742897541278223,-0.014880404755339817,0.9976562234521439,1.0510766447355269,0.8048998675088932,1.2972534219621608,0.9969791492079411
87.07201827413738,0.9740372045608175,-0.00844410737019703,0.9971339396737059,1.0517190094366264,0.8001659415690286,1.3032720773042241,0.9973646868127134
87.09261103956247,0.9739268897822843,-0.002265087100124012,0.9966355477354296,1.051624897785978,0.7965914553114356,1.30665834026052,0.9977215112194282
87.11199666736165,0.9739394325488459,0.0035563333061055385,0.9961750901379953,1.0509086856095178,0.794107087260936,1.3077102839580996,0.9980468115303188
87.13024685739352,0.9740541203997756,0.009003839185477334,0.9957575364922744,1.0496944553773264,0.792584979053489,1.3068039317011637,0.9983423589576111
87.14982486939051,0.9742870353574912,0.014773758500022945,0.9953350348920948,1.04784247319542,0.7918630082940421,1.303821938096798,0.9986466250340075
87.1705486937072,0.9746554476424505,0.02075556703867196,0.9949251946901344,1.0453168380865936,0.7921506832047689,1.298482992968418,0.9989530075053894
87.19230814871368,0.9751737763556358,0.026850612609517523,0.9945451620095858,1.0421200126504533,0.7936330297160543,1.290606995584852,0.9992560566030037
87.21503703269873,0.9758540866739203,0.03296577144966003,0.9942115255976405,1.0382930952609404,0.7964750871745153,1.2801111033473656,0.9995510179899338
87.23870144682888,0.9767064300206073,0.0390118580741171,0.9939397819485005,1.0339141564642982,0.8008230789489542,1.2670052339796423,0.9998336499559124
87.26329368791977,0.9777391220720592,0.04490349091411015,0.9937436532167014,1.029094409014709,0.8068043886340418,1.251384429395376,1.0001001243505536
87.28882884642485,0.9789589887783711,0.05055943683453006,0.9936343630268587,1.0239723332398598,0.8145269176735729,1.2334177488061469,1.000346956765189
87.31534273293222,0.9803715731116254,0.05590295017724681,0.9936199266258785,1.0187062002849887,0.82407785008385,1.2133345504861273,1.0005709410143393
87.34289048114324,0.9819812808608859,0.06086189808596346,0.9937044816396339,1.0134655402375434,0.8355215854455827,1.191409495029504,1.0007690776563312
87.37154557889167,0.9837914441573802,0.06536862827284298,0.9938876703612736,1.0084220484824427,0.8488965323877126,1.1679475645771726,1.0009384935547831
87.40139932885167,0.9858042906898357,0.06935962036053445,0.9941640836692985,1.003740298427282,0.8642105356677615,1.1432700611868025,1.0010763522192756
87.43256093093535,0.9880208210476199,0.07277498549866458,0.9945227881523989,0.9995685151958678,0.8814349114948581,1.1177021188968774,1.0011797544995498
87.46515858762214,0.9904406151677235,0.07555785486060371,0.9949469770575199,0.9960296202719024,0.9004973722567302,1.0915618682870747,1.001245627081603
87.4993423527253,0.9930616129606759,0.07765363242097327,0.995413805002447,0.9932128041884507,0.9212745239455185,1.065151084431383,1.0012705922886176
87.5352900147749,0.9958799483209728,0.07900897422386195,0.9958944756732558,0.9911660099736386,0.9435851000882121,1.038746919859065,1.001250805844287
87.5732184020686,0.9988899691949865,0.07957016340558502,0.9963546361306395,0.9898898625272898,0.9671856142838935,1.0125941107706862,1.0011817361489097
87.61340479845956,1.0020846749256613,0.07928019078039934,0.996755068878907,0.9893336598877975,0.9917706428300422,0.9868966769455529,1.001057830570069
87.65625633390269,1.005459191503192,0.07807201318957206,0.9970526678831675,0.9893940981870746,1.016996530979248,0.9617916653949014,1.0008718094315672
87.70241227546458,1.0090148972831627,0.07585304963157939,0.9972003647401937,0.989917377756127,1.0425036742219491,0.937331081290305,1.0006132866890671
87.75288115477812,1.012761830407289,0.07247851379627265,0.9971449044621008,0.9906980826242927,1.0679119022485601,0.9134842630000253,1.0002664515419761
87.80979030357247,1.016754058408829,0.06765851750367578,0.9968177177986963,0.9914706717013753,1.0929891330824701,0.8899522103202805,0.9998014906785773
87.8800933462147,1.0212652816709713,0.06047325469655948,0.9960729123698087,0.9918384973102338,1.1183643380965684,0.8653126565238991,0.9991302680839967
87.94085061746215,1.0247274727262787,0.05337212564043839,0.9951929010348369,0.9914123023783434,1.135285571242084,0.8475390335146028,0.9984753128138703
88.0016078887096,1.027737368289508,0.04560848525727623,0.9941690440970463,0.9902330747497099,1.1477845668618325,0.8326815826375872,0.9977626952065376
88.05853880098483,1.030115047678435,0.03785097858882914,0.9931454567925502,0.9884817045520704,1.155797426314804,0.8211659827893367,0.9970535164197093
88.11301065338235,1.031966620258117,0.03008196051321215,0.9921638907860447,0.9863011577091096,1.1604409555548287,0.8121613598633906,0.9963477133664785
88.1656513521009,1.03334689896778,0.022324059334323326,0.9912588779906161,0.9838206387743069,1.1624211802731383,0.8052200972754756,0.9956499787288472
88.21657543768214,1.034288814310917,0.014644949237141052,0.9904606653446466,0.9811686505032249,1.1622549580200978,0.800082342986352,0.9949694588705689
88.26561539231193,1.0348232959542167,0.007138642243147773,0.989792216141507,0.9784700382885332,1.1603775539320502,0.7965625226450161,0.9943173988838677
88.3123681733733,1.0349885331653967,-7.619886457569443e-05,0.9892675505049403,0.9758432827206613,1.1571889579015924,0.7944976075397304,0.9937062948041653
88.35613014083894,1.0348370757009324,-0.006845365954483262,0.9888905946853,0.9734007027874005,1.153090989667639,0.7937104159071621,0.9931500192409439
88.40000181167278,1.03438817853045,-0.013612776235328299,0.9886342812519482,0.9710251796619016,1.1479994851348292,0.7940508741889739,0.9926136233929274
88.4471556467789,1.033575888842928,-0.020826014615060295,0.9885035719212446,0.9686156168029325,1.14151789271888,0.7957133408869849,0.9920675356518627
88.49706418144946,1.0323482938374104,-0.028343125539164005,0.9885356803037738,0.966298235494848,1.1335991670977914,0.7989973038919045,0.9915316982845694
88.54936330084028,1.0306639996284248,-0.03602849625364321,0.9887612617065417,0.9642079668576978,1.1241991899844337,0.804216743730962,0.9910256591784066
88.60378218810061,1.0284920490363834,-0.04373905005448474,0.9892035455732257,0.9624925299485094,1.1132645717162397,0.811720488180779,0.9905692875473436
88.66016492532374,1.025809953697938,-0.051321858439644416,0.9898774904908147,0.9613153723346397,1.1007091462729282,0.8219215983963511,0.9901826270422701
88.71855485874515,1.0225972493836115,-0.05861461272981152,0.99079038522626,0.9608642949167718,1.0863729662475108,0.835355623586033,0.9898859213061317
88.77941945201927,1.0188172946538145,-0.06544801769034583,0.9919461292323021,0.9613769237942745,1.0699298683005798,0.8528239792879693,0.989700734856344
88.84440158990886,1.0143559024747457,-0.07165430758682698,0.9933621911594047,0.9632277715840148,1.050590352239095,0.8758651909289348,0.9896552677684402
88.92135120115272,1.0086159449241203,-0.07716050511134179,0.9951867531790758,0.9674762669554271,1.0251497765167819,0.9098027573940722,0.9898199294005867
88.97433816145247,1.0044592736646334,-0.07951704854389398,0.9964620279600291,0.9718968801374274,1.005952876670025,0.9378408836048298,0.9900777695532074
89.0212115524858,1.0007059002261596,-0.08043644152381409,0.9975473962336902,0.976936689533476,0.9878146990680324,0.9660586799989196,0.9904062696576081
89.06808494351912,0.9969381983832433,-0.08010241059869751,0.9985427303132839,0.9830983378898805,0.9686261297905918,0.9975705459891694,0.9908288973191091
89.11063047611675,0.9935581993045919,-0.07858297328839271,0.9993247914172037,0.989673747085264,0.9503788766269319,1.0289686175435961,0.9912922730034974
89.14962180685721,0.9905394387975109,-0.07607459012646829,0.9999049554259415,0.9964832910934498,0.933075985486522,1.0598905967003776,0.9917808040316468
89.18581947491128,0.9878433463922242,-0.07272120780987211,1.0002999736565001,1.0033950740043593,0.9166548689576298,1.090135279051089,0.992285556603559
89.21973865128788,0.9854433157839536,-0.06863928894136273,1.0005253400482081,1.0102713942287038,0.9011110430834212,1.1194317453739864,0.9927994368703852
89.25174789669437,0.9833193451473141,-0.06393109927628683,1.0005967150186033,1.0169708306104392,0.8864723033568057,1.1474693578640727,0.9933165594415022
89.28212496454957,0.9814550042422864,-0.05869083031063284,1.0005305202867067,1.0233530855420336,0.8727821807422753,1.1739239903417917,0.9938319689451495
89.31108492325147,0.9798360169161813,-0.0530080449374245,1.0003440544732505,1.0292838995240936,0.8600912261441395,1.1984765729040479,0.9943414229981301
89.33879538326491,0.9784494859366469,-0.04696985252934189,1.0000554140802078,1.0346402605752099,0.8484516479166292,1.2208288732337906,0.9948412201079261
89.36538512944921,0.9772833643785112,-0.04066233351702601,0.9996833147805656,1.039315862597125,0.8379133128572781,1.2407184123369719,0.9953280664622126
89.39094896016064,0.9763260117125535,-0.03417143224920091,0.9992468388737556,1.0432265455089067,0.8285202058733088,1.2579328851445049,0.9957989758108788
89.41555004502423,0.9755657663839705,-0.027583431579450635,0.9987651136792027,1.0463153114691863,0.8203069181437064,1.2723237047946665,0.9962511965291114
89.43922031490978,0.9749905078602537,-0.0209851241765818,0.9982569263040844,1.0485564381760726,0.8132949901369521,1.283817886215193,0.996682157969451
89.46195873961017,0.9745871968167213,-0.014463894805045934,0.9977402947611941,1.049958238569061,0.8074890932352831,1.2924273839028386,0.9970894229706166
89.48372644933485,0.9743413754204878,-0.008108159699405704,0.9972320414613721,1.0505642152046852,0.8028730949873137,1.2982553354220565,0.9974706226596879
89.50443586025301,0.9742365685011101,-0.0020091103307052762,0.9967474561683507,1.050452827521575,0.7994059601586208,1.3014996948845292,0.9978233263610353
89.5239262825002,0.9742534069682645,0.0037340055050199793,0.9963002185643255,1.0497370738752623,0.7970170521308386,1.3024570956196857,0.998144737298607
89.54239137964561,0.9743723527969859,0.009140880159844909,0.9958924868189479,1.048529232297163,0.795571512854957,1.3014869517393692,0.9984385207349428
89.5621774071736,0.9746099473384391,0.014859388264591624,0.9954809795404491,1.0466960093516944,0.7949352882367776,1.2984567304666113,0.9987404945605312
89.58310679699524,0.9749831825644226,0.020781435716352617,0.9950828485236364,1.0442043208225786,0.7953139335170191,1.2930947081281383,0.9990442016589179
89.6050719006483,0.9755062495985138,0.02681003189081515,0.9947148113959127,1.0410585530614798,0.7968891664869512,1.2852279396360082,0.9993442843118141
89.62800820760395,0.9761910143902665,0.03285338337713458,0.9943930183289537,1.0373007540495431,0.7998229616391609,1.2747785464599253,0.9996360532900587
89.65188306962217,0.9770473459982937,0.03882345334651747,0.994132508730593,1.033008910731146,0.8042585348293426,1.2617592866329495,0.999915314849753
89.67668977376225,0.9780833854323967,0.04463588147479857,0.9939465318496048,1.028293110064698,0.810320196705423,1.2462660234239729,1.0001782760408597
89.70244422740294,0.9793057829351344,0.05021034484184557,0.9938458303743998,1.0232897126097966,0.8181126057391774,1.2284668194804156,1.000421477022121
89.72918293451478,0.9807198960318814,0.05547090211538864,0.9938379409122623,1.0181539712708416,0.8277194348642382,1.208588507677445,1.000641726808747
89.75696163934157,0.9823299272271349,0.06034612470302059,0.9939265371161876,1.0130516258855007,0.8392012197386005,1.1869020320324009,1.000836032765334
89.78585440492999,0.9841389809413726,0.06476897434976223,0.9941108271938127,1.0081499535305198,0.8525920986253283,1.1637078084357113,1.0010015210166952
89.81595314208244,0.986149028755074,0.06867646691377893,0.9943850172919981,1.0036086370464488,0.8678952420851721,1.1393220320077253,1.0011353475062923
89.84736779662151,0.9883607865384932,0.07200918260607118,0.9947378635734636,0.9995707101889324,0.8850769757737315,1.1140644446041332,1.0012345991693603
89.88022762124875,0.9907735257341679,0.07471065711780114,0.9951523538931542,0.9961537999966366,0.904059906574724,1.0882476934185492,1.0012961824889592
89.91468429434417,0.9933848653719991,0.0767266207650604,0.9956055775216173,0.9934419357541164,0.9247157588986864,1.0621681126095466,1.001316692604137
89.95091825197223,0.9961906259814595,0.07800393591903282,0.9960688479943252,0.991478313539023,0.9468590946160405,1.0360975324620056,1.00129224893622
89.9891507706197,0.9991848815980082,0.07848888197010905,0.9965081251277557,0.9902595421571495,0.9702435883127634,1.0102754960015357,1.0012182693485943
90.02966683195595,1.0023604501562349,0.0781240564358799,0.9968847153426926,0.9897319512553331,0.994563047083022,0.9849008554276443,1.0010891246747586
90.07289543665229,1.005713045071883,0.07684090970419215,0.9971562347930852,0.9897906030423451,1.0194800768417427,0.9601011292429474,1.0008973621142894
90.11949869619636,1.009244003378521,0.07454381817726256,0.9972762517672242,0.9902813122319709,1.0446371111034292,0.9359255133605127,1.000632331326377
90.17055257944416,1.0129652557401687,0.07108041509231017,0.9971919416396627,0.9909989109967483,1.0696685897128528,0.9123292322806438,1.0002775525473078
90.22839676380416,1.0169386329450678,0.06613570426844136,0.9968332495888154,0.9916764710983463,1.0943837280518067,0.8889692141448859,0.9998009788332152
90.30132731165716,1.0214958700409782,0.05862534169253234,0.9960353761480574,0.9918927085800988,1.1196619026100108,0.864123514550187,0.9990995171445406
90.3613503664615,1.0248067212978416,0.05157839962918502,0.9951577601771624,0.9913352910367681,1.1355513476587282,0.847119234414808,0.9984496768733773
90.42137342126583,1.0276751644257311,0.043906454428705936,0.9941535367962078,0.9900665168332728,1.1472316298313883,0.8329014038351574,0.9977459999982868
90.47785530240292,1.0299401147682228,0.03622875896099059,0.9931558730782312,0.9882654253574494,1.1546839020601944,0.8218469486547043,0.9970453223504695
90.53197422740203,1.031694069324904,0.028542451641319237,0.992205145281817,0.9860679730380422,1.1589187714822542,0.8132171745938301,0.9963489984529249
90.58426603804152,1.0329871069394108,0.02087876252710096,0.9913345817254939,0.9835995325863292,1.1605970567252526,0.8066020084474057,0.9956624491905259
90.63480472938822,1.0338515659475072,0.013308816740486498,0.9905726226047834,0.9809847515308769,1.1602141481641484,0.8017553548976056,0.9949949751120515
90.68339599195969,1.0343192610610454,0.0059285872116862605,0.9899402967904568,0.9783443463381263,1.158192635209393,0.7984960574668595,0.9943577430423023
90.72960953472017,1.0344299917806128,-0.0011413855163387217,0.9894497123216992,0.9757925745702942,1.1549250977546308,0.7966600513859575,0.9937630687511029
90.77269642029322,1.0342385675187848,-0.00774293978041876,0.9891030071841951,0.9734380738628037,1.150811884641951,0.7960642630836563,0.9932247198427879
90.8169671495072,1.0337460254456357,-0.01450139139639314,0.9888683169198855,0.9711002498438325,1.145607055302821,0.7965934443848439,0.9926936975681571
90.86438350045078,1.0328880561119957,-0.02167199397079341,0.9887621988658227,0.9687497503405689,1.139018367943171,0.7984811327379668,0.9921565096762832
90.91446172891658,1.0316156577830031,-0.029118041841465672,0.9888197879518738,0.9665106690386518,1.1309989421607007,0.8020223959166027,0.9916324318920671
90.96685919370579,1.0298901022729234,-0.03670553881639677,0.9890698100417067,0.9645167210596366,1.1215043638708515,0.8075290782484217,0.991140574205564
91.02132651259173,1.0276826355218662,-0.04429269588473731,0.9895336354340021,0.962914439167715,1.1104787371806677,0.8153501411547623,0.9907003401274664
91.07773583283392,1.0249721217417245,-0.05172803051629783,0.9902245947004902,0.9618665098083348,1.0978301954730911,0.8259028241435784,0.9903312880441671
91.1361754537819,1.0217378039997167,-0.05885092971511943,0.9911488666259379,0.9615615381317562,1.0833869313794764,0.839736144884036,0.9900532503113643
91.1972041333763,1.0179388925988566,-0.06549394056794733,0.9923104053742963,0.9622428792888138,1.0667943144305183,0.8576914441471093,0.989887717071141
91.26274593200142,1.0134425753330267,-0.07149234329450464,0.9937308013533808,0.9643108928496577,1.0471648341566138,0.8814569515427015,0.9898641956126218
91.3309238192328,1.0083988156017,-0.07617140818131349,0.9953206906409126,0.9681789552752866,1.024641427766052,0.9117164827845212,0.9900208920780864
91.38403261734992,1.0042866655028326,-0.07847017767969713,0.9965719501357981,0.9725766455773883,1.0055495431889887,0.939603747965788,0.9902766312881682
91.43090730107699,1.000583420095344,-0.07934182808664916,0.9976332385671234,0.9775665727639111,0.9875666160192964,0.9675665295085258,0.9906015152916829
91.47778198480405,0.996867808439509,-0.07897247978734118,0.9986052186547559,0.9836517823500303,0.9685624033089822,0.9987411613910783,0.9910191517977864
91.52035665739011,0.9935340546162665,-0.07743409012270881,0.999368222202664,0.9901342740841395,0.9504994939718308,1.0297690541964482,0.9914770665908862
91.5593981556958,0.9905564088181625,-0.07492059997974274,0.9999334335328456,0.9968366578880705,0.9333811935642778,1.060292122211863,0.991959897267385
91.59566258110642,0.9878971094779885,-0.071574066472953,1.0003173083599517,1.0036288277881646,0.9171455802800027,1.0901120752963267,0.992458832656996
91.62966162160333,0.985530169609262,-0.06750962988790031,1.0005350928581054,1.0103751595459542,0.9017883191510664,1.118961999940842,0.9929668578383151
91.66176094894993,0.9834360815078771,-0.06282857319479981,1.0006022197250921,1.0169367058103038,0.8873370165991592,1.1465363950214487,0.9934781381068625
91.69223583250873,0.9815988191552794,-0.05762431808763549,1.0005348872061424,1.023176052554785,0.8738347861536119,1.1725173189559581,0.9939877492047934
91.7212991288334,0.9800044365262737,-0.05198579031060465,1.000350165890195,1.028962203379744,0.8613315733882363,1.1965928333712517,0.99449146661884
91.74911641145539,0.9786403003239103,-0.0459995336511188,1.000065912655203,1.0341757170105017,0.8498787971779928,1.2184726368430108,0.9949855984058011
91.77581452935199,0.9774945663027029,-0.03975108211723296,0.9997005851523474,1.0387140497490783,0.8395253368282358,1.2379027626699208,0.9954668559293139
91.80148638615468,0.9765557396202483,-0.033325805963017756,0.9992729827822179,1.0424968349341839,0.8303139735227522,1.2546796963456155,0.9959322569116544
91.82619323924467,0.9758122522636965,-0.026809346900930082,0.998801919913518,1.045470697695138,0.8222778673649095,1.2686635280253666,0.9963790548792422
91.84996501261257,0.9752520310150109,-0.020287763268818065,0.998305838252002,1.0476131385936667,0.8154369049056264,1.279789372281707,0.9968046869413241
91.87279844321229,0.9748620441944339,-0.013847608963196055,0.9978023799158178,1.0489350592223148,0.8097939038176218,1.2880762146270075,0.9972067264354368
91.8946519468356,0.9746278072641704,-0.007576406704882184,0.9973079684756085,1.049481713125203,0.8053307118792031,1.2936327143712028,0.9975828160048217
91.91543420507689,0.9745327836090736,-0.0015644900179407227,0.9968374857304525,1.0493323447788148,0.8020041262402022,1.2966605633174273,0.9979305326704108
91.93497849161366,0.97455749100168,0.004089471631277015,0.9964042161011005,1.048599778568248,0.7997411372315042,1.2974584199049914,0.9982470714129887
91.95370241370964,0.9746845127275454,0.009469512517878087,0.9960054576414983,1.0473773719747825,0.7983949731158504,1.296359770833715,0.9985395133739555
91.97373303684437,0.974931221076649,0.015146978982148932,0.995604606048139,1.0455396770843943,0.797874263994632,1.2932050901741565,0.9988393976868591
91.99489995420494,0.9753142293702642,0.02101652989587642,0.99521836765546,1.043057541062745,0.7983798572109191,1.287735224914571,0.9991404490438366
92.01709974316525,0.9758474195230254,0.026982964661860984,0.9948630388322917,1.0399384477301077,0.8000895544310195,1.2797873410291958,0.9994374239432878
92.04027079357425,0.9765423886081793,0.03295589141299146,0.9945543216910679,1.0362265862941478,0.8031616930760762,1.2692914795122194,0.9997257141933187
92.06438266503051,0.977408762819857,0.038848491038735264,0.994306767067622,1.0320010026196524,0.8077359043204704,1.2562661009188345,1.000001186875834
92.08943045395004,0.9784544563123176,0.04457751215515303,0.9941330959119622,1.0273716796818797,0.8139328274529013,1.240810531910858,1.0002600951972038
92.11543162355036,0.9796858990352161,0.050063651239153434,0.9940434908197344,1.0224736960506415,0.8218532475117145,1.2230941445895684,1.0004990131592086
92.14242405991051,0.981108224795207,0.05523189570236877,0.9940449081279222,1.0174598922344391,0.8315766482535404,1.2033431362153377,1.000714772365542
92.17046477430306,0.9827253988089293,0.060011651276270866,0.994140435227491,1.01249256078625,0.8431589510718959,1.1818261705006041,1.000904392129186
92.19962904565571,0.9845402654789992,0.06433662007602414,0.9943287053735207,1.0077346242626826,0.8566291684935498,1.1588400800318153,1.0010650003574546
92.23001003916757,0.9865545069377344,0.06814446901380274,0.9946033829791415,1.0033406545969044,0.8719847997529742,1.1346965094408346,1.001193744952163
92.26171913266786,0.9887685176631752,0.0713763443775765,0.9949527438117984,0.9994479933385343,0.889186008157998,1.1097099785190707,1.0012876950355714
92.29488741156392,0.9911812193929999,0.07397625910812744,0.9953593917376802,0.9961682033692507,0.9081489293747377,1.0841874773637639,1.001343728965244
92.32966915442883,0.993789865411791,0.07589030849308252,0.9958001692486762,0.9935791351011316,0.9287388533747576,1.0584194168275056,1.0013584017600956
92.36624878428526,0.9965899188649034,0.07706554697164676,0.9962463224493012,0.9917180049881487,0.950764477147493,1.0326715328288043,1.001327776810012
92.40485404509037,0.9995751477149496,0.07744814473179483,0.9966639575935241,0.9905760043296613,0.9739749059452676,1.007177102714055,1.001247191513738
92.44578094656796,1.002738192407193,0.07698002866775942,0.9970147527317557,0.9900949808608976,0.9980615957731638,0.9821283659486316,1.0011108930459662
92.48948966775352,1.0060756759834821,0.07559032820293579,0.997256896868202,0.9901668162385058,1.0226938638819698,0.9576397685950417,1.0009111552432841
92.53667546928247,1.0095890541559427,0.07317885556727122,0.9973443657923111,0.9906353072491715,1.0475147497038515,0.9337558647944915,1.0006369084935753
92.5885147235433,1.0132933304371965,0.06958161410872536,0.9972243098254818,0.9912935496398733,1.0721769909942558,0.9104101082854907,1.0002706124367289
92.64768086568382,1.0172631798050833,0.06444342422180446,0.9968234155584602,0.9918695359380894,1.0965511497024534,0.8871879221737252,0.9997765888549065
92.71664786587388,1.0214678859885484,0.057304490875034454,0.996051286009587,0.991939337294809,1.1195937848147,0.864284889774918,0.9991099391636803
92.77632792766505,1.024682577197825,0.05031434662243908,0.9951828267805596,0.9913050869326802,1.1348955773106697,0.8477145965546906,0.9984652820487543
92.83600798945622,1.0274613747023673,0.04271846810588314,0.9941977099546416,0.989989728780988,1.1461186524581088,0.8338608051038672,0.9977690336985456
92.89222804669929,1.029651156250024,0.035118088740920386,0.9932235874154984,0.9881714901514886,1.1532553614120036,0.8230876188909738,0.9970764592742708
92.94611364798725,1.0313398574772137,0.027513331566634297,0.9922990279079384,0.985980498294478,1.1572689456990166,0.8146920508899395,0.9963891549834099
92.99815932192041,1.0325755488385024,0.01993929341841175,0.9914560531587326,0.9835384511870715,1.1587947242922294,0.8082821780819135,0.9957127983672976
93.04842016198641,1.0333905027163326,0.012468513385965184,0.9907217344604305,0.9809664328277179,1.1583143076452798,0.8036185580101559,0.9950566617384967
93.09668971943627,1.033817153254479,0.005197424753465739,0.9901157411014494,0.9783815206560897,1.1562412752077413,0.8005217661044381,0.9944317434387112
93.1425253398645,1.0338961832831732,-0.0017532399146055625,0.9896489285371827,0.9758943538948722,1.1529621775414647,0.7988265302482798,0.9938501210272425
93.1851553784863,1.0336834782032924,-0.00822419976234505,0.9893223643154361,0.9736103255632393,1.1488746908232113,0.7983459603032673,0.9933253592205639
93.22959232269692,1.0331686020884647,-0.01494144780732097,0.9891022561177967,0.9713150829201724,1.1436400607283954,0.7989901051119496,0.9928008213820116
93.27708457028686,1.0322898625223764,-0.02204796158239161,0.9890110681209735,0.9690201105261506,1.1370305510893965,0.8010096699629046,0.9922722249645107
93.32717551685151,1.0310003686583105,-0.029410780723686202,0.9890823679664318,0.9668472424273296,1.1289991165839006,0.8046953682707585,0.9917582978582327
93.37953728377387,1.0292632644129236,-0.036897714328378295,0.9893434659664055,0.9649283508434272,1.1195010839087653,0.810355617778089,0.9912777177750597
93.43393554441136,1.0270512680270256,-0.044368735200998925,0.9898144552245081,0.9634080529371609,1.1084792839596325,0.8183368219146895,0.9908494340979322
93.49026118051717,1.02434410901803,-0.05167429721295591,0.9905076309129831,0.9624472624025638,1.095839223739715,0.8290553010654127,0.9904925456167701
93.54863003221557,1.0211209239926213,-0.05865584315810503,0.9914285195564595,0.9622335126917666,1.0814038345165118,0.8430631908670214,0.9902264801264453
93.60965275440995,1.0173388320570012,-0.06514785054290768,0.9925810816213375,0.9630114080644072,1.0648055336634201,0.8612172824653943,0.990072519659322
93.67541080636153,1.0128555253837555,-0.07098749829115178,0.9939889406155651,0.9651927948589394,1.0451080181701986,0.8852775715476803,0.9900607118594354
93.74195345942584,1.007976365874048,-0.07537720750158068,0.9955138719343338,0.9690510606584093,1.0231620954945204,0.9149400258222983,0.9902222479887328
93.794697598996,1.0039380820286656,-0.07753692272024186,0.9967299288588222,0.9734484898863652,1.0042796520384352,0.9426173277342953,0.9904794559123482
93.84133644088342,1.000299507454518,-0.07830329142931353,0.9977599521108013,0.9784156062840405,0.9864885463057311,0.9703426662623498,0.9908036916611884
93.88797528277085,0.9966531486943773,-0.07784640733642116,0.9987001057032443,0.984443100585005,0.9677172115843014,1.0011689895857085,0.9912183823133679
93.93040612020839,0.9933798247570066,-0.07624578476305523,0.9994363720110552,0.9908473554981396,0.9498761189477355,1.0318185920485436,0.9916723348331145
93.9693656736303,0.9904556038599406,-0.07369007838497699,0.9999795418877332,0.9974530569540434,0.9329743752495184,1.0619317386585685,0.9921505721088977
94.0055899378045,0.9878443368150377,-0.07031805144719488,1.0003456498672092,1.004131281959203,0.9169548993530461,1.0913076645653599,0.9926444713673015
94.0395791607462,0.9855210009125519,-0.06624283561890154,1.000549692509716,1.0107481712050879,0.901815425707064,1.1196809167031117,0.9931471475932228
94.07169156972871,0.9834667405162651,-0.06156435729241165,1.0006069138255949,1.0171671557886754,0.8875842758491168,1.1467500357282339,0.9936528581557746
94.10219697201323,0.981666015045895,-0.05637505831996552,1.000533336683721,1.023253790814131,0.874304570133803,1.172203011494459,0.994156742724133
94.131303851582,0.9801052531090239,-0.05076311511468926,1.0003458494002753,1.0288806120340632,0.8620258010732025,1.195735422994924,0.9946546203766968
94.15917403855934,0.9787721082608413,-0.04481445596596404,1.0000621077347582,1.0339322114578255,0.8507985636857076,1.2170658592299433,0.9951428288030307
94.18593099706227,0.9776549457484889,-0.03861405777997641,0.999700339659933,1.0383104682741118,0.8406705627233645,1.235950373824859,0.9956181002653843
94.21166442327838,0.9767424086462666,-0.03224672843306652,0.9992790775199971,1.0419396597645876,0.8316830465021814,1.2521962730269938,0.9960774688801609
94.23643239809935,0.9760229999929645,-0.025797490393013267,0.998816824011048,1.0447710511961212,0.8238672728929494,1.265674829499293,0.9965182032427778
94.26026153865352,0.9754846558769521,-0.019351694697332597,0.9983316606936116,1.046786510630053,0.8172408585598462,1.2763321627002595,0.9969377559939959
94.2831449013163,0.975114297280493,-0.012995105096242184,0.9978408229028751,1.048000750609972,0.8118040039282464,1.2841974972916976,0.9973337162221521
94.305036396355,0.974897337803454,-0.006814441499700523,0.9973602907220661,1.0484620280929025,0.8075356210926764,1.2893884350931286,0.9977037390351684
94.32583842442924,0.9748170758397732,-0.0008994183697311597,0.9969044866597041,1.0482516365925636,0.8043892531787507,1.2921140200063768,0.9980454009678953
94.34537389339464,0.9748537613120543,0.004651223374429402,0.9964862595929762,1.04748357490944,0.8022881961271827,1.2926789536916972,0.9983558584830026
94.36440708377589,0.9749934586247112,0.010018512490306105,0.9960958018101344,1.0462230704922495,0.8010705461064117,1.2913755948780874,0.9986473518489004
94.38472511763078,0.9752545578539914,0.015665242152149386,0.995705500669563,1.0443553296761563,0.8007021849521626,1.28800847440015,0.9989453008927642
94.40616758385279,0.9756531850106016,0.021489116955661844,0.9953316286781647,1.0418563838671417,0.8013784462125778,1.2823343215217058,0.9992436483505556
94.42863707532487,0.9762028223323503,0.027396840417619688,0.9949900624756348,1.0387381195970349,0.8032725269813968,1.2742037122126728,0.9995372872868503
94.45207619865427,0.9769147193453499,0.03329949516229016,0.9946960360286442,1.0350481667851854,0.8065384548877335,1.2635578786826376,0.9998217072041438
94.47645778539948,0.9777981903177111,0.03911155933042903,0.9944635654386561,1.0308678479741191,0.8113115830841507,1.2504241128640874,1.0000928497068229
94.50177966506364,0.9788608622281403,0.04475099349749864,0.9943047697767955,1.0263081009629984,0.8177081492043626,1.2349080527216343,1.0003470258476157
94.52806169723094,0.9801088921845802,0.05013964012112096,0.9942291711906882,1.0215035562767047,0.8258242838390899,1.2171828287143196,1.0005808532352163
94.55534393837532,0.9815471438328939,0.05520355747634686,0.9942430203901966,1.0166052025272627,0.835734429657212,1.1974759753973132,1.0007911936001386
94.58368542329158,0.9831793023242003,0.05987313257468568,0.9943486705243869,1.0117721415999243,0.8474889414658178,1.1760553417340311,1.0009750830911028
94.61316339217446,0.9850079100075185,0.06408294955337906,0.994544012121174,1.007162879469778,0.8611106167672287,1.1532151421723273,1.0011296531947589
94.64387302786753,0.987034315363628,0.06777145423380852,0.9948219837659369,1.002926494114502,0.8765900198285629,1.129262968400441,1.00125204202556
94.67592796810355,0.9892585429041181,0.07088046562012057,0.9951701849619865,0.9991939389707492,0.8938796851685361,1.1045081927729623,1.0013392950638607
94.70946210156723,0.9916791110721701,0.07335455064785293,0.995570633971342,0.9960697227419918,0.9128876005938202,1.0792518448901633,1.0013882518373667
94.74463355410191,0.9942928509525413,0.07514020223497547,0.9959997267418488,0.993624264163222,0.933470762633633,1.0537777656928111,1.0013954103312879
94.78163249711778,0.9970948159617716,0.07618462816849496,0.9964284524908982,0.9918873307001853,0.9554300407191854,1.0283446206811853,1.0013567523449478
94.82069586382644,1.0000784355632728,0.07643372417816643,0.9968228918596194,0.9908430710990781,0.9785080525122696,1.0031780896858866,1.0012674958625003
94.86213528267348,1.003236194643995,0.07582833838284746,0.9971449403557479,0.9904271383962368,1.0023922801180012,0.9784619966744723,1.0011217020801049
94.90645481997491,1.0065660626066795,0.07429409243148198,0.9973531939790068,0.9905265216605905,1.0267597322685813,0.9542933110525998,1.0009112345731273
94.95439853397085,1.0100699228994658,0.07172402423134704,0.9974017574730567,0.9909811385067608,1.0512531372264775,0.9307091397870441,1.000624385315258
95.0072945155515,1.0137677370599592,0.06793622360993846,0.9972370797959642,0.9915799307152392,1.0755502513346809,0.9076096100957975,1.000241957095177
95.06836345479852,1.0177560759235063,0.06250905214401059,0.9967794925349988,0.9920401807848573,1.0996198597161466,0.8844605018535681,0.9997222187811037
95.13460074713102,1.0216720336227907,0.05556619160431957,0.9960096593785234,0.9919458668790364,1.1206763054018412,0.8632154283562317,0.9990747137617405
95.19363217661456,1.0247504191659602,0.04862438344833921,0.9951458693844043,0.9912008407489963,1.1350682379358457,0.847333443562147,0.9984349090048192
95.2526636060981,1.0274015030171002,0.041109563162084244,0.994180001897506,0.9898113772926647,1.1455642662639247,0.8340584883214045,0.9977468895650681
95.30845161500994,1.0294867263162821,0.03358502254422052,0.993230995363195,0.9879539214509185,1.152189350304677,0.82371849259716,0.9970626354656991
95.36198160108144,1.0310843130562328,0.026060888698278342,0.9923358885282798,0.9857531056058166,1.1558261064339028,0.8156801047777303,0.9963847051726761
95.4136713034553,1.0322388092554302,0.01857903077925535,0.9915253628245778,0.9833272852676961,1.1570727028838885,0.8095818676515036,0.9957193248682158
95.46353913757986,1.032982175530288,0.011214870321057138,0.9908247814062668,0.9807939955843585,1.156392193419692,0.8051957977490252,0.9950758630733968
95.51135270128165,1.0333477577332255,0.004066577088728933,0.9902520211374596,0.9782664834615673,1.1541871301702278,0.8023458367529069,0.9944652210633494
95.55664045470243,1.0333777965935051,-0.0027431471761534846,0.9898161913208092,0.9758515353969467,1.1508380319337659,0.8008650388601275,0.9938993122814859
95.59857768261365,1.0331304563905277,-0.009050157077699815,0.9895167443989646,0.9736514550570172,1.1467430392987876,0.8005598708152467,0.9933916811473062
95.6433536120078,1.0325750243046166,-0.01575048757365046,0.9893169693589907,0.971395564094939,1.1414032419650806,0.8013878862247974,0.9928728972275209
95.69106900375644,1.0316546258515271,-0.02281063227940741,0.9892482944812464,0.9691587896410451,1.1346945977941374,0.8036229814879527,0.9923530879879326
95.74130391503878,1.0303248714242745,-0.030101780473370657,0.9893424811247961,0.9670612141174633,1.12657004791413,0.8075523803207966,0.9918504210237752
95.79374972224493,1.0285511947523613,-0.03749308624273571,0.9896251395776177,0.9652336283693126,1.1169843871712415,0.8134828695673837,0.9913831811903993
95.84819255641914,1.0263081323303487,-0.04484568410217318,0.9901147487856101,0.9638196301753257,1.1058777910385087,0.8217614693121428,0.9909698997692504
95.90455111222272,1.0235763754482918,-0.052011329136102256,0.9908222324067713,0.9629796290588071,1.0931499109379985,0.8328093471796157,0.9906292544656061
95.96298744869776,1.02033434089871,-0.058832910486710153,0.9917522669611025,0.9629023980827883,1.078611276789682,0.8471935193758946,0.9903803506445333
96.02421186565239,1.0165342199810614,-0.06514637343330852,0.9929091887264112,0.9638393567250225,1.06186302013299,0.8658156933170552,0.9902445373634065
96.09064946358512,1.012010797053155,-0.07079185748146385,0.9943219239585962,0.9662342912980263,1.0418494826157276,0.890619099980325,0.9902536403594552
96.15438358584248,1.0073644557648944,-0.07474822032993214,0.9957599312798378,0.9700918846537296,1.0207672168901232,0.9194165524173362,0.9904249563573126
96.20641883397376,1.0034187234141778,-0.07669879866366822,0.9969329410381882,0.9745177896848507,1.002152452330735,0.9468831270389663,0.990687360337846
96.25259151397128,0.9998589914223162,-0.07730480371142949,0.9979246991137032,0.9794864277321061,0.9845902158358436,0.9743826396283687,0.9910137067575304
96.29876419396881,0.9962984558714505,-0.07671059682910981,0.9988249117240475,0.9854722595471501,0.9661003845975507,1.0048441344967496,0.9914273436447245
96.34088371714898,0.9930992569124465,-0.07500613573352916,0.9995270980020338,0.9918106452274877,0.9485188216266098,1.0351024688283657,0.9918787455482936
96.37963236965051,0.9902404802768316,-0.07237242987492999,1.0000414357347196,0.9983277641832908,0.9318666212565351,1.0647889071100465,0.9923534289916424
96.41571154802558,0.9876882945120925,-0.06894374177085333,1.0003834439479542,1.004895329354516,0.9160953076167165,1.0936953510923155,0.99284301802507
96.44960261657413,0.9854189430801166,-0.06483059320015655,1.0005678786444367,1.0113810103900778,0.9012064070583774,1.1215556137217781,0.9933408046457383
96.481652017133,0.9834143610500078,-0.06013122557937648,1.0006098369532344,1.0176505987963838,0.887229765605817,1.1480714319869503,0.9938411767157337
96.51212121355914,0.9816595633068835,-0.05493691821363628,1.0005252141822485,1.0235727855412604,0.8742088762377113,1.1729366948448094,0.9943393684372022
96.54121219839696,0.9801413892272958,-0.04933500255921128,1.0003307602352374,1.0290239902897407,0.862192883836017,1.1958550967434645,0.9948312666382232
96.56908136349689,0.9788477946475803,-0.04341074995704824,1.000043965078597,1.033893380060497,0.8512314796281127,1.2165552804928814,0.9953132577026411
96.5958473308977,0.9777673537906079,-0.03724857100024624,0.9996828509195935,1.0380879862858634,0.8413709579148335,1.2348050146568932,0.9957821099470776
96.62159525249469,0.976888832479726,-0.030932718145104825,0.9992656932388897,1.04153763177909,0.8326506512693189,1.2504246122888611,0.9962348861072595
96.64637872672076,0.9762007748731272,-0.02454760709036223,0.9988106776744274,1.0441992649901433,0.8250993861747841,1.2632991438055023,0.9966688798130339
96.67021969672868,0.975691080899364,-0.018177897577067472,0.9983355036829873,1.0460602614598717,0.8187318327522889,1.2733886901674547,0.997081567118842
96.6931059773341,0.9753465615739705,-0.011908597548388916,0.9978569619612527,1.047140330568051,0.8135447488519436,1.2807359122841584,0.9974705579545897
96.7149849759655,0.9751524447864038,-0.005825725183227733,0.9973905389135023,1.0474919228577444,0.8095131307296006,1.2854707149858884,0.9978335198137269
96.73574985312466,0.9750917480893087,-1.8668261420443782e-05,0.9969501441175727,1.0471995744583855,0.8065861048588865,1.2878130440578845,0.9981680173731059
96.75520785907501,0.9751442753572097,0.005412937130758759,0.9965481557599043,1.046379772565867,0.8046818334666884,1.2880777116650457,0.9984711290586852
96.77459633921411,0.9753013459126203,0.010778893438926383,0.9961656377013314,1.0450589497284999,0.8036241146023075,1.2864937848546922,0.9987619295283675
96.79524169550115,0.9755821285166153,0.016402989349770067,0.9957860340697754,1.0431376215921122,0.8034463263184565,1.2828289168657678,0.9990579940071237
96.8169958139468,0.9760021696857297,0.022186138393691216,0.9954251949654376,1.040598137044505,0.8043376270018601,1.27685864708715,0.9993535092891371
96.83976876951908,0.9765744711879896,0.028036997374910666,0.9950985733094008,1.0374579598234999,0.8064659858260029,1.268449933820997,0.9996435213723348
96.86350852430874,0.9773098633131622,0.03386817057095515,0.9948209070301567,1.0337693032951538,0.8099804761566377,1.2575581304336698,0.9999236306308832
96.88819213761069,0.9782172846923175,0.03959550151962031,0.9946056237663979,1.0296168063316122,0.8150114892445012,1.2442221234187234,1.0001898644676077
96.91382102206758,0.9793040187404144,0.045138257492601044,0.9944641611110486,1.0251132310420306,0.8216701269208249,1.2285563351632365,1.000438601476186
96.94041821937586,0.9805758996057178,0.05041954375425431,0.994405276588374,1.0203934047697594,0.8300470675568955,1.2107397419826231,1.0006665108067974
96.96802670200952,0.9820374751491017,0.05536661917381267,0.994434388645005,1.0156068460866223,0.8402108305400703,1.1910028616331743,1.0008704901034686
96.99670825296509,0.9836921069252197,0.05991098457023698,0.9945529697514526,1.0109095623002957,0.8522052091905538,1.1696139154100376,1.0010475955510627
97.02654280026245,0.9855419911194615,0.0639882322924202,0.9947580047037418,1.0064554438097046,0.866045646589162,1.1468652410302473,1.0011949623900918
97.0576283080453,0.9875880955173779,0.06753769915455927,0.9950415307717302,1.0023875824766724,0.8817144606567662,1.1230607042965783,1.0013097156287885
97.09008153131795,0.9898300232727273,0.07050196701017848,0.9953902885232137,0.9988297710042875,0.899155060162236,1.098504481846339,1.0013888696872584
97.1240402093482,0.9922658343431255,0.0728262144236899,0.9957855274991803,0.995878435134959,0.9182656155663224,1.0734912547035955,1.0014292128153008
97.15966771774994,0.9948918824135792,0.0744573385726188,0.9962030214218603,0.9935953149969725,0.9388930400838958,1.0482975899100493,1.0014271668689718
97.19716203176483,0.9977027654657626,0.07534262062946324,0.9966133421343264,0.9920013164150365,0.9608285709591959,1.0231740618708771,1.0013786032950571
97.2367725519434,1.00069155857902,0.07542744371791134,0.9969824039139755,0.9910720305234686,0.9838066961120875,0.9983373649348497,1.0012785762098497
97.27883222609267,1.0038506498171273,0.07465102795976772,0.9972721931373948,0.9907353589928917,1.0075097370623327,0.9739609809234506,1.0011208876025
97.32390462212273,1.0071798909514882,0.07293391234893049,0.9974415419406255,0.990871865816778,1.0316240610948006,0.9501196705387553,1.0008968223493542
97.3728047980997,1.0106821456201471,0.07015938052093612,0.997444359591428,0.9913157897121786,1.0557925549863285,0.9268390244380287,1.0005937473009947
97.42708898369183,1.0143852393810804,0.06611830447262483,0.9972253952519916,0.9918492103701553,1.0797293524713,0.9039690682690106,1.00018994136615
97.49090760290487,1.018424117338262,0.06027600395694058,0.9966930639320778,0.9921697966923313,1.1035701619097797,0.8807694314748827,0.9996333455353901
97.55466363181974,1.0220546767965104,0.053467653723964836,0.9959168783276799,0.9918937929984731,1.1225878335266877,0.8611997524702586,0.9989997820559703
97.6184196607346,1.0252252194066294,0.04587410275679284,0.994967721904324,0.9908979429965205,1.1369166449648802,0.8448792410281607,0.9983010670823316
97.67660077297715,1.0276789107344446,0.03839500507895585,0.9940170017876001,0.989360001184268,1.1461549030997353,0.8325650992688006,0.9976179882164359
97.73159342755866,1.0295869567632885,0.030942957908571846,0.9930995941232956,0.9874122498100648,1.151808591997635,0.8230159076224947,0.9969427672665263
97.78447191159854,1.0310274990830706,0.023502980307882802,0.9922450681548147,0.9851669776852128,1.1546984826612863,0.8156354727091392,0.9962758424057576
97.83552227086109,1.0320397553406617,0.01612745603066631,0.9914818944589662,0.9827391573648472,1.1553654863475213,0.810112828382173,0.9956243598268902
97.88468720518222,1.032655347855853,0.008897946784215075,0.9908326994236677,0.980242393902782,1.1542444079725092,0.8062403798330547,0.994998019854423
97.93167369138718,1.0329096298338971,0.0019176446328394697,0.9903123508131274,0.9777852970276895,1.151722874615316,0.803847719440063,0.9944077702379487
97.97593478082564,1.0328484423137745,-0.004683672466796199,0.9899268661351894,0.9754700525502117,1.1481767251264643,0.8027633799739591,0.9938655499380963
98.01822502563057,1.0325171064995156,-0.010981779885950064,0.9896640107485838,0.9733100469631565,1.1438202581670909,0.8027998357592221,0.9933654576729071
98.0638380605305,1.0318620770949234,-0.01772812526980959,0.9895048466643378,0.9710929624407547,1.1381449163216988,0.8040410085598105,0.9928516995191755
98.11221069497881,1.0308333340470932,-0.024785192534554367,0.9894842311932667,0.9689325677528797,1.131097454389635,0.8067676811161243,0.9923427784240225
98.16297273479391,1.0293905404381736,-0.03202714599255795,0.9896312668164091,0.9669493562067282,1.1226322726639384,0.8112664397495178,0.991856408829277
98.21584982459491,1.0275028606591021,-0.0393231401880417,0.9899687960163965,0.9652751880238141,1.1127019873765318,0.8178483886710963,0.99141054760919
98.27066813212228,1.025147733556619,-0.046533816607571624,0.9905125044181389,0.9640553072128818,1.1012386938847984,0.8268719205409651,0.9910233568037196
98.32740829966211,1.0223068405113096,-0.053510567270165656,0.9912708718708556,0.9634537467369013,1.08812412121801,0.8387833722557927,0.9907131653492302
98.3863505697057,1.0189550281660296,-0.06009619529435994,0.9922473003665584,0.9636687974101593,1.073129378925236,0.8542082158950826,0.990499029850817
98.44849944529152,1.0150273165497792,-0.06612724794839757,0.9934485488848269,0.964980610480247,1.055750603707078,0.874210617253416,0.9904034862916805
98.51751033151058,1.0102707923914698,-0.07145453675488513,0.9949253892931947,0.9679598832822096,1.0344798886417186,0.9014398779227006,0.9904660081522808
98.57571384981274,1.0060144052961442,-0.07457274456821351,0.9962213396941206,0.9719005184331737,1.014864962681701,0.9289360741846463,0.9906641628663926
98.6258287163404,1.002235061503201,-0.076053787473401,0.997318324221018,0.9764572702014329,0.9967336512636268,0.956180889139239,0.9909445711181216
98.67071091297429,0.998812182162435,-0.07629088431032491,0.9982420516248407,0.9815124205211176,0.9795459787075619,0.9834788623346733,0.9912824815979382
98.71559310960818,0.995404172064611,-0.07537067168306924,0.9990687122676623,0.9875080766099293,0.961528808670055,1.0134873445498036,0.991701289300711
98.75679176032114,0.9923356636453389,-0.07340407983334311,0.9997063305692626,0.9938147561254134,0.9443645396600194,1.0432649725908072,0.9921545721657188
98.79485608618542,0.9895925367663753,-0.07055683485641567,1.0001638840264997,1.0002582597083136,0.9281057950193062,1.0724107243973209,0.9926287384794188
98.83040458962559,0.9871456216615278,-0.06695446639280828,1.0004561006969706,1.0067093236347273,0.9127248351566073,1.1006938121128476,0.9931158926247318
98.86387377181904,0.9849735136806388,-0.06270267277236245,1.0005975320175047,1.0130365980670475,0.8982327008410391,1.127840495293056,0.9936096861599144
98.89558258711367,0.9830594852085017,-0.0578967650159313,1.0006032656982755,1.0191085366945802,0.8846634712741935,1.153553602114967,0.9941047826420061
98.92577345561001,0.9813894122521075,-0.052626153118372335,1.0004892236993572,1.0247980470215992,0.8720621898498476,1.1775339041933508,0.9945966243288995
98.95463384554938,0.979950722506838,-0.04697694709723542,1.0002721549051008,1.0299873064739777,0.8604778955583237,1.1994967173896318,0.9950812538247975
98.98230817419795,0.9787317669296879,-0.041033592237737296,0.9999694871240679,1.034572738518489,0.8499589235191238,1.2191865535178543,0.9955551744432173
99.00890451800649,0.9777213523610742,-0.03487988525185428,0.9995990948043666,1.0384699906229231,0.8405490990798854,1.2363908821659608,0.996015243930023
99.03449818309585,0.976908325732436,-0.02859953201924248,0.9991789987165102,1.0416185915484422,0.8322841922457799,1.2509529908511046,0.9964585961592409
99.05913304173463,0.9762811647009629,-0.022276363517093497,0.9987270052853715,1.0439858757978608,0.825188354338163,1.2627833972575588,0.9968825841290103
99.08282080152927,0.9758275564918545,-0.015994378350561247,0.9982603008745683,1.0455697586179862,0.8192704564746798,1.2718690607612928,0.99728473392923
99.1055375896617,0.9755339499952912,-0.00983793670921174,0.9977950348119888,1.0464000710573047,0.8145203429828503,1.2782797991317592,0.9976626917991382
99.12721590700497,0.9753850418700357,-0.003892764610418072,0.9973459537348353,1.0465384884460436,0.8109049737854201,1.2821720031066668,0.9980141308592321
99.14772691562045,0.975363080825115,0.0017507846941167814,0.9969262001990575,1.0460777394396004,0.8083641594013546,1.283791319477846,0.998336546292941
99.16683859799711,0.9754466508101179,0.006988369668137477,0.9965475249717607,1.0451422585100298,0.8068048087465322,1.2834797082735274,0.9986267487270462
99.18677771707259,0.9756400188980221,0.012394607809892405,0.9961728292440386,1.0436714834410947,0.8060391896870726,1.2813037771951168,0.9989177507692992
99.20792149309479,0.975961814230764,0.018022875394162984,0.9958061069743208,1.0416034249101325,0.8062127947063765,1.2769940551138883,0.9992119397345163
99.23014380050984,0.9764266188985996,0.023778472863214578,0.9954627465688548,1.0389318026101078,0.8075054753602616,1.270358129859954,0.999503878563664
99.25336811569248,0.9770466192472808,0.029572490571325764,0.9951576963974156,1.0356847587490516,0.8100771638583685,1.2612923536397347,0.9997888456090532
99.27755230888843,0.9778319319571044,0.035319451799797445,0.9949050254381897,1.0319239138389447,0.8140691626472771,1.2497786650306122,1.0000626138316875
99.30268147390666,0.9787908600957411,0.0409370069391944,0.9947172961092127,1.0277414726763991,0.8196039643322962,1.235878981020502,1.0003213476908768
99.3287639853776,0.9799301140951909,0.046346249484707676,0.994604882587446,1.0232554269507437,0.8267844091810385,1.2197264447204488,1.000561536238942
99.35582918254394,0.9812550005752168,0.051472130399632804,0.994575295576314,1.018603152688574,0.8356923307716542,1.2015139746054937,1.0007799344115367
99.383925899902,0.9827695632565847,0.056243720379442884,0.9946325471614734,1.0139338593330902,0.8463865559608015,1.1814811627053792,1.000973500024517
99.4131215185355,0.9844766567942994,0.06059423548127444,0.9947765736790023,1.0094003573827206,0.8589000282777746,1.1599006864876666,1.0011393220026137
99.44350149649884,0.9863779408959217,0.06446083513477248,0.9950027304237055,1.0051505365324964,0.8732358727334281,1.1370652003315649,1.001274538893885
99.47516954908107,0.9884737946533221,0.06778423684383264,0.995301378355626,1.0013188571020688,0.8893623851463655,1.113275329057772,1.001376247247602
99.50824887000398,0.9907631679004277,0.07050817983462719,0.9956575960326011,0.9980181083074917,0.9072071896880128,1.0888290269269705,1.0014413978264198
99.54288510125095,0.9932434081756788,0.07257871593324773,0.9960510636605028,0.9953317037381371,0.9266511473232301,1.0640122601530442,1.00146667405338
99.57925231105388,0.9959101320004409,0.07394320466420616,0.9964561716424906,0.9933068607027579,0.9475229945385384,1.0390907268669773,1.0014483406374697
99.61756430577218,0.9987572566857063,0.07454871293395292,0.996842391108969,0.9919491049912494,0.9695961197659636,1.0143020902165354,1.0013820379288485
99.65809586488801,1.001777398449966,0.07433918559438153,0.9971748903061654,0.9912185772203078,0.9925893461844155,0.9898478082562001,1.0012624710948452
99.7012452785907,1.0049646176803382,0.07324927436471786,0.9974153401014557,0.9910284830289218,1.0161856677912138,0.9658712982666297,1.0010827778815123
99.7476558901518,1.0083196978396456,0.07118912371734891,0.9975219317867672,0.9912463876549532,1.0400640499654918,0.9424287253444146,1.000833147348306
99.79832910960499,1.0118505466971144,0.06801927816984779,0.9974472140067108,0.9916930342322055,1.063882310084698,0.9195037583797129,1.000498720379225
99.85538173844299,1.0156058188179093,0.06346235403178573,0.9971298452504139,0.9921321154541451,1.087441706413136,0.8968225244951541,1.0000514251986146
99.92589743782061,1.0198469285385712,0.05662503100992379,0.9964365945742947,0.9921964216404175,1.1114121536511736,0.8729806896296616,0.9994063309880049
99.98663628404059,1.0230845532186426,0.04986301681332857,0.995631551645757,0.9916233157376799,1.1274416662427695,0.8558049652325903,0.9987802141370321
100.04737513026056,1.025891042880658,0.04245185015447948,0.9947009811361642,0.990403893822182,1.1393654398150495,0.8414423478293146,0.9981004662291616
100.10404480582596,1.0280894231630449,0.035066748084651905,0.9937785966825419,0.9887096233015659,1.1470473899595262,0.8303718566436056,0.9974284464898716
100.1580825199513,1.0297863292851668,0.027689827614180842,0.9929001075212172,0.9866603100966899,1.151552620947838,0.8217679992455418,0.9967634388243927
100.21014759831937,1.031037626660707,0.02034307464225049,0.9920950997671794,0.9843667613561032,1.1535463565238306,0.8151871661883758,0.9961094457445524
100.26037319344952,1.0318778263753134,0.01309159675224057,0.9913893921269131,0.9819409728749102,1.1535122042756043,0.8103697414742161,0.9954746802253798
100.30861202271427,1.0323392010104921,0.006024288883749166,0.990802175406731,0.9794921541875292,1.151856952430563,0.8071273559444955,0.9948691816177292
100.35448801159811,1.0324603353698434,-0.0007483875453679926,0.9903445777899845,0.9771237505266663,1.1489548828251617,0.805292618228171,0.9943039890689982
100.39733392728995,1.0322925124415796,-0.00708433982677657,0.9900187662730565,0.9749334105288849,1.1451828029866877,0.8046840180710823,0.9937912873836683
100.44092826575721,1.0318435180665444,-0.013507662252340933,0.9897976569159327,0.9727789336559527,1.1403800542862055,0.8051778130256999,0.9932902041281502
100.48755816036443,1.0310546480640301,-0.020312967973378355,0.989692526808777,0.9706147084437413,1.1342468916063868,0.8069825252810959,0.9927833899569457
100.53675952513592,1.029880947847574,-0.027371854535243222,0.9897350610569556,0.968554244686055,1.1267341158762667,0.8103743734958433,0.9922884848205179
100.58820869472731,1.0282868060101702,-0.03455914428711773,0.9899512623653451,0.966719971498613,1.1177972730435766,0.8156426699536495,0.9918229018430622
100.64167406658206,1.0262455671983817,-0.041742965144412794,0.9903606519718345,0.9652461168661934,1.1073839252327684,0.8231083084996185,0.9914042984651592
100.69703819565919,1.023737521121831,-0.04878256954906105,0.9909756220556922,0.9642815227108404,1.0954121724702157,0.8331508729514652,0.9910504971058782
100.75437727315322,1.0207440192888388,-0.05552814872021361,0.9918019946077198,0.9639976224345892,1.0817334201010849,0.8462618247680935,0.9907795953513758
100.81417143371952,1.0172314139999314,-0.06182161977370747,0.9928426119459229,0.9646113458680777,1.0660489943346718,0.8631736974014836,0.9906110541405089
100.8779981068824,1.0130979841030203,-0.0675005872139835,0.9941112949595808,0.9664618018362958,1.0476465888301385,0.885277014842453,0.9905704382156135
100.95290662883828,1.007843230779326,-0.07245518860259904,0.9957241045193366,0.9704672669915724,1.0237691624274665,0.9171653715556783,0.9907190718425118
101.00639385125095,1.0039044339085823,-0.07461346833498717,0.9968896376188315,0.974702317308674,1.0051760382948371,0.9442285963225107,0.990960697967964
101.05361484911056,1.0003583238018843,-0.07538960913766087,0.997876896611992,0.9794807905611231,0.9877038309670224,0.971257750155224,0.9912695740995492
101.10083584697017,0.9968034450694453,-0.07496143542803041,0.9987790504119591,0.9852731098801235,0.9692963547126588,1.0012498650475883,0.9916675976595327
101.14374709349843,0.9936158750464374,-0.07341095604836498,0.9994856007294738,0.9914078669164488,0.9518528611202607,1.0309628727126368,0.9921046471970072
101.18314328646106,0.9907692357112863,-0.07092714574958968,1.000007823675813,0.9977183281703517,0.9353625537752911,1.0600741025654121,0.9925661223916191
101.21978775254243,0.9882273198239748,-0.06764721559784281,1.0003613921976184,1.0040820655420584,0.9197597194307257,1.0884044116533909,0.993043588827993
101.25419068830435,0.9859657641838985,-0.06368252088848861,1.000560730107883,1.0103715428371691,0.9050379140429737,1.1157051716313644,0.9935302602000261
101.2867135590305,0.9839665142961537,-0.05913133322993964,1.0006204464573916,1.0164569517081372,0.8912227692946161,1.1416911341216585,0.9940204415061697
101.31762666089138,0.9822147940480079,-0.05408457815683826,1.0005559035960454,1.0222111577385151,0.8783551934811777,1.1660671219958523,0.9945092896834862
101.34713770205738,0.9806977034051652,-0.04862899958863665,1.000383309134179,1.027514453691302,0.8664825615060762,1.1885463458765277,0.9949926235501322
101.37540709395375,0.9794034571373443,-0.04284910222105634,1.000119612856041,1.0322594059543084,0.8556532612280342,1.2088655506805825,0.9954667722690231
101.40255652395516,0.9783208703960307,-0.03682836784131971,0.9997823028849161,1.0363557586974692,0.8459125974375715,1.2267989199573668,0.9959284584601674
101.42867368783185,0.9774389321907171,-0.03064996062067697,0.9993891296584995,1.039735138008498,0.8372991737547774,1.2421711022622188,0.996374711002372
101.45381449174194,0.9767464007874603,-0.02439704638908406,0.9989577674817897,1.042355179803995,0.8298413553526444,1.2548690042553456,0.9968028016163983
101.47800317697863,0.9762313944995751,-0.018152865472211472,0.9985054252870716,1.044202666837394,0.823553665308912,1.2648516683658761,0.9972101967106513
101.50123009079108,0.975880963678564,-0.012000807850106054,0.998048432258354,1.0452953309352502,0.818433100011543,1.2721575618589576,0.9975945102894367
101.52344578578072,0.9756806176724301,-0.0060249837504279015,0.9976018475229538,1.0456822113666628,0.8144553656856508,1.2769090570476749,0.9979534323158301
101.54454797280968,0.9756137297669751,-0.0003123233411438577,0.9971791805752731,1.0454429492537058,0.8115708708673014,1.2793150276401102,0.9982845813241306
101.56435194160524,0.9756605992927648,0.005041286318075663,0.9967923931649546,1.044687410628077,0.809699776504411,1.2796750447517429,0.9985851575453961
101.58393747298521,0.9758108579897414,0.01029248453972987,0.9964267977038818,1.0434545814749654,0.8086778706490214,1.2782312923009094,0.9988714181169147
101.60479358980348,0.9760831251047389,0.01579869274735185,0.9960636410435663,1.0416468234097849,0.8085221057617803,1.2747715410577893,0.9991629583853013
101.62676960132482,0.9764928532907305,0.02146292804950693,0.995718107337576,1.0392460253086577,0.8094183422952765,1.269073708322039,0.9994540352836973
101.64977380480552,0.9770529575618659,0.02719572122693604,0.9954050142601856,1.0362677125580524,0.8115314906282965,1.2610039344878083,0.9997397481591005
101.67375274306738,0.9777741836721562,0.03291133592232078,0.9951385021668268,1.0327607375670191,0.8150077153348916,1.2505137597991467,1.000015736070308
101.69868221549842,0.9786653787832388,0.038527049847460436,0.9949314536301549,1.0288051278146817,0.8199745598721597,1.2376356957572034,1.0002780519700363
101.72456242411926,0.9797337173334866,0.043963333749789134,0.9947948295703767,1.0245080374472606,0.8265402466083486,1.2224758282861727,1.0005230886048833
101.75141519864381,0.9809848971970639,0.04914427629420377,0.9947369945400115,1.0199979885403492,0.8347924635643102,1.2052035135163883,1.0007475200758829
101.77928229028083,0.9824232956227246,0.053997927142116035,0.9947630729823483,1.0154178076103886,0.8447965892743252,1.1860390259464522,1.000948242335347
101.80822427467358,0.984052066278437,0.05845642387113761,0.994874359191602,1.0109167232098724,0.8565931533754282,1.1652402930443164,1.0011223059215981
101.83831993462971,0.9858731620491865,0.06245588312535327,0.9950677956935498,1.0066420438383612,0.8701943317641503,1.143089755912572,1.0012668390759576
101.86966622442094,0.9878872787946072,0.06593609030606225,0.9953355373913965,1.0027307498457283,0.885579400255251,1.1198820994362058,1.001378960853568
101.9023791298419,0.9900937305548144,0.06884002598915662,0.9956646293934265,0.9993012685097962,0.9026892959296472,1.095913241089945,1.0014556829453738
101.93659601325344,0.9924902863135381,0.07111322822183375,0.9960368397611944,0.9964456938036793,0.921420741661527,1.0714706459458316,1.00149379608042
101.972480490395,0.9950730248807964,0.07270290711309285,0.9964286968583835,0.994222765942508,0.9416207588501144,1.0468247730349016,1.0014897315885678
102.0102317415908,0.9978363041209293,0.07355658259963223,0.9968117738808994,0.9926520128486,0.9630827998514876,1.0222212258457124,1.0014393787929947
102.05010192590201,1.0007730114722193,0.07361974972565957,0.9971532251583033,0.9917095120442923,0.9855461649670478,0.9978728591215366,1.0013378184653663
102.09242944422333,1.0038754186832806,0.07283151794207396,0.9974164832071623,0.9913256512688123,1.0087009419523165,0.9739503605853082,1.0011788852919974
102.13779227092166,1.007143479215185,0.07111174022432638,0.9975619359373555,0.991385292543717,1.0322449988898277,0.9505255861976063,1.000953871507119
102.18702808531424,1.0105801448312037,0.06834206236843618,0.997545105670377,0.9917286156066658,1.0558347104759953,0.9276225207373363,1.000650112075522
102.2417622090584,1.0142146269940397,0.06430775332532308,0.9973121094929916,0.9921442805979602,1.0792067571713175,0.9050818040246029,1.000245535176198
102.30647179283288,1.0181920343179727,0.058442830813230574,0.9967702144206899,0.9923324102434439,1.1025628428265442,0.8821019776603435,0.9996854410721593
102.3697301270406,1.0216821699452963,0.051762454265977156,0.9960121744221887,0.9919514910316239,1.1207661345522284,0.8631368475110195,0.9990630893973299
102.43298846124831,1.0247248940595737,0.04432468781549255,0.9950960402853497,0.99089980180085,1.1344945573421346,0.8473050462595655,0.9983788848073372
102.49085685816702,1.027079791532673,0.036988071595272794,0.9941821216546852,0.9893511449929846,1.1433708387058117,0.8353314512801574,0.9977099449338834
102.5455727185889,1.0289051347423086,0.029679587989604725,0.9933036950091586,0.9874264014235894,1.148796600388943,0.8260562024582359,0.9970496950700224
102.59815327561027,1.0302750704043244,0.02239076024718504,0.9924888617629788,0.9852311377723113,1.1515505064315492,0.8189117691130735,0.9963989965619224
102.64886777230582,1.031228290359767,0.01517527160002706,0.9917642927342601,0.982874323597575,1.1521522124998675,0.8135964346952824,0.9957648860169455
102.69765275282631,1.0317967583019692,0.008114201453447996,0.9911508966688097,0.9804637370717768,1.151021985275019,0.8099054888685345,0.995156746845375
102.74421301797412,1.0320163045737976,0.0013091787655740914,0.9906620544580782,0.9781022859724886,1.1485362308815394,0.8076683410634377,0.9945850869682771
102.78799902101525,1.0319330564964282,-0.005112275952100112,0.9903026336619168,0.9758866707509604,1.1450618460375255,0.8067114954643951,0.9940613408486494
102.83041165278249,1.0315844935171654,-0.011319741558717766,0.9900572940681259,0.9737964886086065,1.1407349250401975,0.8068580521770155,0.9935721813729856
102.8760172763655,1.0309169264956481,-0.017943946457936216,0.9899147967025098,0.9716647441992142,1.1351077142307924,0.8082217741676361,0.9930719520764821
102.92429118941457,1.0298834009314557,-0.024853703580626548,0.9899077097183318,0.9696009372132453,1.1281270830220325,0.8110747914044579,0.9925782542114207
102.97488378772319,1.0284462083399615,-0.031926790171360686,0.9900631575477128,0.9677218038016722,1.1197476779566808,0.8156959296466635,0.9921080762959753
103.02753926553459,1.02657662657556,-0.039035818486024464,0.9904022525537701,0.9661551864532625,1.1099218200514644,0.8223885528550606,0.9916786312731661
103.08210340010093,1.0242535735356153,-0.04604511134971291,0.9909392901951025,0.9650420858305833,1.0985810323355267,0.8315031393256398,0.9913073211728723
103.13857962640552,1.0214594674687716,-0.052809944679600526,0.9916817884338001,0.9645422146484179,1.0856063645356149,0.8434780647612209,0.9910117390306677
103.19727802546474,1.0181690617133157,-0.059176859233692106,0.9926326527310088,0.964849725265598,1.0707677921369985,0.8589316583941975,0.9908102929555239
103.25925570763559,1.014316047468174,-0.06498520961148524,0.9937986061908891,0.9662417078703329,1.0535565869081303,0.8789268288325356,0.9907250661150752
103.32836224286449,1.0096396454904506,-0.07008577728372059,0.9952316471700637,0.9692953037402928,1.0324237186131122,0.9061668888674734,0.9907958646971545
103.38614229970243,1.00549960705813,-0.07299016121444006,0.9964725084129381,0.973233002000114,1.0131376980436098,0.9333283059566182,0.990996204848717
103.43595533515,1.0018259217633048,-0.07431207865601216,0.9975196758384708,0.9777442768896225,0.9953280893380017,0.9601604644412433,0.9912748866879506
103.48066605690671,0.9984967400950294,-0.07442994511264595,0.9983997231674143,0.9827235765143976,0.9784458929317782,0.9870012600970168,0.9916088817731797
103.52537677866343,0.9951871543751704,-0.07341628655910543,0.9991835801435764,0.9885927508554244,0.9607911663363754,1.0163943353744733,0.992020923230213
103.56649315828285,0.9922064733056897,-0.07138911494182355,0.9997856950280479,0.9947424300532999,0.9439843140764493,1.0455005460301503,0.9924662415786858
103.60453964113418,0.989542006654106,-0.0685089571422249,1.0002147931928578,1.001002475323832,0.9280806993421696,1.0739242513054945,0.9929317054648369
103.64011678450998,0.9871662143990119,-0.06489766511368728,1.0004851450778576,1.0072467123028668,0.9130559822479943,1.101437442357739,0.9934096595522668
103.67364948571611,0.985058814294867,-0.06065847310811809,1.0006109479126009,1.0133476161889514,0.898922490926459,1.127772741451444,0.9938939187693475
103.70544832568642,0.9832039063637565,-0.05588490585127526,1.000606967264944,1.0191783060404558,0.8857143656833723,1.1526422463975392,0.9943792604250747
103.73574908551242,0.9815880077495934,-0.05066498950210306,1.0004887965420788,1.024617156612296,0.8734759546077142,1.1757583586168776,0.9948612050958818
103.76473359130489,0.9801990454498197,-0.04508368367321908,1.0002728295590595,1.0295525204374338,0.8622550261004615,1.1968500147744061,0.9953358492374431
103.79254119990948,0.9790257478402795,-0.03922439147807707,0.9999760980731565,1.0338875381735584,0.8520981241276158,1.215676952219501,0.9957997344087794
103.81927524308374,0.9780571882327037,-0.03316987241591645,0.9996160270499843,1.0375448687766453,0.8430467658069778,1.232042971746313,0.9962497481634218
103.84500639597869,0.9772823777302019,-0.027002714798148274,0.9992101241941816,1.0404710175691538,0.8351338892700333,1.2458081458682744,0.9966830512954862
103.86977381095278,0.9766898651321336,-0.02080549170425643,0.9987756135638164,1.0426398657046094,0.8283802999654559,1.256899431443763,0.9970970244957655
103.89358410392971,0.9762673259601797,-0.014660785841282664,0.9983290315113831,1.0440550205345498,0.822791047886499,1.2653189931826008,0.9974892234564986
103.91640744182308,0.9760011229003848,-0.008651436261220325,0.9978858216003571,1.044750755741266,0.8183517416640071,1.2711497698185252,0.9978573234185824
103.93816850485011,0.975875790841692,-0.0028617179309074993,0.9974599934631794,1.0447916570065003,0.8150247341023944,1.2745585799106063,0.9981990173980306
103.95872654382683,0.9758733124767103,0.0026189626070723965,0.9970639625842277,1.0442717761019136,0.8127447851748045,1.2757987670290227,0.9985117900815043
103.97782750085346,0.9759717907785613,0.0076855035016907495,0.99670884017003,1.0433157041638537,0.8114128715665689,1.2752185367611384,0.9987923508616812
103.9982325280506,0.9761833288659197,0.013034525320932492,0.9963504416908375,1.0418181940531093,0.8108553451399152,1.2727810429663031,0.9990801352362544
104.01982133657057,0.9765248611113143,0.01858284163525887,0.996002482530445,1.0397435111273186,0.81126146098705,1.268225561267587,0.9993699287664469
104.04247888174592,0.9770103475106523,0.02423944068016888,0.9956796449036834,1.0370913688840147,0.812803536963126,1.2613792008049034,0.9996565433621674
104.06613522709569,0.977651431627579,0.029917921046180494,0.9953961491803902,1.0338945008439604,0.8156346720494365,1.2521543296384843,0.9999354178360947
104.0907531577168,0.9784577440171435,0.03553494942060154,0.9951652571093343,1.0302173925374989,0.8198894841375635,1.2405453009374343,1.0002024453550797
104.11632174332219,0.9794371392892823,0.04101013806912389,0.9949986418282413,1.0261531854460226,0.8256836709020421,1.2266226999900032,1.0004538829602114
104.14285276236843,0.9805959010515622,0.0462664154716819,0.9949057189369432,1.0218187789943851,0.8331129792631836,1.2105245787255867,1.0006862899395534
104.17037858494427,0.9819389141138599,0.05123044101473945,0.9948929924695126,1.0173484423692762,0.842251677145207,1.1924452075933454,1.0008964712201793
104.19895083896019,0.9834697880382092,0.055832852502318016,0.994963446268266,1.0128863785273876,0.8531503859037533,1.1726223711510217,1.001081415286472
104.2286395950413,0.9851909145380664,0.06000828004365848,0.9951159984672157,1.0085786830701096,0.8658330668323121,1.151324299307907,1.0012382229741283
104.25953307335507,0.98710344867555,0.06369513933074272,0.9953450345680015,1.004565070796719,0.880293025256673,1.128837116336765,1.0013640263509096
104.29173809000774,0.9892072168972668,0.06683524306350584,0.995640041470596,1.0009706668689198,0.8964879741631051,1.1054533595747345,1.001455897020784
104.32538169942598,0.9915005722928772,0.06937324992088639,0.9959853768462446,0.9978981243568112,0.9143344650072739,1.0814617837063487,1.0015107412510946
104.36061485056037,0.993980240120426,0.07125590922313026,0.996360219050167,0.9954203541320621,0.9337023281865926,1.0571383800775316,1.0015251752782415
104.39761952084604,0.9966412288265636,0.07243094667943505,0.9967387433892404,0.9935742240740337,0.9544101469833933,1.032738301164674,1.0014953667004538
104.43662207233011,0.9994769349241402,0.07284523578944206,0.9970905484059968,0.9923556561205331,0.976223196663189,1.0084881155778773,1.0014168131656818
104.47791838727483,1.002479677187678,0.072441503937367,0.9973812910809403,0.9917165382875732,0.9988557548810384,0.9845773216941082,1.001283997215073
104.52196627571253,1.0056452169953953,0.071150247495785,0.9975734617498387,0.9915636835582629,1.0220024730030928,0.961124894113433,1.001089560792904
104.56947096220557,1.0089745128962866,0.06887326065623244,0.9976257567173473,0.991760203610274,1.0453418775021657,0.9381785297183822,1.0008229295344033
104.62162184036644,1.0124809618658586,0.0654501539128272,0.9974904842765264,0.9921223578599321,1.0685631409467276,0.9156815747731367,1.000467330111742
104.68115435753663,1.0162358898415407,0.06053191606501662,0.9971005610737065,0.992402936259302,1.0915759988196716,0.8932298736989324,0.9999882156701783
104.75010597807214,1.0201809198459448,0.05371613789099375,0.9963796018557817,0.9922230094748345,1.1132757347931392,0.8711702841565299,0.9993471953237063
104.80955668646486,1.0231795120649134,0.047051930583335955,0.9955830475675413,0.9914758860042527,1.1277124418369715,0.8552393301715341,0.9987312570846721
104.86900739485758,1.0257638302174412,0.03980026980305855,0.9946859845057169,0.9901428225792307,1.138369781058234,0.8419158641002273,0.9980677554645344
104.92486422613723,1.027786372376697,0.03255696383800528,0.9938055021205305,0.9883909367237449,1.1451858618543227,0.8315960115931671,0.9974111222854305
104.97826369858574,1.0293329813949474,0.025325169535936817,0.9929751425281715,0.986330532425252,1.149062472618168,0.8235985922323362,0.9967626882236067
105.02971017868099,1.0304518367183189,0.018140224265538053,0.9922226079825551,0.9840670786430865,1.1505934048627313,0.8175407524234417,0.9961275745344874
105.07927048438479,1.0311762092646446,0.011072095865151638,0.991571071107914,0.9817067680611966,1.1502283704653773,0.8131851656570159,0.995514179909011
105.12675518421821,1.0315393425244983,0.004212028759457287,0.9910369388365695,0.9793524948318006,1.1483541187245867,0.8103508709390146,0.9949323686770049
105.17174571794183,1.0315818127616585,-0.0023273172195516605,0.9906286623727767,0.977101268219419,1.1453331036334098,0.8088694328054282,0.9943928687907114
105.21350264981916,1.0313578283231994,-0.008398362906634494,0.9903459775335351,0.9750451584170998,1.1415395099533454,0.8085508068808543,0.993907698829751
105.25764834523403,1.030845932902648,-0.014784372509300167,0.9901567977782437,0.9729574570177921,1.1365748121052954,0.8093401019302888,0.9934164872157079
105.30463826310701,1.0299929248086113,-0.02150472551667438,0.9900867422967694,0.9708896376721575,1.1302901853779639,0.8114890899663512,0.9929243249309747
105.3540683292945,1.0287579039416088,-0.028437850243351638,0.9901646347782072,0.9689522685667427,1.122637390258005,0.8152671468754803,0.992447934527896
105.40564730623706,1.0271089083878016,-0.03546110656090816,0.9904138045883247,0.9672657646117315,1.1135718228523723,0.8209597063710907,0.9920040718532535
105.45917643213662,1.0250222170569796,-0.04244473813912139,0.9908512400173795,0.9659623603856108,1.10303777739085,0.8288869433803716,0.9916097098835637
105.51458072686106,1.0224798404559727,-0.049250219249396196,0.9914871483585065,0.9651894926672778,1.0909456740100978,0.8394333113244579,0.9912819811821836
105.57200350788045,1.0194625976463725,-0.05573007340510307,0.9923258711371981,0.9651193268557421,1.077130716844853,0.8531079368666311,0.9910384182026022
105.63206051454637,1.0159310791879193,-0.061728300435728904,0.9933702892964268,0.9659762549733101,1.0612548995883926,0.8706976103582276,0.9908984010785343
105.69674435484757,1.0117581886573104,-0.06708477877227248,0.9946394885680221,0.968134514499642,1.0424697869380615,0.8937992420612225,0.9908893417186834
105.76414624731757,1.0070895543044516,-0.07116413329261678,0.9960499373117526,0.971951665778645,1.0209748837884476,0.9229284477688424,0.9910460728062227
105.81695818798525,1.0032754647056152,-0.07306994702127918,0.9971571242272377,0.9761942383317166,1.0027475898223912,0.949640886841042,0.9912918746889945
105.86370150744102,0.9998419965673226,-0.0736529482987142,0.9980913858372739,0.9809365089128493,0.9856246250494304,0.9762483927762683,0.9916007717277799
105.91044482689679,0.9964081554177354,-0.07306425458870434,0.9989394455918508,0.9866316535647259,0.9676387280738591,1.0056245790555927,0.9919946809034635
105.95306114242078,0.9933259192536973,-0.07139855782324099,0.9996005410851663,0.9926351559190956,0.9505919078976303,1.034678403940561,0.9924257416265073
105.99228079144189,0.9905726250229869,-0.06883511718903784,1.0000851499128713,0.9987834152751928,0.9344869701956628,1.0630798603547227,0.9928800015638479
106.02882706964924,0.9881149778815738,-0.06550531020630083,1.0004082340805482,1.004955991612737,0.9192679709005133,1.0906440123249608,0.9933493534683682
106.06318809506217,0.985930263832344,-0.06151699068345128,1.0005838284006325,1.0110284940820928,0.9049325463163199,1.1171244418478656,0.9938272439274324
106.0957112310164,0.9840014991283652,-0.0569660777858848,1.0006262566071944,1.0168753482385422,0.8915077205610697,1.1422429759160144,0.994308147805327
106.12665653177297,0.9823146815210227,-0.051941791281967714,1.000550610047167,1.0223746524258286,0.8790343976824572,1.1657149071692001,0.9947873441396271
106.15622354718717,0.9808574934299691,-0.046529551910791556,1.0003728026972165,1.0274128541432357,0.8675590417436756,1.1872666665427958,0.9952607390997676
106.18456571904096,0.9796185833941082,-0.040812750851609354,1.0001094471835625,1.031889465708404,0.8571284049708864,1.2066505264459213,0.9957247252907856
106.21179843683817,0.9785870708293287,-0.03487383350099739,0.9997776350343832,1.0357217543893622,0.8477854861439449,1.2236580226347793,0.9961760737733261
106.2380034250097,0.9777521302960108,-0.02879489678303467,0.9993946473862817,1.038849138928658,0.8395659196862097,1.2381323581711063,0.9966118539697206
106.26323065735599,0.9771025957827718,-0.022657927113167428,0.9989776071737422,1.0412369227905678,0.8324944427916722,1.2499794027894633,0.9970293753361497
106.28749815013569,0.976626560677257,-0.016544834364953333,0.9985430874333593,1.0428789777708551,0.826581318675426,1.2591766368662844,0.997426141624614
106.31078921537544,0.9763109576919524,-0.010537560437542072,0.9981067049945684,1.0437990898340794,0.8218187050655957,1.2657794746025632,0.9977998023143027
106.33304558767001,0.9761410858766917,-0.00471880997437366,0.9976827523475478,1.0440509441630745,0.8181769411559929,1.2699249471701561,0.9981480732026934
106.35415229925204,0.9760999911930468,0.0008254367186178151,0.9972839592358379,1.0437172547620195,0.8156005032851839,1.2718340062388551,0.9984685688346178
106.37390288938022,0.9761674345072715,0.005998708952718405,0.9969215711644379,1.0429096658773402,0.8140027205957745,1.2718166111589062,0.9987584020951871
106.39402278554856,0.9763407503170882,0.011218192325059398,0.996570415724386,1.0416170275874608,0.813213872208254,1.2700201829666675,0.9990423714534795
106.4153793125687,0.976638693075871,0.016664197176641762,0.9962250484219008,1.0397647029896406,0.8133274412454948,1.2662019647337863,0.9993300666028981
106.43783742980058,0.977075918237223,0.022244108878606512,0.9958999699057655,1.0373425116230626,0.8145204264019473,1.260164596844178,0.9996160639143209
106.46131499673858,0.9776646667768925,0.027871287052001394,0.9956092958302933,1.0343726087115344,0.8169499672736888,1.2517952501493796,0.9998956672698631
106.48576549193346,0.9784150888741604,0.03346229932609068,0.9953663665692128,1.0309088335860364,0.820754742850851,1.2410629243212217,1.000164666242379
106.51117022607305,0.9793354904967163,0.03893651427060124,0.9951831506786812,1.0270342430824564,0.826054745786184,1.2280137403787288,1.0004192302711117
106.53753408000986,0.9804325419313037,0.04421638689502503,0.995069588004754,1.0228568346016473,0.8329503620288798,1.2127633071744148,1.0006558427546006
106.56488303858002,0.9817114566316993,0.04922789632719114,0.995032934612366,1.0185036857986463,0.8415209672207673,1.1954864043765252,1.0008712455379183
106.59326267111082,0.9831761281068438,0.053900866728139596,0.9950771460460022,1.0141139167219828,0.8518229590729942,1.1764048743709714,1.0010623802084029
106.62273718959595,0.9848292072514829,0.05816906747049133,0.9952023199376359,1.0098309187504404,0.8638870347621485,1.1557748027387322,1.001226320936007
106.65338901677086,0.986672107472283,0.061970084842703124,0.995404213624877,1.0057942447618924,0.8777145541714052,1.1338739353523797,1.0013601974723654
106.68531902051976,0.9887049363593247,0.06524499807556387,0.9956738564818106,1.0021314798574825,0.8932729751050799,1.1109899846098852,1.0014611077895326
106.71864779832384,0.990926368611766,0.06793788651030358,0.9959972869948203,0.998950363157614,0.9104905837223974,1.0874101425928306,1.0015260185139907
106.75351871182981,0.9933334955162203,0.06999514661973948,0.9963554556978688,0.9963314360936384,0.9292510520341357,1.063411820153141,1.0015516479527244
106.79010391797861,0.995921714731777,0.07136450263318014,0.9967243389463009,0.9943215477595548,0.9493887144079596,1.03925438111115,1.0015343202689933
106.82861569868729,0.9986847690861692,0.07199342579262491,0.9970752940658396,0.9929286182328025,0.9706858450142736,1.0151713914513314,1.001469767324677
106.86932764533702,1.001615128952569,0.07182635507358825,0.9973756369268563,0.9921180760993269,0.9928736537591802,0.9913624984394734,1.0013528289930054
106.91263331223809,1.0047063643592082,0.07079881481968556,0.9975893677661188,0.991811194871761,1.0156484531907777,0.9679739365527441,1.00117685891605
106.95917930856118,1.0079590646017988,0.06882234675049542,0.9976772243859425,0.9918858986078498,1.0387085558492235,0.945063241366476,1.0009323373163022
107.00996524923265,1.0113802453118075,0.0657601196244653,0.9975945518685303,0.9921756654559006,1.0617309131741233,0.922620417737678,1.0006048771656273
107.06710829253583,1.0150162415797503,0.061340696072662876,0.997283449717929,0.9924584460575763,1.0845342644886886,0.9003826276264639,1.00016724712203
107.13777566611022,1.019122836571711,0.054683425126162505,0.9966167144400926,0.9923810457557565,1.1078091703625976,0.8769529211489152,0.9995360607188618
107.19844808316799,1.0222446823510773,0.04810648950129398,0.99585031483214,0.9917423101187293,1.1233745430280748,0.8601100772093836,0.9989259799704578
107.25912050022576,1.024947369173209,0.040889054031610986,0.9949673603309515,0.9905100640731662,1.1349999052505921,0.8460202228957403,0.9982643637041713
107.31561861150544,1.0270564482899374,0.03370505357245319,0.9940956975853835,0.9888502719497525,1.1425150122885568,0.8351855316109482,0.997612265251696
107.36940959231565,1.028677948051011,0.026536912680062783,0.9932681278525771,0.9868709151968005,1.146954076321231,0.8267877540723699,0.9969686773115756
107.42116597826927,1.0298677303778112,0.01940645432898962,0.992511901619331,0.9846735657230006,1.1489596024402213,0.8203875290057798,0.9963372731392178
107.47103052989333,1.0306607097711693,0.012377278144800549,0.9918507610664814,0.9823619506047058,1.1489973692266133,0.8157265319827982,0.9957257904457336
107.51886744269105,1.031089446160705,0.005535386307866574,0.9913021779853931,0.9800375001451939,1.1474590437122116,0.8126159565781761,0.9951436614902932
107.56431630225393,1.0311923130965752,-0.0010132445903551892,0.9908760287516848,0.9777962432399447,1.1447052100230997,0.8108872764567897,0.9946012040579957
107.60673200619152,1.031019516609578,-0.0071331325736995535,0.9905738046733351,0.9757286137203705,1.1410990856487253,0.8103581417920155,0.9941097677876282
107.65015327418071,1.0305741653175204,-0.0133728434833486,0.9903690902645859,0.9736862239606625,1.1364542491400245,0.8109181987813004,0.9936268155063287
107.69649568150585,1.029801335317489,-0.01996516222128348,0.9902751061806512,0.9716444454920763,1.1305104997144142,0.8127783912697383,0.9931397789615066
107.74532379410249,1.028659279275308,-0.026788077320648983,0.9903209938238204,0.9697105828348183,1.1232180247300443,0.8162031409395921,0.9926652095006888
107.79633322776166,1.027115014493971,-0.03372166337923837,0.9905306274170705,0.9680007829503137,1.1145324779029588,0.8214690879976686,0.9922194899919493
107.84931054724898,1.0251438326534157,-0.040639640568168135,0.9909218582958842,0.9666424674176144,1.1044023297161283,0.8288826051191006,0.9918192192188917
107.9041551259035,1.0227273243739958,-0.04740726743454192,0.9915059406174769,0.9657770313721695,1.0927485285786607,0.8388055341656784,0.991481160268537
107.96095548759627,1.0198478485944045,-0.05388086503052357,0.9922880425647821,0.9655673765459047,1.079429421432484,0.8517053316593256,0.991222378147981
108.0201902127224,1.0164736795710279,-0.05990789707543888,0.9932704642220893,0.9662192595252439,1.0641626996767612,0.8682758193737266,0.9910612868174671
108.08338245681777,1.0125106207116452,-0.06532883412786983,0.9944650149933175,0.968051822823266,1.0462820232349477,0.8898216224115842,0.9910220408519586
108.15705834103953,1.0075128100601767,-0.07001701724473977,0.9959708166402154,0.9719019152377596,1.0232929578348908,0.9205108726406284,0.9911608288490501
108.21096359829406,1.0036768380748506,-0.07209666747552038,0.9970849623930583,0.9760341771365513,1.0049937285720274,0.9470746257010751,0.991393593823654
108.25845503414139,1.0002313599700499,-0.07281660363833103,0.9980259099132022,0.9806716553363677,0.9878602117444151,0.9734830989283202,0.9916920736675162
108.30594646998873,0.9967792000498805,-0.07235582442913872,0.9988846214092961,0.9862718234243897,0.9698453035026294,1.00269834334615,0.9920774496966024
108.3491098140683,0.9936855365954896,-0.07080246765372833,0.9995561289272051,0.9921801018347336,0.9528100260410104,1.0315501776284568,0.9925010192535587
108.38876173275032,0.9909234706238998,-0.0683426780619804,1.000051790797789,0.9982367300675199,0.936734193905355,1.0597392662296847,0.9929486462182191
108.42567384578487,0.9884575899449183,-0.06511069879613605,1.0003868318093296,1.0043245941946415,0.9215489050256302,1.0871002833636525,0.9934121450462046
108.460357069866,0.9862644588269822,-0.06121549635704543,1.0005751739747977,1.010321649937486,0.9072459704751245,1.1133973293998478,0.993884883567559
108.49317097849105,0.984326882665909,-0.05675340224421976,1.0006309066071453,1.0161041750849518,0.8938495055152943,1.1383588446546091,0.9943612634326002
108.52438309689958,0.9826308348024841,-0.05181369923606469,1.0005688528230863,1.0215517722214587,0.8813987932163149,1.1617047512266023,0.9948365007756542
108.55419805659024,0.9811640452983871,-0.04648166192445741,1.0004046545066245,1.026552025023086,0.869939352176252,1.1831646978699202,0.9953064495757714
108.58277308074062,0.9799152399588898,-0.0408403913836416,1.0001546601202465,1.0310051416552921,0.8595174125893068,1.2024928707212774,0.995767460196457
108.61022661424731,0.9788736305587709,-0.034971933927044015,0.9998357111045411,1.034828563069543,0.8501757708420064,1.2194813552970796,0.9962162704054297
108.63664305260461,0.978028496695855,-0.02895790023267551,0.9994648574744845,1.037961289638684,0.8419501460319424,1.2339724332454258,0.9966499243058143
108.66207489293602,0.9773687933489047,-0.02287971693449812,0.9990590150610194,1.0403675712204112,0.8348656522308938,1.2458694902099285,0.9970657132657165
108.68654273624811,0.9768827570835495,-0.01681866187922373,0.99863457884663,1.0420395835205531,0.8289332467714451,1.2551459202696613,0.997461130078719
108.71003279930812,0.9765574946971459,-0.010855946295912342,0.9982070201740453,1.042998801528556,0.8241461345657572,1.2618514684913549,0.9978338217592757
108.7324904808453,0.9763785235697959,-0.005073354548558459,0.9977905174775221,1.043296026434865,0.8204761021633143,1.2661159507064157,0.9981815147618212
108.75380617308197,0.976329177801049,0.00044449033671259235,0.9973977055722646,1.0430105112751993,0.8178695516039881,1.2681514709464103,0.998501859762598
108.77378291447671,0.9763896379402488,0.005603601100827962,0.9970397125416093,1.0422496470701192,0.8162423926134805,1.2682569015267577,0.998792065474368
108.7939329730298,0.9765546104990106,0.010759978244788557,0.9966957563452175,1.0410199149229507,0.815431288565594,1.2666085412803074,0.999073693323492
108.81533303219382,0.9768427047873619,0.016145969864150372,0.9963566725179771,1.039242449647385,0.8155075829561113,1.2629773163386588,0.9993593226195309
108.8378439894461,0.9772686481225522,0.02166947384064536,0.9960366925818427,1.0369053391635334,0.8166477667513093,1.2571629115757577,0.9996435186155666
108.86138112036048,0.9778447394619953,0.027244494412166195,0.9957496848756202,1.0340283745681775,0.8190084427888231,1.2490483063475322,0.9999215836803692
108.88589592740458,0.978581176195867,0.032788199917847975,0.995508783814728,1.0306625037062813,0.8227278087180562,1.2385971986945066,1.0001893059091154
108.91136805582094,0.9794862991544266,0.0382204612401551,0.9953258051277123,1.0268875231340584,0.8279254405645081,1.2258496057036086,1.000442851133478
108.93780087832427,0.980566797916918,0.04346411842231113,0.9952105975188333,1.022807989946936,0.8347013616867411,1.2109146182071309,1.0006786968222743
108.96521895387137,0.9818278871071535,0.04844542347995328,0.9951703937545087,1.0185475539164144,0.8431346346961359,1.1939604731366928,1.0008935774683985
108.99366647676186,0.9832734427560423,0.05309438117755969,0.995209198829919,1.014242097511228,0.8532814154298926,1.1752027795925637,1.0010844273230786
109.02320632626534,0.9849060816796533,0.05734487562293974,0.9953272373109618,1.0100321201963522,0.8651722911083455,1.154891949284359,1.0012483148566518
109.05391963586516,0.9867271711251414,0.06113456853071825,0.9955204760828679,1.006054762130224,0.8788087490471318,1.1333007752133164,1.0013823673716071
109.08590602956042,0.9887367668437345,0.06440459791589229,0.995780241970531,1.0024357918327624,0.8941587594426501,1.1107128242228748,1.001483685208948
109.11928490142175,0.9909334933201862,0.06709910264479764,0.9960929631471066,0.9992818333537028,0.9111516840300797,1.0874119826773259,1.0015492437895155
109.15419842835735,0.993314400008,0.06916455279639219,0.9964400736190494,0.9966731091619059,0.9296730207043234,1.0636731976194884,1.0015757784844264
109.1908175454038,0.9958748552225856,0.07054877387092252,0.9967981236961377,0.9946570233996537,0.9495598431729227,1.0397542036263847,1.0015596412122474
109.22935315154366,0.9986085831007101,0.07119938837496599,0.9971391255185891,0.9932429738121924,0.9705981733111598,1.0158877743132249,1.001496605882853
109.27007703212799,1.0015080326293417,0.0710610839288404,0.9974311152934162,0.9923987924124604,0.9925239505369929,0.9922736342879279,1.0013815747077905
109.31337705479312,1.004566498107637,0.07006994653255844,0.9976388516579571,0.9920490180953034,1.0150374215645595,0.9690606146260475,1.0012080094857132
109.35989730903563,1.0077845212049288,0.06813854015728416,0.997723923243421,0.9920754838424796,1.0378438560314394,0.9463071116535198,1.0009665410538537
109.41062539346161,1.0111685127620023,0.06513220800802921,0.9976426463306054,0.9923164136638453,1.0606251024387254,0.9240077248889651,1.000643062958401
109.46764351939262,1.0147628057235807,0.060785612470306616,0.9973385966991927,0.9925553731035359,1.0832000616801618,0.9019106845269101,1.0002110004382836
109.53792193151743,1.0188119415287786,0.05424876901333856,0.9966895345826663,0.9924484578437736,1.1062249555983177,0.8786719600892294,0.9995898970715964
109.59871582928467,1.021915477103671,0.047732507312061356,0.9959369207743344,0.9918033366683157,1.1217845538621183,0.8618221194745129,0.9989848863099838
109.65950972705191,1.0246025931908715,0.0405722279577469,0.9950684368358316,0.9905782633225431,1.1334317587945315,0.8477247678505546,0.9983284683769854
109.7160282581762,1.026696302109375,0.033450841046645134,0.9942115874186156,0.9889377274521598,1.14097386965162,0.8369015852526995,0.9976824061152301
109.76979073538345,1.0283050300306424,0.026347922782835573,0.9933982308200231,0.9869861611126387,1.145453112338256,0.8285192098870213,0.997045293389949
109.82149306212469,1.02948550978308,0.019283657827620537,0.992654919763721,0.9848221694603583,1.1475112825620721,0.8221330563586444,0.996420544875586
109.87128901726419,1.0302729279079996,0.01232052738140724,0.9920048931301477,0.982546948094781,1.1476109633049951,0.817482932884567,0.9958156963400812
109.9190516424663,1.030699829573193,0.005543186206630475,0.9914652734964092,0.9802596462278249,1.1461401549279309,0.814379137527719,0.9952399698596521
109.96443078097822,1.0308042805215258,-0.0009442910690660947,0.9910457548701007,0.9780541760571029,1.143455473642519,0.8126528784716865,0.9947034474352454
110.00679668555017,1.0306357691252124,-0.00700939354842749,0.9907478370062706,0.9760188706219184,1.1399153255320826,0.8121224157117543,0.9942171910788509
110.05009166870998,1.0301985141539327,-0.0131824652009476,0.9905459721975016,0.9740120093416594,1.1353479554061852,0.8126760632771337,0.9937401160373455
110.09628550261695,1.0294386344041575,-0.01970224638905997,0.9904525099692579,0.9720064777337576,1.1294927605872607,0.8145201948802544,0.993259055812762
110.14494703099719,1.0283151420028562,-0.026448389696697727,0.9904959495451293,0.9701075638969914,1.122299598846388,0.8179155289475948,0.9927902536321163
110.19577562687326,1.0267956427832232,-0.03330267438321968,0.9906996562408061,0.9684292624555738,1.1137241719232682,0.8231343529878794,0.9923497776899844
110.24856117637121,1.0248558387253435,-0.040140696965896935,0.9910811283495563,0.9670966431228841,1.1037156150885559,0.8304776711572124,0.9919539045978909
110.30320490475769,1.022477615788868,-0.046829735765435004,0.9916514290107028,0.9662484516405043,1.0921967056281503,0.8403001976528585,0.9916190759028795
110.3597931078001,1.0196437411305672,-0.05322817281087937,0.992415646406402,0.9660443309477929,1.079029961302209,0.8530587005933766,0.9913620329514399
110.4187905928658,1.0163237139849814,-0.05918536884718335,0.9933759063676936,0.9666851833024743,1.0639428461222271,0.8694275204827215,0.9912008156723606
110.48166335597016,1.012428227953548,-0.06454282271413382,0.9945428972698142,0.9684797445003617,1.046297747184283,0.8906617418164403,0.9911589080686748
110.55450907353966,1.0075467304387689,-0.06916671412012733,0.9960058474066885,0.9722133320997999,1.0237762701858502,0.9206503940137495,0.9912892432211563
110.60884006421283,1.0037258678969323,-0.07127503166535269,0.9971108900769772,0.9762967979734312,1.0055131712192753,0.947080424727587,0.9915167958797839
110.65659179683222,1.0003002246251558,-0.07201698560870957,0.9980430313011435,0.980875944113401,0.9884543357588061,0.9732975524679958,0.9918102901760877
110.7043435294516,0.9968667441662198,-0.07158115971854004,0.9988945967254192,0.986408865741775,0.9705214222603344,1.0022963092232156,0.9921906598053383
110.74770784627475,0.9937916894325106,-0.07005543007334077,0.9995607484276013,0.99224197949523,0.9535827916089995,1.0309011673814605,0.992609286881641
110.78753030847324,0.9910468841669217,-0.06762722099389835,1.0000531133975445,0.9982180871669073,0.9376099435798094,1.0588262307540053,0.9930520885753025
110.82459797004493,0.9885964915263824,-0.06443087243092853,1.0003869011849353,1.0042221990129385,0.9225296553782016,1.0859147426476754,0.9935109198869678
110.85942816497784,0.9864170766485466,-0.060575097911843914,1.0005758993228877,1.0101341502439989,0.9083317492727481,1.11193655121525,0.9939791663914122
110.89238331747814,0.9844915742839274,-0.0561558905874048,1.0006340232250224,1.0158320902317344,0.8950392058448804,1.1366249746185884,0.9944512351071542
110.92373229649012,0.9828061145041558,-0.05126216968415082,1.0005759069091709,1.0211975431562241,0.8826904929362271,1.1597045933762211,0.9949223413225732
110.95368035643514,0.9813485776113207,-0.04597882995008189,1.000416994731696,1.0261200388505824,0.8713304371188162,1.1809096405823487,0.9953883352424333
110.98238496658254,0.9801078214097108,-0.04038856890728861,1.000173430504119,1.0305016917110819,0.8610046158447349,1.1999987675774288,0.9958455626822877
111.00996461025149,0.9790731683753816,-0.034572992682926115,0.9998618435320997,1.0342617206490223,0.851755173872698,1.2167682674253466,0.9962907576568035
111.03650360463843,0.9782339886310379,-0.028613221539743015,0.9994990638548907,1.0373406722609684,0.843617166596125,1.2310641779258118,0.9967209624649018
111.06205430223642,0.9775793110533282,-0.022590130261860217,0.999101780131738,1.0397040013432628,0.8366150374254351,1.2427929652610903,0.9971334694084871
111.08663711762625,0.9770974345595713,-0.016584376289648255,0.9986861552150886,1.0413446428616082,0.8307590861866827,1.2519301995365337,0.9975257754232785
111.11023804265811,0.9767755226999776,-0.010676478211458743,0.9982674272597825,1.0422842984865577,0.8260419043547647,1.2585266926183507,0.9978955351505505
111.13280219407163,0.9765991502668558,-0.0049474502712430115,0.997859545304561,1.0425734036533327,0.8224347440308429,1.2627120632758224,0.9982404865382905
111.1542195819735,0.9765517157277072,0.0005189532956122967,0.9974749223682409,1.0422902200505482,0.819883580087853,1.2646968600132433,0.9985582968127453
111.17429268978911,0.9766134779721434,0.005629787755261154,0.9971244704349721,1.0415404908347612,0.818304006651337,1.2647769750181856,0.9988462000377191
111.19458077442157,0.9767797217941827,0.010747688071406775,0.9967872273077418,1.040327747410179,0.8175356148135522,1.2631198800068058,0.9991261185603679
111.21611767861386,0.9770689266664752,0.016090326491364593,0.9964551399017759,1.0385764963971933,0.817655239116838,1.2594977536775485,0.9994098245578071
111.23876585844518,0.9774956729835237,0.021566803560535457,0.9961421580927863,1.0362757283609163,0.818837116648439,1.2537143400733934,0.9996919482993643
111.26244149792291,0.9780721330212399,0.02709206027365455,0.9958618728204504,1.0334455413019201,0.8212358078848073,1.245655274719033,0.9999678368126701
111.287096721357,0.9788083898644439,0.03258407212059051,0.9956271383174495,1.0301365662785578,0.8249875507404846,1.2352855818166308,1.0002333111820672
111.31271162864296,0.979712676374807,0.03796342623883163,0.9954494902942902,1.026427666187212,0.8302099752288463,1.222645357145578,1.0004845617336542
111.3392899368153,0.9807915750836641,0.04315360055416398,0.9953385038930214,1.0224218888264702,0.8370011212495888,1.2078426564033515,1.0007180835675056
111.36685647233762,0.982050189396326,0.04808141084784372,0.9953011526483948,1.0182408706809554,0.8454379889911124,1.1910437523707984,1.000930622989217
111.39545564842128,0.9834922754663032,0.052677355437257725,0.9953412055483114,1.0140180703738144,0.8555745641179007,1.1724615766297284,1.001119121097864
111.42515054874134,0.9851203182617456,0.05687574802972399,0.9954586844357975,1.009891259583577,0.8674391494953042,1.1523433696718495,1.0012806490496369
111.45602254351944,0.9869355396123966,0.06061462378248169,0.9956493984389118,1.0059946616438875,0.8810308617982185,1.1309584614895563,1.001412333418747
111.48817159509129,0.9889378369692019,0.06383544502143017,0.9959045752329686,1.0024510615776414,0.8963152893417279,1.1085868338135547,1.0015112710433502
111.52171764170623,0.9911256670443384,0.06648262849150818,0.9962106178677989,0.9993641656255301,0.9132195329782652,1.0855087982727951,1.00157443149203
111.55680377328677,0.9934959087240832,0.06850286990321663,0.9965490253937805,0.9968114891535399,0.9316271459731427,1.0619958323339371,1.001598541973553
111.59360247105978,0.9960437675988209,0.06984414789597727,0.9968965179715844,0.9948380970658994,0.9513738296645843,1.0383023644672145,1.0015799432342598
111.6323272675412,0.9987628291071953,0.07045412111921776,0.9972253919407995,0.993451577074876,0.9722451123468252,1.0146580418029267,1.0015143927833325
111.67325451785847,1.0016454540039126,0.07027730662317445,0.9975040812014053,0.9926186266444816,0.9939776658841557,0.9912595874048076,1.0013967655778868
111.71678475811521,1.0046852420423842,0.06924906971760975,0.9976978443860027,0.9922634027317363,1.0162761823881674,0.9682506230753053,1.0012204503446036
111.76357590722102,1.0078827115934814,0.06728040727332042,0.9977687323930821,0.992268134244021,1.038848302991991,0.945687965496051,1.0009759592980878
111.8146553760587,1.011245249982763,0.064232763065152,0.9976734316644107,0.9924717510099602,1.0613849655075496,0.9235585365123709,1.0006488622450496
111.87223035736208,1.0148211926111672,0.05982770126728668,0.9973549793404338,0.9926575482529612,1.0837287350787579,0.9015863614271644,1.0002114458518598
111.94410738764087,1.0188877455830796,0.0531232969572667,0.9966816713321258,0.992467577904798,1.1066882233605055,0.8782469324490906,0.9995749294291918
112.00437003967232,1.0218977316180489,0.046657857106109035,0.9959346981812263,0.9917628722112946,1.1216444785354251,0.861881265887164,0.9989751329758604
112.06463269170378,1.0244987616267005,0.03957275342757058,0.9950811771304564,0.9905018678341927,1.1328181009429195,0.8481856347254659,0.9983263002506625
112.1208288027002,1.0265261331534827,0.03251659601844122,0.9942417243998113,0.9888461989800389,1.1400473153919706,0.8376450825681072,0.9976871717964021
112.1743402534583,1.0280790665434547,0.025479091825600913,0.9934476049671901,0.9868966573826582,1.144304897468028,0.8294884172972883,0.9970573108328209
112.22580099979233,1.029211112600206,0.018485706895238846,0.9927247030788128,0.9847496458179065,1.1462040060987122,0.8232952855371007,0.9964405672985293
112.27534065387358,1.029956854154544,0.011600537934677182,0.9920952869561144,0.9825039551672942,1.1461937431546163,0.818814167179972,0.9958445221478696
112.32281837732825,1.0303490375243822,0.004908752724196225,0.9915754810920926,0.980256158643632,1.1446539282948107,0.8158583889924532,0.9952783004920513
112.36787129277458,1.0304262442835295,-0.0014853102127560351,0.9911740523898405,0.9780975555160295,1.1419359174368173,0.8142591935952417,0.9947518302941498
112.40984907782446,1.030238702785146,-0.007448143727551232,0.9908916968827369,0.9761141002443436,1.1383957410713326,0.8138324594173548,0.9942760472875102
112.45331916077619,1.0297811692501593,-0.01359475419319154,0.9907012727528549,0.9741371670850463,1.1337847938303787,0.8144895403397138,0.9938035347711528
112.49961703450677,1.0290014910430645,-0.020070557101066425,0.9906198773908528,0.972171805957081,1.1278916152427076,0.8164519966714544,0.9933286847265128
112.5483332459815,1.0278602062187958,-0.02675783376859826,0.9906749349817988,0.9703219605961166,1.1206666108595371,0.819977310332696,0.9928673739945064
112.5991794500369,1.0263262653123453,-0.03353958972632069,0.9908888224349321,0.9687005343950646,1.1120656170990222,0.8253354516911071,0.9924353890352147
112.65195757865268,1.0243764466429073,-0.04029250215531498,0.9912781232219526,0.9674314644589448,1.1020369676542965,0.8328259612635931,0.9920487174486037
112.70658358029048,1.021993306338947,-0.04688496009695842,0.9918531229382181,0.966652473305081,1.090501425398722,0.8428035212114399,0.9917235108173625
112.76316548920325,1.0191596056056105,-0.05317647020239103,0.992618366903544,0.9665226971443375,1.0773172748794315,0.8557281194092433,0.9914762577700701
112.8222087698305,1.0158434309492959,-0.059017350430661045,0.9935758670973521,0.967244205252477,1.0622018911804647,0.8722865193244892,0.9913248802810456
112.88529210707979,1.0119493396303287,-0.06424965469470006,0.9947374302571136,0.9691335277522874,1.0444842533268568,0.8937828021777182,0.9912932320091032
112.95926346624505,1.0070184118837089,-0.06874381339137182,0.9962042132626148,0.9730426694064421,1.0215965871637418,0.9244887516491425,0.9914385280243108
113.0128216481089,1.0032797710771437,-0.07066140480296028,0.9972735836466162,0.9771494379197072,1.003597249034184,0.9507016268052303,0.9916715521731839
113.06010992529164,0.9999198182895631,-0.07126143347655431,0.9981752259031093,0.9817326811891112,0.9867421530713606,0.9767232093068617,0.9919677973865192
113.10739820247439,0.9965583452724863,-0.07070471543766996,0.99899472136429,0.9872332709791953,0.969058049489787,1.0054084924686035,0.9923481160854641
113.15045719265073,0.993544718516222,-0.06908771653892973,0.99963365206355,0.9930156633062825,0.9523426354054678,1.0336886912070973,0.9927653601823255
113.1900722088891,0.9908539760073253,-0.06659039790381258,1.0001029511617225,0.9989236316964261,0.9365812325446145,1.0612660308482378,0.9932058673333993
113.22699385566004,0.9884525105534984,-0.06334305747772692,1.0004173494245534,1.0048424711016934,0.9217098530032609,1.087975089200126,0.9936616908520635
113.26172073000922,0.9863179942864081,-0.059452166879553674,1.0005904452892211,1.0106532411681395,0.9077222206881638,1.1135842616481153,0.9941263647935084
113.29460405236503,0.984433998007728,-0.05501229931526709,1.0006360558171101,1.0162360513720288,0.8946428518285022,1.1378292509155554,0.9945944099152181
113.32590496972057,0.9827870707914099,-0.050111396242535904,1.0005687316311518,1.0214750091954616,0.8825105947540287,1.1604394236368947,0.995061126994014
113.35582282881295,0.9813653868098707,-0.04483363099945927,1.0004038195704041,1.0262627986355666,0.8713699537367444,1.1811556435343888,0.9955224303060457
113.38451020345917,0.9801580086050202,-0.03926112222631237,1.0001573371648784,1.0305051935099225,0.8612656567862007,1.1997447302336441,0.9959747143918816
113.41208124981017,0.9791543893852896,-0.0334749573917342,0.9998457487420577,1.0341254703223637,0.8522385366815692,1.2160124039631581,0.9964147517305215
113.4386162419428,0.9783439632220514,-0.02755573437917756,0.9994856729554835,1.0370684728856452,0.8443218950086937,1.2298150507625967,0.9968396168890798
113.46416354668635,0.9777157608301944,-0.02158375648640019,0.9990935354805746,1.0393039846210084,0.8375379901800738,1.2410699790619428,0.9972466310835154
113.4887394020252,0.9772580247637068,-0.01563904319051037,0.9986851834825267,1.0408290580613435,0.8318945234912428,1.249763592631444,0.9976333179789794
113.51232505853936,0.9769578062423497,-0.009801439179066604,0.998275491823399,1.0416690565213667,0.8273811012612787,1.2559570117814545,0.9979973553913384
113.53485963597517,0.9768005078293032,-0.004151365755583285,0.9978780123320949,1.0418774253423682,0.8239656205252285,1.259789230159508,0.9983364952303193
113.55622441241654,0.9767692742309271,0.0012276378685565012,0.9975047531048352,1.0415347181423753,0.8215902811809348,1.2614791551038158,0.9986483949440178
113.57620664319367,0.9768439568979226,0.006241678995054858,0.9971662654724518,1.0407484820496555,0.8201662190905734,1.2613307450087374,0.9989302160110292
113.5967863319917,0.9770251270953537,0.01135330173332712,0.9968353682120669,1.03949092817555,0.8195344464889684,1.2594474098621313,0.9992092003556723
113.618593818546,0.977330942657538,0.016673879667281403,0.9965115210934279,1.037700911103399,0.819812658539573,1.2555891636672252,0.9994910884675622
113.64150082254625,0.977775535990386,0.022114603503349307,0.9962083707412857,1.0353718753057188,0.8211704393365632,1.2495733112748744,0.9997706759562736
113.66542923407987,0.9783706955846904,0.02759172205675317,0.9959391806036522,1.0325278065655394,0.8237581894948389,1.24129742363624,1.0000434154349502
113.6903353988102,0.9791261635703186,0.0330242883792843,0.9957164119131932,1.0292224436051058,0.8277080780314193,1.2307368091787925,1.0003052067948284
113.716202825402,0.9800498626717814,0.03833389305838993,0.9955511340682417,1.0255367802681976,0.8331335859111287,1.2179399746252664,1.0005523022969338
113.74303816637921,0.9811480875925669,0.04344499477502136,0.9954523865548421,1.0215748636908673,0.8401284176671127,1.2030213097146218,1.0007812459870693
113.77086889180312,0.9824256675166887,0.048285368996607396,0.9954265487349138,1.017458109887034,0.8487649591909052,1.1861512605831626,1.0009888212596398
113.79974187993652,0.9838860880804371,0.05278643473409575,0.9954767519212514,1.0133185192274403,0.8590922068595703,1.1675448315953103,1.0011719944533062
113.8297225980512,0.9855315568982111,0.05688336601949527,0.9956023550214755,1.0092912109315915,0.8711330056312991,1.1474494162318838,1.0013278497501559
113.86089483718894,0.9873630020096401,0.06051497982856409,0.9957985007970928,1.0055066549061649,0.8848804773907195,1.1261328324216104,1.001453514044604
113.8933611924241,0.9893800040631691,0.06362342603196235,0.9960557736174983,1.0020829171577053,0.9002936698086812,1.1038721645067293,1.0015460710600503
113.92724472395643,0.9915806790267698,0.0661536946201374,0.9963599883603539,0.9991181964011663,0.9172926886018391,1.0809437042004935,1.0016024624646058
113.96269258723021,0.9939615490871364,0.06805290320528262,0.9966921483390834,0.9966839362640894,0.9357538711444764,1.0576140013837023,1.0016193700565341
113.99988304445662,0.996517469030879,0.06926922570295939,0.9970286099970623,0.9948188424935729,0.9555058974718565,1.0341317875152891,1.0015930661287489
114.03903850267925,0.9992417242306267,0.06975013735054093,0.997341472559827,0.9935241809052913,0.9763281017431438,1.0107202600674388,1.001519205344799
114.08044993644052,1.0021265153438499,0.06943928305640176,0.9975991543409279,0.9927607081140934,0.9979526941282563,0.9875687220999307,1.0013925012617229
114.12455918359574,1.0051666388152032,0.06826919761228369,0.9977670690192247,0.9924472783786207,1.0200902341152038,0.9648043226420375,1.0012059905909678
114.172065782654,1.008362758966323,0.06614514990990923,0.9978071861003991,0.9924617176268218,1.0424453284636277,0.9424781067900158,1.0009496452610465
114.22412571117384,1.0117259945767976,0.0629144113405285,0.9976755848280213,0.9926379418184637,1.0647267225891883,0.9205491610477391,1.0006077106492421
114.28337017623915,1.0153199452268808,0.05825027903674298,0.997311069407264,0.9927494354877242,1.0868466611261955,0.8986522098492529,1.0001480732022376
114.36095805785872,1.0195601287601097,0.050825759639826926,0.9965380856073186,0.9923695778032717,1.1102210081596082,0.8745181474469351,0.9994467666526953
114.41977606735315,1.0223633421741485,0.04438975631612845,0.9957862906551109,0.9915237398412107,1.1236881081755214,0.8593593715068999,0.9988519054259192
114.47859407684759,1.0247710658270144,0.03739747893555705,0.9949495789078235,0.9901609442320041,1.1336440697264898,0.8466778187375184,0.9982136036070594
114.53394268917204,1.0266491924419676,0.03040943119302443,0.9941334434081456,0.9884382425723454,1.1400229429504936,0.8368535421941972,0.9975829587302121
114.58683117010129,1.0280743238085337,0.023441065141566835,0.9933687113750862,0.9864536133656007,1.1436364906910517,0.8292707360401497,0.9969621683852729
114.6377201389583,1.0290921342184018,0.016531660741300556,0.9926802773140072,0.9843022803448322,1.1450337612289911,0.8235707994606734,0.9963563670430227
114.68666284724836,1.0297357421037419,0.009750824173024294,0.9920885317472262,0.9820806196994996,1.144636163378556,0.8195250760204432,0.9957735040024754
114.73346710709383,1.0300387373804716,0.0031872396796853797,0.9916074512955215,0.9798819604836887,1.1428091167296068,0.8169548042377706,0.9952227580606701
114.77771541472569,1.0300418105346514,-0.0030505645959393113,0.9912435929464343,0.9777940768641786,1.1398977372869332,0.815690416441424,0.994714033958179
114.81866428243409,1.0297987047404666,-0.008820056754558415,0.9909954689953024,0.9759002855518099,1.1362619624602008,0.8155386086434189,0.994258483553752
114.86277706781114,1.029273156425956,-0.014998081494710418,0.9908316020094059,0.973949630447517,1.1314083948874833,0.8164908660075508,0.993789273318142
114.90957283822277,1.0284194838936138,-0.02146907488425667,0.9907818191500417,0.9720363945333206,1.1252700626068117,0.8188027264598295,0.9933218418028735
114.95869041304263,1.027200949557512,-0.0281191821321267,0.9908717480834965,0.9702642836026757,1.1177988038483195,0.8227297633570319,0.9928716158597551
115.00986736426631,1.0255890462339012,-0.034831737511266975,0.9911219680901758,0.9687468065539457,1.1089502683218981,0.8285433447859932,0.9924541448367662
115.0629331082866,1.0235626178766821,-0.04148320813727783,0.9915472280204329,0.9676087631165333,1.0986689895344144,0.8365485366986523,0.992085167688512
115.1178423294369,1.021105284799535,-0.04794165298554402,0.9921561202723215,0.9669896614766104,1.0868664442485652,0.8471128787046556,0.9917805942027443
115.1747708613894,1.0181986419299918,-0.054066177608014625,0.9929520133641095,0.9670531743053569,1.0733807834399596,0.8607255651707542,0.9915568053602253
115.23437395150735,1.0148037074553433,-0.05970642144875518,0.9939372459120233,0.9680142273890164,1.0578802820625015,0.8781481727155315,0.9914321498846622
115.29871590019614,1.0107945974570633,-0.06470428917812293,0.9951299844221332,0.9702358495592939,1.0395268612042996,0.9009448379142881,0.9914331573984866
115.36537912627614,1.0063482270802124,-0.06842084553800942,0.9964397731961776,0.974014926037964,1.0187058705462742,0.929323981529654,0.9915913534348043
115.41796937328238,1.0027005759462504,-0.0700983407695884,0.9974691209222784,0.9781694337686899,1.0009911133281857,0.955347754209194,0.9918328318610629
115.4646049575206,0.9994176405127445,-0.07051399353963195,0.998334829703411,0.9827722276265226,0.9843726216143436,0.9811718336387016,0.9921338420772235
115.51124054175884,0.9961412398138013,-0.06979847335157596,0.9991161265704218,0.9882490693179967,0.9669794985982698,1.0095186400377236,0.9925154656647074
115.5538574869256,0.9931998821327964,-0.06805833050749173,0.9997223197289608,0.9939865726781609,0.9505207207094059,1.037452424646916,0.9929323516046008
115.5931594886322,0.9905728232641288,-0.06546450277641042,1.0001634759385103,0.9998287806405892,0.9350008038410592,1.0646567574401191,0.9933713114415356
115.62984903999654,0.9882291940523756,-0.06214244184898457,1.0004537926840507,1.0056609051311016,0.9203678107141888,1.0909539995480144,0.9938246347591455
115.66439995055055,0.9861479915814713,-0.058195969037222905,1.0006066916781973,1.0113651473074006,0.9066206416492173,1.1161096529655836,0.9942860365864956
115.69714866206547,0.9843135215164007,-0.053718014203222725,1.0006359242679286,1.0168236839615008,0.8937859305838372,1.1398614373391642,0.9947501785061368
115.72834620058741,0.9827127985161153,-0.04879541714102966,1.0005559925734182,1.0219234698624151,0.8819031396266188,1.1619438000982114,0.9952124687690888
115.75818422130594,0.9813343101552087,-0.04351156347169885,1.0003821758090041,1.0265607551464582,0.8710164705300568,1.1821050397628594,0.9956689034752761
115.7868089581493,0.9801673260276584,-0.037947959443368345,1.0001303864793667,1.0306455262758816,0.8611696637649519,1.2001213887868112,0.9961159403348219
115.81432898097616,0.9792014189252968,-0.032185156289457034,0.9998169342175328,1.0341057982222874,0.8524019666483856,1.2158096297961893,0.9965504022502659
115.84081934561587,0.978426063527639,-0.026303216381796037,0.9994582239331767,1.0368914965328018,0.8447445268247619,1.2290384662408418,0.9969694061519248
115.86632325830861,0.9778302570257957,-0.020381857246588683,0.9990704023426269,1.038977587246204,0.8382168944251163,1.2397382800672916,0.9973703107244908
115.89085150741379,0.9774021376947368,-0.014500449396962472,0.9986689714487241,1.04036612328021,0.8328235281419819,1.2479087184184379,0.9977506731742217
115.91437907714474,0.977128582076966,-0.008738178285567827,0.9982684016396245,1.0410870029644426,0.8285502835901206,1.2536237223387643,0.9981081984619458
115.93683701521068,0.9769947384976623,-0.0031749714913905736,0.9978817990956534,1.0411975252010872,0.8253608032667173,1.257034247135457,0.998440650692302
115.95809456404766,0.976983382143392,0.0021055168030243423,0.9975207207789785,1.0407813784139708,0.8231924301714274,1.258370326656514,0.998745662795658
115.97791731150753,0.9770737667559527,0.00700746524545037,0.9971953370914758,1.0399489221175182,0.8219504228675836,1.2579474213674526,0.9990202748620498
115.99882326748629,0.9772738299459981,0.012119040689572017,0.9968708600288684,1.038630892039569,0.8214836797592147,1.2557781043199234,0.9992983822741716
116.0209323261465,0.977600617361531,0.017421426021823446,0.9965556776761163,1.0367862261823557,0.8219534996728531,1.2516189526918584,0.9995783696254084
116.04412705857925,0.9780677540418418,0.022827995427832534,0.9962631296423423,1.0344135873414724,0.8235243515848152,1.2453028230981296,0.9998552132804405
116.06833598143162,0.9786865873727375,0.02825631113698779,0.9960061357922193,1.0315416261167625,0.8263419893223457,1.2367412629111794,1.000124479934985
116.09352043194562,0.979466466085035,0.03362652927022135,0.9957967291364055,1.028227906682804,0.8305339822613808,1.225921831104227,1.0003821557573076
116.1196680083753,0.9804149548312312,0.03886129251993201,0.9956454584476631,1.024556164793474,0.8362090818042407,1.2129032477827073,1.000624561521704
116.14678892645475,0.9815380165499444,0.04388610958739514,0.9955607550848959,1.0206319103049104,0.8434560201110842,1.1978078004987367,1.0008482957580838
116.1749138968952,0.9828401653139186,0.048629799401602926,0.9955483152532825,1.0165766240323677,0.852341864759307,1.1808113833054286,1.0010501831454663
116.20409284637508,0.9843245769785792,0.0530247924635754,0.9956105292825789,1.0125209358267766,0.862909836920639,1.1621320347329143,1.0012272177563803
116.23439421508463,0.985993142530203,0.05700721368449251,0.9957459782152656,1.0085971934292461,0.8751764392156361,1.1420179476428562,1.0013764972287897
116.26590483801277,0.9878464553894887,0.06051674532729368,0.9959490152241939,1.0049317876476291,0.8891278018680652,1.1207357734271932,1.0014951467559965
116.29873064561345,0.9898837361293441,0.06349629428437689,0.9962094539879218,1.0016375418412273,0.9047153184969359,1.0985597651855188,1.0015802320042275
116.33299867708293,0.9921027145758152,0.06589147022397356,0.9965123946604338,0.9988064433991066,0.9218508826800992,1.075762004118114,1.0016286581813498
116.36886129386734,0.9944995112474235,0.06764982152513704,0.9968382247311472,0.9965030076159371,0.9404023344189606,1.0526036808129138,1.0016370483269181
116.40650419325921,0.9970685920080734,0.06871966209381979,0.9971628287069678,0.9947586085956126,0.9601900609422414,1.0293271562489839,1.0016015859823846
116.44616126249171,0.9998029247769205,0.06904811234868405,0.9974580155100058,0.9935671452465493,0.9809860640458684,1.0061482264472303,1.0015177914322053
116.48814256684055,1.00269458414734,0.06857754836030644,0.9976921061615931,0.9928823560758533,1.0025172916527072,0.9832474204989995,1.0013801648213974
116.53294348090887,1.0057399429610288,0.06723654207420503,0.9978305598662027,0.9926167109276294,1.0245014908030239,0.960731931052235,1.0011812703321614
116.58132168107213,1.0089401573038854,0.06492253075721564,0.9978350601856192,0.992642385146222,1.0466405157627612,0.9386442545296828,1.000910340128917
116.63461695015756,1.0123119625698092,0.06146232411434386,0.9976604655151139,0.992786377980392,1.0686686338211822,0.916904122139602,1.0005497121128755
116.69613443396722,1.0159440010562588,0.05645250788226851,0.9972382156246281,0.9928065493082054,1.0906102096087376,0.8950028890076733,1.000060268989322
116.76235915512548,1.01947564317535,0.05004547173553782,0.9965601646261214,0.9923881231777463,1.1098088496991452,0.8749673966563474,0.9994566167307998
116.82097613758809,1.0222248482558418,0.04365611059227386,0.9958172481876054,0.9915130439062263,1.122976542992693,0.8600495448197595,0.9988662912081421
116.8795931200507,1.0245829651241731,0.036720879612032076,0.9949939534593801,0.9901371904832689,1.1327028777133095,0.8475715032532283,0.9982337251972497
116.93476354584955,1.0264193417692729,0.02979283487069173,0.9941931260147528,0.9884167749680335,1.1389242767037921,0.8379092732322747,0.9976093291281665
116.98748844504873,1.0278091714960857,0.022886616924977194,0.9934443848787704,0.9864463658947911,1.142432139192693,0.8304605925968892,0.9969951906646463
117.03820860576462,1.0287971348014622,0.01604299082466363,0.9927719290033508,0.984318947464808,1.143761926746118,0.824875968183498,0.9963965086268203
117.08696861308785,1.0294161977585485,0.009331836028490335,0.9921954327096562,0.9821286760773819,1.1433270695722544,0.8209302825825093,0.9958211601983972
117.13357156743456,1.029700060855441,0.00284153480435452,0.99172821672628,0.9799666498747486,1.1414874329224678,0.8184458668270292,0.9952781832323873
117.17759550933276,1.0296895721668269,-0.0033199222235812172,0.9913762932457924,0.9779184688289836,1.1385840619271335,0.8172528757308337,0.9947773115301477
117.2185862486222,1.0294359389499137,-0.009051930802766409,0.9911363475805878,0.9760521135550045,1.1349447388108005,0.8171594882992086,0.9943263223538668
117.26275598399532,1.0289003628561064,-0.015189161733111637,0.9909804517504889,0.9741327304292771,1.1300874398197482,0.8181780210388058,0.9938620673007478
117.30956456009928,1.028038728666886,-0.021607747775532638,0.9909380800573045,0.9722568071638835,1.1239521526022782,0.8205614617254889,0.9934005176106079
117.35866178958128,1.0268154122962905,-0.028195378271146758,0.9910340619647953,0.9705267826973043,1.1164911348865587,0.82456243050805,0.9929568267434759
117.40979380707854,1.025202838503785,-0.03483660706340769,0.9912882523556924,0.9690548494875652,1.1076600562494647,0.8304496427256656,0.9925462807185876
117.46279873703688,1.023180553118353,-0.04140911547042956,0.9917147745396226,0.9679644158948764,1.0974030709837643,0.8385257608059883,0.9921843495650402
117.51764163555866,1.0207325771588724,-0.047782227888709866,0.9923217356361831,0.9673936090828974,1.0856308181158654,0.8491564000499294,0.9918866791305871
117.57451282838971,1.0178404855416605,-0.05381629207023524,0.9931122042217879,0.9675049327984759,1.0721797101923767,0.8628301554045751,0.9916694183632124
117.63409386116163,1.0144644939814562,-0.059361950659559695,0.9940884822696363,0.9685129648484061,1.0567133742527495,0.8803125554440628,0.991550774670206
117.69852747057392,1.010474994091714,-0.0642614381344415,0.9952694083945973,0.970784461202572,1.0383742190463985,0.9031947033587455,0.9915574634126684
117.76444758070531,1.006112349730083,-0.06783313473332028,0.9965461734782438,0.9745512020513728,1.0178537015912952,0.9312487025114504,0.9917177453717889
117.81685792045975,1.002510053294694,-0.06943334357997823,0.9975549430436536,0.9786932669630246,1.0002828194543492,0.9571037144717001,0.9919595016137006
117.86338489125615,0.9992670826175615,-0.06979138250118548,0.9984025582043488,0.9832702677191338,0.983797991953401,0.9827425434848668,0.9922596267816371
117.90991186205254,0.9960330565946981,-0.06902980576585967,0.9991658550608518,0.988700073896868,0.9665631321769008,1.0108370156168351,0.9926390409914938
117.95246945505393,0.9931292109576809,-0.0672586674699556,0.9997570655922297,0.9943784323444738,0.950257217236986,1.0384996474519614,0.9930531154689781
117.9917453890772,0.9905357069548496,-0.06464614098030287,1.0001860745021882,1.0001509543297615,0.9348875949935619,1.065414313665961,0.9934888713282154
118.02843173018594,0.9882224894382513,-0.06131589933722709,1.0004668694433547,1.005904010008968,0.9204046646905161,1.09140335532742,0.9939387076984145
118.06299615973396,0.9861690517374666,-0.057370630161284325,1.0006127338915745,1.0115213067792805,0.9068082317027109,1.1162343818558502,0.9943964171047222
118.0957709667203,0.9843600382967639,-0.05290245942336261,1.000637300660172,1.01688687522717,0.8941251026604747,1.1396486477938652,0.9948567175340182
118.12700400981339,0.9827827148209586,-0.04799760822271087,1.0005549500698117,1.0218898373287506,0.8823944982579712,1.1613851763995298,0.995315058155975
118.15688431998693,0.9814257590056171,-0.04273894697054661,1.000380826066216,1.026428879453626,0.871660086886755,1.1811976720204969,0.9957674650639934
118.18555581996478,0.9802785809505299,-0.03720751359180668,1.0001306862873025,1.0304166244115323,0.8619648289818229,1.1988684198412416,0.996210418775337
118.21312494288355,0.979330850088265,-0.03148339369731885,0.99982066133975,1.033783824362322,0.8533469607583098,1.2142206879663342,0.9966407608309115
118.23966468231075,0.9785720979800703,-0.025646151968735934,0.9994669497065098,1.0364831137168147,0.8458363959252573,1.227129831508372,0.9970556249423153
118.26521616094398,0.9779913429678341,-0.019774953022672372,0.9990854630214886,1.038491986957747,0.8394512408986939,1.2375327330168,0.9974523862243003
118.28978793398012,0.9775767129174663,-0.013948553851529443,0.9986914412772779,1.0398146846081988,0.8341943239342589,1.2454350452821386,0.9978286184277991
118.31335238414353,0.9773150455991972,-0.008245488542348727,0.998299071572911,1.040482805776038,0.8300497128623471,1.2509158986897289,0.9981820421830729
118.33583716237703,0.9771914213525212,-0.002745065857642122,0.9979211658080664,1.0405547621648668,0.8269791237260878,1.2541304006036458,0.9985104330650372
118.35710637531514,0.9771885059848343,0.002469476741395751,0.997568991869937,1.040114752368375,0.8249178015554907,1.2553117031812593,0.998811423040943
118.37691622828055,0.9772853574490539,0.007302073944564186,0.9972524650194341,1.0392732033938197,0.8237685450585207,1.2547778617291188,0.9990820158216059
118.39802188070514,0.9774933072495972,0.012390248254117522,0.9969341538477031,1.0379436593754523,0.8233885978664517,1.2524987208844527,0.9993587246216084
118.42032131081653,0.9778285987669846,0.017660101702053822,0.9966260445495773,1.0360950466908203,0.82395457943083,1.2482355139508108,0.9996368336526119
118.44370184587277,0.9783045925593314,0.023026401993395416,0.9963412087729316,1.0337282972177957,0.8256278599762275,1.2418287344593641,0.9999114162643328
118.46809486281501,0.9789324030471794,0.028407671423838897,0.996092283788369,1.030873795051801,0.8285513276677406,1.2331962624358614,1.0001781024248326
118.49346385427468,0.9797211690052281,0.033724900041093686,0.9958909865073784,1.0275901776296368,0.8328497235796433,1.22233063167963,1.0004329262735123
118.51979817406962,0.9806782606421837,0.03890150478039144,0.9957475167402268,1.0239615146489145,0.8386289161139799,1.2092941131838493,1.000672245930681
118.54710955180245,0.9818094557558595,0.04386372804224571,0.9956699304281434,1.0200928694785656,0.8459746359196825,1.194211103037449,1.0008926885951408
118.57543006092085,0.9831190862858452,0.048541080390312116,0.9956635316704238,1.0161044992967314,0.8549507750936188,1.1772582234998439,1.0010910996862898
118.60481090597038,0.9846101425292354,0.05286663408817148,0.9957303140058793,1.012125077083326,0.8655971563439013,1.158652997822751,1.001264486384015
118.63532178830692,0.9862843205670533,0.05677709845838293,0.9958684710648517,1.0082843373772763,0.8779266279557691,1.1386420467987834,1.0014099519492417
118.66705087911693,0.9881420052504823,0.06021267718918895,0.9960719945149141,1.004705504619765,0.8919214108916689,1.1174895983478614,1.0015246197691108
118.70010565742999,0.9901821934387488,0.06311672923236128,0.9963303819161283,1.0014978094688654,0.9075287906151855,1.095466828322545,1.00160554610473
118.73461514075997,0.9924023790099669,0.06543523430044625,0.9966284851053224,0.9987493718797656,0.9246564873856802,1.072842256373851,1.0016496184764847
118.77073445405976,0.9947984435733616,0.0671160005740898,0.9969465352027939,0.996520743957163,0.94316833359678,1.049873154317546,1.0016534322003516
118.80865345037945,0.9973646300201826,0.0681074322878373,0.9972603750318035,0.9948394462301091,0.9628812171052732,1.026797675354945,1.0016131291279762
118.8486126692774,1.000093734731327,0.0683564510404859,0.9975419017427641,0.9936958541563843,0.9835646168840434,1.003827091428725,1.0015241653500209
118.89093352218417,1.0029777825298951,0.06780469761912998,0.997759650869576,0.9930407179654652,1.0049445707559446,0.981136865174986,1.0013809352051262
118.93614274303637,1.0060140215865803,0.06637841351115784,0.9978793649390908,0.9927841541129983,1.0267448890253759,0.9588234192006205,1.0011757510174302
118.98503573684906,1.0092040338567365,0.06397039191525122,0.9978628308046805,0.9927965382073645,1.0486693171297072,0.9369237592850216,1.000897431791911
119.03907259964278,1.0125682002293934,0.06039454059451332,0.9976643565748664,0.9929023368137777,1.070471588834876,0.9153330847926794,1.0005271503399682
119.10204903629857,1.0162132132068156,0.05519334874508222,0.9972103460183958,0.9928501883077027,1.0922605777867789,0.8934397988286265,1.000020891513015
119.16669038966165,1.0195820443924914,0.0488912826647235,0.996536252990644,0.9923591362909905,1.110358282253001,0.87435999032898,0.999428303844116
119.22480177071488,1.0222415585941236,0.042543724650968874,0.9957996158387696,0.9914311292977361,1.1229527036677018,0.8599095549277704,0.9988426366605238
119.2829131517681,1.0245164638640694,0.03567280416370517,0.9949907899568279,0.9900236017091957,1.1322198659733655,0.8478273374450259,0.9982169287224516
119.33774266543874,1.0262856122148705,0.02880474323655402,0.9942071429629595,0.9882901807047686,1.1381188288314399,0.8384615325780972,0.9975992223075617
119.3901845389858,1.027617771210755,0.021961444431894465,0.9934775679067824,0.9863230883691451,1.1413897420332606,0.8312564347050295,0.9969923019686494
119.44062725232583,1.0285553893878292,0.015187613513531168,0.9928254537829115,0.9842134595931245,1.1425448621793364,0.8258820570069126,0.9964016730528481
119.48909100515229,1.0291311023710508,0.008554542889126372,0.9922694685818357,0.982053253248534,1.1419857805737992,0.8221207259232689,0.995835231386256
119.53536204483585,1.029378971129836,0.0021512808149808183,0.9918219174455596,0.9799311567520799,1.1400652185635578,0.8197970949406019,0.9953019200499919
119.5789992953311,1.0293405523120567,-0.003913329801004086,0.9914878675292793,0.9779303632280234,1.1371202398854157,0.8187404865706311,0.9948113518828426
119.62031681447026,1.0290603317424776,-0.009646987110150643,0.9912596727903271,0.9760818567036865,1.1333977957902899,0.8187659176170832,0.9943627734259999
119.66471475213984,1.0284959944340069,-0.01576421795141491,0.9911177309377986,0.9741932384540465,1.1284587468600613,0.8199277300480317,0.9939031454911923
119.71168541873826,1.0276052330569991,-0.02214482418981609,0.9910903714321259,0.9723598855833642,1.1222449720868797,0.8224747990798486,0.993448027177788
119.76089529663341,1.0263539934091246,-0.02867784348146561,0.9912013830836267,0.9706836170401416,1.11470974774243,0.8266574863378533,0.9930123190976138
119.81210424778038,1.0247160528337158,-0.03524864114468425,0.9914695991848916,0.969276004717248,1.1058084982835032,0.8327435111509927,0.9926110672558469
119.86516535817378,1.022671986555228,-0.04173557056567461,0.9919081813286162,0.9682598999189168,1.0954836472423208,0.8410361525955128,0.9922594950246162
119.92006423666533,1.020206281484785,-0.04800861984289299,0.9925244253374998,0.967773254674842,1.0836418342032816,0.8519046751464023,0.9919730137898594
119.97702592396311,1.0172998663527861,-0.0539287237570415,0.9933209041940648,0.9679796243554704,1.0701107547958615,0.8658484939150793,0.9917676187671152
120.0,1.0160355364369367,-0.056116311285379965,0.9936817911866246,0.9682932065136505,1.064291965492445,0.872294447534856,0.9917131486446222
