tau,R,V,H,Uc,Lr,Lc,L
0.0,1.4,0.0,1.0,1.0,10.541350399999974,0.06776036154587126,9.493991396154565
0.0002290877471121377,1.3999999878710303,-0.00010593481467810828,0.9753387157091276,0.9999963289006923,8.85083958248155,0.06775961997987236,7.972531586231383
0.00043669028016615644,1.399999955894606,-0.00020215080919887773,0.9566095194606774,0.999992811041127,7.727500508035503,0.0677589172543537,6.9615263489573875
0.0006745799575193071,1.3999998946698042,-0.0003126170557201533,0.9382885059401214,0.9999885896396677,6.749176640290765,0.06775808284460029,6.081034784546149
0.0009417990180903954,1.3999997945276283,-0.00043693444409103943,0.9207498743011641,0.9999836390031895,5.914083898564464,0.06775711527458268,5.329451220235477
0.001241651198111028,1.3999996425660899,-0.0005766824286715826,0.90398451161628,0.9999778575811339,5.200228182354989,0.06775599890072709,4.686980964009563
0.0015772765812823903,1.3999994227301646,-0.0007333685430735058,0.8880082165527741,0.9999711425730321,4.590012685951605,0.06775471904723576,4.137786889261168
0.0019519619983914586,1.399999115133148,-0.0009085720836600975,0.872834525356618,0.999963384821929,4.068344721317544,0.06775326123090204,3.6682855753088797
0.0023690839208660532,1.3999986954165644,-0.0011039169901591534,0.8584758149908425,0.9999544703859958,3.6223454900812393,0.06775161172846401,3.266886102245962
0.002832074081877241,1.3999981340591459,-0.0013210551290124646,0.8449425146694322,0.9999442818690689,3.241024680522285,0.06774975811458267,2.923697188281515
0.003344379342503674,1.3999973956609206,-0.0015616467463070963,0.8322424172811246,0.9999327000238006,2.9150064687108808,0.06774768986473956,2.630280590826267
0.003909419891052004,1.3999964382187255,-0.0018273400262065775,0.82037999127539,0.9999196055207482,2.636294553352341,0.06774539899501292,2.3794396379166085
0.00453054788226636,1.399995212411595,-0.002119750781812917,0.8093557336783743,0.9999048807994139,2.3980707263860706,0.06774288071447174,2.1650379418189107
0.005211009203836862,1.399993660912698,-0.0024404435890285976,0.7991655978096767,0.9998884118916994,2.1945220376927166,0.06774013406143203,1.981843847329588
0.005953911307461963,1.399991717739627,-0.0027909157998943033,0.7898005297018096,0.9998700900924915,2.02069240769273,0.067737162493513,1.8253968831728085
0.0067622001354860255,1.3999893076463101,-0.0031725859201763534,0.781246144727766,0.9998498133443317,1.8723552035287327,0.0677339744031766,1.6918930806161772
0.007638649057229697,1.3999863455475459,-0.0035867877800522686,0.7734825709704809,0.9998274872057988,1.7459038556683122,0.06773058353574596,1.5780865284550556
0.00858586238837143,1.399982735951587,-0.0040347717599880225,0.7664844782475793,0.9998030252872333,1.6382580591382823,0.06772700929580039,1.481204954154034
0.00960629550929961,1.3999783723581638,-0.004517714060024904,0.7602213016850177,0.9997763490623743,1.546783487887539,0.06772327693991606,1.3988774667927766
0.010702292879824209,1.3999731365600325,-0.005036734647012036,0.7546576568409019,0.999747386997907,1.4692232611493103,0.06771941766800545,1.32907287680118
0.01187614444334828,1.3999668977668447,-0.005592924118124088,0.7497539307381064,0.9997160729810928,1.403639649528251,0.06771546864074705,1.2700472314395008
0.013130160150035347,1.3999595114517167,-0.006187379342168328,0.7454670210433056,0.9996823440630855,1.348364705344599,0.06771147296533186,1.2202993821066725
0.014466761724890212,1.399950817803599,-0.006821247441213734,0.7417511855815783,0.9996461375667718,1.3019586583477005,0.0677074797047858,1.1785335404834092
0.015888590490495784,1.3999406396515093,-0.007495777516065004,0.7385589576441463,0.9996073876277316,1.2631750434594964,0.06770354397672643,1.1436278935112194
0.017398630119137448,1.3999287797077826,-0.008212379545554618,0.7358420799732943,0.9995660212414583,1.2309316308311133,0.06769972721564677,1.1146084404695666
0.019000343691500967,1.3999150169532675,-0.008972690128552802,0.7335524120739432,0.9995219538774477,1.20428631761799,0.06769609767965443,1.0906272956241565
0.02069782540391216,1.3998991019529647,-0.009778645200414797,0.7316427711134509,0.9994750846909847,1.1824172211997686,0.06769273128989083,1.0709447722087808
0.022495968692678493,1.3998807508396682,-0.010632560541192165,0.7300676751256803,0.9994252913175533,1.1646062892483964,0.06768971290130492,1.0549146316136873
0.024400654435100682,1.3998596376274792,-0.011537221801523336,0.7287839672362024,0.999372424174125,1.1502258154792704,0.06768713812053323,1.0419719477433966
0.026418965282810424,1.3998353844056408,-0.01249598692208154,0.7277513098577805,0.9993163001164803,1.1387273220171266,0.06768511581470076,1.0316231013968842
0.028559435193724884,1.399807548800537,-0.013512905265266651,0.726932547169621,0.9992566952103831,1.1296323399297967,0.06768377149965238,1.0234374830867823
0.03083234708238892,1.3997756078571788,-0.014592859622010916,0.7262939419359176,0.9991933362614377,1.1225246877322717,0.06768325186523474,1.0170405441455679
0.03325009659919193,1.3997389371462676,-0.015741739690359007,0.7258052984786758,0.9991258906034522,1.1170439123706681,0.06768373080025555,1.012107894213627
0.035827647025431106,1.399696783394361,-0.01696665895588571,0.7254399873862313,0.9990539534504651,1.112879617161807,0.06768541743843773,1.00836019718947
0.038583110182621054,1.3996482281746436,-0.0182762316388343,0.7251748895714407,0.9989770318444632,1.109766455408233,0.0676885669877084,1.0055586665661804
0.0415385027310437,1.3995921390404975,-0.01968093328922367,0.7249902780351245,0.9988945238345098,1.1074796163542302,0.06769349547582479,1.0035010042663897
0.04472074899436799,1.3995271026910288,-0.021193579010884745,0.7248696556744335,0.9988056909291313,1.1058306714221313,0.06770060012569769,1.002017664292488
0.04816303490043706,1.3994513319121098,-0.022829969288340954,0.7247995673224096,0.9987096209523945,1.104663683366463,0.06771038800256168,1.0009683538300729
0.0519066703228749,1.399362533405706,-0.02460977859336391,0.7247694046224501,0.9986051770001843,1.1038515092730141,0.0677235170992757,1.0002387100556402
0.0560037021173605,1.3992577158758124,-0.02655780262780119,0.7247712242667221,0.9984909258829153,1.1032922505259393,0.06774085659797449,0.9997371111331428
0.060520663046439604,1.3991329043296918,-0.028705748476540234,0.7247996050175413,0.9983650355621451,1.1029058189859495,0.06776357753442913,0.9993915948407974
0.06554410338231054,1.3989827020457188,-0.031094877218197443,0.7248515796199352,0.9982251239893448,1.1026305981552091,0.0677932933102996,0.9991468676707183
0.07118881904160677,1.398799602340127,-0.03377993724023568,0.7249266967735691,0.9980680346736286,1.1024201875572168,0.06783228365230805,0.9989613971667259
0.07761072756938577,1.3985728603432792,-0.03683532335402341,0.7250273121126215,0.9978894861194944,1.1022401929053893,0.06788386630731175,0.9988045602455816
0.08502715033793996,1.3982865866421066,-0.04036478801194977,0.7251592840292865,0.9976835212832978,1.1020650298693124,0.06795303590176391,0.9986538304725576
0.0937486350425189,1.397916441464072,-0.04451670106624024,0.7253333933833732,0.9974416479335177,1.1018746599979667,0.06804759674727635,0.9984919536728977
0.10422152783982895,1.3974241064211865,-0.049504542274505535,0.7255679231052918,0.9971517031229373,1.1016512662285278,0.06818013541343028,0.9983041531470181
0.11701988325153974,1.3967515059504647,-0.055603473261726113,0.7258915105964583,0.9967981572268526,1.1013771424147545,0.06837045861592203,0.9980764740348712
0.13234643984661731,1.395843289940258,-0.0629129741770452,0.7263323829979034,0.9963759673281268,1.1010435402907832,0.06863986582594772,0.9978031728442998
0.14866874351293216,1.394752823661691,-0.07070515645434103,0.7268660259275342,0.9959278739370587,1.1006806623969785,0.06897721701394835,0.9975103178586755
0.16438099828863598,1.3935829026260338,-0.07821459346511303,0.7274424961207977,0.9954981110247585,1.1003233888592705,0.06935197684087514,0.9972262476574311
0.17938467732555669,1.3923555484686951,-0.08539396290657772,0.7280507562798938,0.9950892664376195,1.0999745827841851,0.0697565393266513,0.9969527784384318
0.19386343404308692,1.3910689421677347,-0.09233082739280217,0.7286915718431818,0.9946962283961689,1.0996305727432527,0.07019112099539206,0.9966866275684667
0.20790505181929578,1.3897251847885288,-0.09906704356088361,0.729363853774591,0.9943165379808157,1.0992896803294958,0.07065494541366092,0.9964262068379123
0.22156670884856708,1.3883269455369196,-0.10562987844307967,0.7300662716520988,0.9939485873713697,1.0989508369568786,0.07114718802735179,0.996170472063926
0.23489518707243723,1.3868763405065623,-0.11204166351435269,0.7307977989058928,0.9935910644354244,1.098613141872895,0.07166731213303157,0.9959185588989087
0.2479283840987637,1.3853751727787236,-0.11832050667010846,0.7315575865347236,0.9932429082477474,1.0982758453222057,0.07221496670965004,0.9956697574609502
0.2606973584570262,1.383825017934677,-0.1244812627325538,0.7323449156492498,0.992903251061126,1.0979383140442294,0.07278994230238625,0.9954234768700451
0.2732279764231726,1.3822272638524147,-0.1305363161267992,0.7331591743245359,0.9925713718802774,1.0976000018597658,0.07339214738252325,0.9951792164120415
0.28554207514534113,1.3805831416401386,-0.1364961336761778,0.7339998398324556,0.9922466636598214,1.097260428960584,0.07402159087730524,0.9949365451522563
0.29765830926552217,1.378893749663664,-0.1423696669948935,0.7348664649651272,0.991928609425566,1.096919166841079,0.07467836918805956,0.994695087075777
0.3095927811440992,1.3771600724549056,-0.1481646520469339,0.7357586673603098,0.9916167644991624,1.0965758270683674,0.07536265644834433,0.9944545100063652
0.32135951837407684,1.375382995886927,-0.15388783612481438,0.7366761210070144,0.9913107430297257,1.0962300527565922,0.07607469712838781,0.9942145171937719
0.3329708415879853,1.3735633195232089,-0.15954515268014458,0.7376185493913423,0.9910102076200474,1.0958815119769145,0.0768148003960785,0.993974840818831
0.34443765185072267,1.371701766805251,-0.1651418579234085,0.7385857198910512,0.9907148612212114,1.0955298925817736,0.07758333581555817,0.9937352369051521
0.35576965824731077,1.3697989935389092,-0.17068263898646133,0.7395774391473084,0.9904244407146385,1.0951748980753166,0.07838073009374939,0.9934954812771599
0.3669755602185629,1.3678555950378264,-0.17617170056249992,0.7405935492046737,0.9901387117710336,1.0948162442716807,0.07920746465799212,0.9932553663103119
0.3780631952881848,1.3658721121756345,-0.18161283508238876,0.7416339242722295,0.9898574646862535,1.0944536565509086,0.08006407391280305,0.9930146982870981
0.3890396598720168,1.363849036561663,-0.18700948008113571,0.742698467982411,0.9895805109769953,1.094086867576823,0.0809511440533897,0.9927732952244797
0.3999114090178617,1.3617868149866958,-0.19236476553475615,0.7437871110626975,0.9893076805715134,1.0937156153721646,0.0818693123521211,0.9925309850701602
0.41068433943456123,1.359685853263071,-0.19768155323888753,0.7448998093491459,0.9890388194724149,1.093339641673556,0.08281926685084337,0.9922876041912847
0.42136385908204954,1.357546519569653,-0.20296246978276677,0.7460365420793609,0.9887737877990426,1.092958690509158,0.0838017464024832,0.9920429960984904
0.4319549459817941,1.3553691473647673,-0.20820993438367774,0.7471973104285783,0.9885124581346868,1.0925725069503087,0.08481754103001098,0.9917970103582789
0.4424621982325151,1.3531540379346254,-0.21342618252463624,0.7483821362510156,0.9882547141225854,1.0921808360018994,0.0858674925718373,0.9915495016588932
0.45288987674560904,1.350901462643502,-0.21861328611323586,0.7495910609897325,0.9880004492677494,1.0917834216055222,0.08695249558482389,0.9913003290034524
0.4632419420352374,1.3486116649127426,-0.22377317079710538,0.7508241447395053,0.9877495659072324,1.0913800057298702,0.08807349849586141,0.9910493550064693
0.4735220860353792,1.3462848619706949,-0.22890763089681754,0.7520814654395439,0.9875019743213131,1.0909703275311449,0.08923150498748304,0.9907964452767787
0.48373375974396887,1.343921246405909,-0.23401834233544766,0.7533631181782477,0.9872575919629814,1.0905541225688984,0.09042757560846705,0.9905414678728552
0.4938801973788946,1.3415209875427891,-0.23910687388993299,0.7546692145994494,0.987016342786525,1.0901311220639154,0.09166282960784561,0.9902842928183084
0.5039644375613794,1.3390842326659198,-0.24417469700765718,0.7559998823959042,0.9867781566605962,1.0897010521886314,0.09293844698818217,0.9900247916685866
0.5139893419736344,1.3366111081103527,-0.24922319439950918,0.7573552648806745,0.9865429688531749,1.0892636333812236,0.09425567077917625,0.9897628371210189
0.5239576118552276,1.3341017202338914,-0.25425366758118173,0.7587355206277855,0.986310719578149,1.0888185796759768,0.0956158095341332,0.9894983026617925
0.533871802682145,1.331556156274663,-0.2592673435258421,0.7601408231805983,0.9860813535940193,1.0883655980416869,0.09702024005965476,0.9892310622434837
0.5437343372090098,1.3289744851239194,-0.2642653805101176,0.7615713608117162,0.9858548198492996,1.0879043877256187,0.09847041037541804,0.9889609899905987
0.553547517174174,1.3263567580024263,-0.26924887329649244,0.7630273363411243,0.985631071166598,1.087434639594129,0.09996784292432585,0.9886879599271486
0.563313533771993,1.3237030090685489,-0.2742188576973354,0.7645089669973771,0.9854100639620774,1.0869560354687287,0.10151413803265982,0.9884118457251219
0.573034477112624,1.321013255948068,-0.2791763146251188,0.7660164843277082,0.9851917579944549,1.0864682474502376,0.10311097764209522,0.9881325204694235
0.5827123447593856,1.3182875002027477,-0.28412217366789694,0.7675501341480101,0.9849761161408229,1.0859709372288469,0.10476012932162267,0.9878498564381245
0.5923490494690605,1.3155257277398342,-0.289057316247347,0.7691101765318517,0.9847631041958602,1.0854637553756277,0.10646345057700944,0.9875637248957658
0.6019464262274149,1.3127279091685538,-0.29398257840012587,0.7706968858355492,0.9845526906918443,1.0849463406120001,0.10822289347467666,0.9872739958982678
0.6115062387027416,1.3098940000961616,-0.298898753239217,0.7723105507639889,0.984344846736301,1.0844183190512844,0.11004050960704762,0.9869805381068607
0.621030185103456,1.3070239413922051,-0.30380659308186436,0.7739514744614348,0.9841395458671991,1.0838793034133045,0.1119184554054792,0.9866832186125221
0.6305199035998755,1.304117659395935,-0.3087068113200079,0.7756199746419926,0.9839367639218358,1.08332889220311,0.11385899784241534,0.9863819027670405
0.6399769773131759,1.3011750660843637,-0.3136000840285405,0.7773163837503492,0.9837364789190782,1.0827666688527358,0.11586452054015792,0.9860764540214779
0.6494029389203138,1.2981960592034092,-0.31848705132992783,0.7790410491518661,0.9835386709536459,1.0821922008221418,0.11793753031498033,0.9857667337714257
0.6587992749377121,1.2951805223578183,-0.3233683185408373,0.7807943333550381,0.983343322100879,1.0816050386540577,0.12008066419264152,0.985452601207916
0.6681674297085411,1.2921283250653302,-0.32824445710654854,0.7825766142637434,0.9831504163312923,1.08100471497919,0.12229669692773816,0.9851339131740448
0.6775088091402661,1.2890393227720938,-0.3331160053398717,0.7843882854616112,0.9829599394337872,1.0803907434664417,0.12458854906830878,0.9848105240266284
0.6868247841905722,1.2859133568407888,-0.33798346895558956,0.7862297565224075,0.982771878947435,1.0797626177153836,0.12695929560002306,0.9844822855038476
0.696116694190753,1.2827502544916596,-0.34284732143834956,0.7881014533586677,0.9825862240999113,1.0791198100818409,0.12941217523117343,0.9841490465967742
0.7053858499515179,1.2795498287232296,-0.3477080042061692,0.7900038185935124,0.9824029657536352,1.0784617704362969,0.13195060034935796,0.983810653427603
0.7146335367497296,1.2763118781874077,-0.3525659266111617,0.7919373119712008,0.9822220963575765,1.0777879248441566,0.13457816772441847,0.9834669491321828
0.7238610171678868,1.273036187035118,-0.357421465752139,0.7939024107976383,0.9820436099052885,1.077097674164725,0.1372986700062368,0.9831177737488762
0.733069533816955,1.2697225247283817,-0.36227496610349763,0.7958996104139393,0.9818675018985522,1.0763903925613074,0.14011610808671307,0.982762964113848
0.7422603119680219,1.26637064581549,-0.36712673896114084,0.7979294247058144,0.981693769316162,1.0756654259144032,0.14303470440149782,0.9824023537631127
0.7514345621117977,1.262980289667366,-0.3719770617016614,0.7999923866507641,0.9815224105875441,1.0749220901296332,0.14605891725324843,0.9820357728419948
0.760593482447446,1.259551180179156,-0.37682617684040165,0.8020890489014705,0.9813534255712515,1.0741596693326623,0.14919345624075367,0.9816630480234715
0.7697382613210266,1.2560830254339515,-0.3816742908824016,0.8042199844080995,0.9811868155380448,1.0733774139412018,0.1524432988928842,0.98128400243637
0.7788700796434012,1.2525755173211903,-0.38652157296366857,0.8063857870849938,0.9810225831581315,1.0725745386022556,0.15581370862058738,0.9808984556040887
0.787990113277474,1.2490283311169152,-0.3913681532571152,0.8085870725183214,0.9808607324929027,1.0717502199851712,0.1593102540975532,0.9805062233964094
0.7970995354283439,1.245441125016338,-0.39621412113849086,0.8108244787215271,0.9807012689907303,1.0709035944162657,0.16293883020769867,0.980107117995409
0.8061995190440798,1.241813539618441,-0.40105952309150794,0.8130986669398281,0.9805441994869027,1.070033755341726,0.16670568070292477,0.9797009478778459
0.8152912392342788,1.2381451973625286,-0.40590436032827487,0.8154103225048763,0.9803895322078094,1.0691397506042781,0.1706174227292046,0.9792875178167708
0.8243758757451198,1.2344357019036947,-0.4107485861148328,0.817760155748906,0.9802372767789823,1.0682205795145838,0.17468107340987588,0.978866628904113
0.8334546154675304,1.2306846374388254,-0.41559210275497194,0.8201489029722654,0.9800874442377119,1.067275189702632,0.1789040786684207,0.9784380785992108
0.8425286550399682,1.2268915679603605,-0.42043475822670073,0.8225773274799499,0.9799400470495524,1.0663024737242544,0.18329434453129304,0.9780016608049582
0.8515992035254611,1.2230560364479188,-0.42527634241753715,0.8250462206821008,0.9797950991294734,1.06530126540385,0.1878602711407397,0.977557165977539
0.8606674852084875,1.2191775639808435,-0.4301165829347242,0.8275564032706427,0.979652615867364,1.0642703358854666,0.19261078976492768,0.9771043812734127
0.869734742510111,1.2152556487740627,-0.4349551404353546,0.8301087264720026,0.9795126141584392,1.0632083893666358,0.19755540310232145,0.9766430907402044
0.8788022390660561,1.2112897651200596,-0.4397916034392631,0.8327040733885412,0.9793751124384249,1.0621140584813686,0.20270422923611714,0.9761730755568435
0.8878712629738145,1.207279362235966,-0.4446254825591315,0.8353433604310029,0.9792401307240963,1.0609858992996506,0.20806804961589556,0.9756941143312752
0.8969431302443743,1.2032238630022005,-0.4494562040890189,0.838027538852519,0.979107690659367,1.0598223859036968,0.21365836150512127,0.9752059834638392
0.9060191884894031,1.199122662580904,-0.4542831028796417,0.8407575963936976,0.9789778155673136,1.0586219044973546,0.21948743538437965,0.9747084575860572
0.9151008208728209,1.1949751269033158,-0.45910541441578706,0.8435345590478747,0.9788505305086657,1.0573827470004777,0.2255683778595408,0.9742013100863841
0.9241894503740583,1.190780591006992,-0.46392226600718983,0.84635949296123,0.9787258623471621,1.0561031040720932,0.23191520070533292,0.9736843137354172
0.9332865443903183,1.1865383572129307,-0.4687326669775577,0.8492335064765253,0.9786038398226118,1.0547810575024923,0.2385428967417553,0.9731572414264187
0.9423936197550269,1.1822476931098924,-0.4735354977442059,0.8521577523447256,0.9784844936319907,1.0534145719001888,0.24546752336747968,0.9726198670469179
0.9515122481993878,1.1779078293364806,-0.4783294976322919,0.8551334301133531,0.9783678565198088,1.0520014855981568,0.25270629464709327,0.9720719665030505
0.9606440623352632,1.1735179571283056,-0.4831132512693409,0.8581617887162698,0.9782539633785131,1.0505395006870082,0.2602776830081485,0.9715133189191223
0.9697907622524997,1.16907722559031,-0.4878851733834111,0.8612441292950516,0.9781428513598196,1.0490261720685925,0.2682015317642007,0.9709437080381533
0.9789541227856313,1.1645847386731532,-0.4926434917727879,0.8643818082695057,0.9780345599986782,1.047458895416446,0.27649917981821764,0.9703629238566234
0.9881360015796629,1.1600395517974764,-0.49738622821241896,0.8675762406993891,0.977929131351021,1.0458348939023525,0.28519360015997663,0.969770764528115
0.9973383480625492,1.155440668081019,-0.5021111770007376,0.8708289039722915,0.9778266101472031,1.0441512035334335,0.29430955398937786,0.969167038579028
1.0065632134882372,1.1507870340969255,-0.5068158808200721,0.8741413418719011,0.9777270439629423,1.042404656913085,0.3038737626273856,0.968551567484515
1.0158127621807467,1.1460775351095944,-0.5114976034952177,0.8775151690688462,0.9776304834105978,1.0405918652197952,0.31391509967357095,0.9679241886651727
1.0250892842203942,1.141310989680962,-0.5161532992054997,0.8809520761149392,0.9775369823531805,1.0387091981476744,0.32446480637219066,0.9672847589701261
1.0343952098046942,1.1364861435458897,-0.5207795775963384,0.8844538350189777,0.9774465981445938,1.0367527615169647,0.33555673362122135,0.9666331587273904
1.0437331255608508,1.131601662635891,-0.5253726641318608,0.8880223054973639,0.9773593919002749,1.0347183722109432,0.34722761467598906,0.9659692964574478
1.0531057931842802,1.1266561250838047,-0.5299283549230707,0.8916594420281942,0.9772754288028584,1.0326015300228317,0.3595173734069419,0.9652931143612428
1.062516170831273,1.1216480120183636,-0.5344419651000011,0.8953673018570754,0.9771947784487427,1.0303973859195799,0.372469473891852,0.9646045947168072
1.0719674377988373,1.1165756969086338,-0.5389082696089836,0.8991480541415575,0.9771175152426324,1.0281007061268532,0.3861313183034528,0.9639037673445132
1.0814630231487163,1.1114374331605335,-0.5433214350775287,0.9030039904673071,0.977043718848735,1.025705831312529,0.4005547015193852,0.9631907183332146
1.091006639119504,1.1062313395778391,-0.5476749411016364,0.9069375370407043,0.9769734747091211,1.0232066299777762,0.41579633277413264,0.9624656002574119
1.1006023203550441,1.100955383214079,-0.5519614889176109,0.9109512689333258,0.9769068746426072,1.0205964449628542,0.43191843700325255,0.9617286441668941
1.1102544702799193,1.0956073589954285,-0.556172894945796,0.9150479268722208,0.9768440175407093,1.0178680316987427,0.44898945161601195,0.9609801736904697
1.1199679163233687,1.090184865315669,-0.5602999660643292,0.919230437217062,0.9767850101816843,1.0150134864803244,0.46708483841311954,0.960220621673604
1.1297479762228377,1.084685274544038,-0.5643323526606296,0.9235019359795007,0.9767299681894204,1.0120241625552269,0.48628803567710144,0.9594505498674144
1.1396005382868863,1.0791056970704298,-0.5682583744029773,0.927865798004479,0.9766790171721417,1.0088905711937886,0.5066915824362093,0.9586706723180307
1.1495321595318055,1.073442936994227,-0.5720648122471965,0.9323256728637287,0.9766322940862769,1.0056022640044713,0.5283984566299408,0.9578818832670182
1.1595501869067588,1.0676934369148305,-0.5757366581816088,0.9368855295587176,0.9765899488862211,1.0021476915475893,0.5515236820641887,0.9570852905992493
1.1696629088062371,1.0618532082777998,-0.5792568114742448,0.9415497129770859,0.9765521465417182,0.9985140315452959,0.5761962777846538,0.9562822561692318
1.1798797469322042,1.0559177422704116,-0.5826057062994423,0.9463230162858622,0.9765190695351283,0.9946869774508138,0.6025616503684043,0.9554744447425728
1.190211502845098,1.049881894061735,-0.5857608500109702,0.951210775319566,0.9764909209958139,0.9906504743819108,0.630784569121451,0.9546638838558648
1.2006706800817493,1.0437397297939193,-0.5886962430359307,0.9562189939228583,0.9764679286967276,0.9863863837143595,0.6610529236543211,0.9538530377083556
1.2112719130931087,1.037484320306796,-0.5913816387958251,0.9613545138680875,0.9764503502432521,0.981874048670318,0.693582555775091,0.9530448993807953
1.2220325510845667,1.0311074567097043,-0.593781582358493,0.9666252506154868,0.9764384799525224,0.9770897187687625,0.7286236057437973,0.9522431074662661
1.2329734732687616,1.024599247816478,-0.5958541345429507,0.9720405292419935,0.9764326582003842,0.9720057667301488,0.7664690593970215,0.9514520959968361
1.2441202621867211,1.0179475326182241,-0.5975491340542979,0.9776115781399133,0.9764332844958403,0.9665895888874646,0.8074666111158978,0.950677291110308
1.2555049547052826,1.0111369908430126,-0.5988057538369368,0.983352281653203,0.976440836421337,0.9608020017663014,0.8520357412273815,0.9499253757124094
1.2671687735111423,1.0041477351347243,-0.5995489256211339,0.9892803794827629,0.9764558982753646,0.9545947939336658,0.9006934303385052,0.9492046575741497
1.2791666310242338,0.9969529555576397,-0.5996838356965899,0.9954194863367585,0.9764792067892049,0.947906768084553,0.9540951272211776,0.9485256039982154
1.2915751060153915,0.9895146869576384,-0.5990868657355832,1.0018027421977875,0.9765117293735859,0.9406568565032011,1.0131049455531536,0.9479016654081963
1.3045079973868914,0.9817754372011328,-0.5975892561304849,1.008480068801768,0.9765548112706717,0.9327309173637224,1.078928270898278,0.947350652717178
1.3181510594880417,0.9736392335025922,-0.5949434952582014,1.0155346674819903,0.9766104919885349,0.923952692889441,1.1533991601628986,0.9468973396167869
1.3328579812460102,0.9649185628474655,-0.590738185473403,1.0231293551828993,0.9766823448624126,0.9140047385865111,1.2397517243404714,0.9465794371619072
1.349543801237967,0.9551142267626949,-0.5840795326821759,1.0316992664652103,0.9767787726041742,0.9021090732454085,1.3456934115927675,0.9464675070801444
1.365887838434233,0.9456359134759096,-0.5753939306090622,1.0400040082622803,0.9768885798320597,0.889841783238142,1.4579527098105265,0.9466528758953805
1.382231875630499,0.9363186506159686,-0.5643322359520245,1.0481731355332549,0.9770135057579071,0.8769945448832748,1.5787461625511794,0.9471697066500653
1.3971298508131378,0.9280004772320432,-0.5519749222735455,1.0554585347109673,0.9771404196945916,0.8648198102230376,1.696232338171381,0.9479610630178719
1.4111088704263295,0.9203779200569375,-0.5382371695548794,1.062117399115353,0.977270650017831,0.8530431554615255,1.812654514626439,0.9490042913780169
1.4245835491941492,0.9132263633656951,-0.5228876470149828,1.0683400970410746,0.9774062009905008,0.8414257207243312,1.9301797144163915,0.9503011200935372
1.437740701625373,0.9064568406523326,-0.5057788867239648,1.0741994773512877,0.9775478232569973,0.8298975308124088,2.049448421659163,0.9518526198970843
1.4506919004199188,0.9000270456000934,-0.486783248459905,1.079728866236498,0.9776959119113424,0.8184495352446527,2.170535618952952,0.9536581436154826
1.4635150072122802,0.8939172650722345,-0.46577879660760324,1.0849433690748043,0.9778507294594528,0.8071063535035433,2.293184986675502,0.9557142168207392
1.476270174241954,0.8881213050346536,-0.4426460181990541,1.0898481619817073,0.9780124823576892,0.7959173862590511,2.4168788751755135,0.9580135351506973
1.489007573745854,0.882642338620784,-0.4172678556339052,1.0944425728413658,0.978181354452035,0.7849538784866357,2.5408562417000375,0.9605441148079759
1.5017716714088745,0.8774908504506578,-0.38953139588477353,1.0987224165153546,0.9783575234583757,0.7743085845652118,2.6641090186060055,0.9632886279692912
1.5146037759391657,0.8726836443916802,-0.3593309340930247,1.1026814784713133,0.9785411685369187,0.7640968607111507,2.785368195367837,0.9662239941768194
1.5275434512473265,0.868243501939969,-0.32657294889051297,1.1063124911039433,0.9787324693211319,0.7544587560814284,2.903084354743827,0.9693213159476683
1.540628606441263,0.8641993588532438,-0.2911849522972271,1.1096076841947664,0.9789315883915792,0.7455620053868749,3.015404021936154,0.9725462070418028
1.5538928595054677,0.8605870396318047,-0.25313391967489507,1.1125587937077668,0.9791386104966534,0.737605938921066,3.120140269189593,0.9758593719479187
1.567355833324239,0.8574506550268461,-0.21247024459517463,1.1151562009232758,0.9793533625050416,0.730825817053008,3.2147348972444814,0.9792167250721553
1.5809952661496744,0.8548442211755072,-0.16943758199490924,1.1173868067927786,0.9795749219162002,0.7254936840814897,3.296227158499622,0.982567031523303
1.5946827366353902,0.8528295589759982,-0.12471550305563958,1.1192317048792602,0.9798004979266762,0.721897836589559,3.361359872005162,0.9858440401311193
1.6081021459953502,0.851456748451512,-0.07972819902435176,1.12067141409692,0.9800240063440648,0.7202548689234802,3.4072924180878275,0.9889586238399151
1.6207955271906334,0.8507186750518265,-0.03648108570874589,1.1217090241794958,0.9802368457581588,0.7205485733865152,3.433249270160418,0.9918186430639055
1.6307655121687574,0.8505254239576782,-0.0022659005238140698,1.1223093220965925,0.9804045444336908,0.7221029055881666,3.441260473369517,0.9940186623663017
1.6407230475336485,0.8506732029895512,0.03193899764021656,1.122723783376929,0.9805721404285338,0.7248526401748715,3.4382435081142475,0.9961917269688092
1.6503852377124426,0.8511416902576705,0.06499999523938751,1.1229504146845395,0.9807345618313533,0.7286804254517973,3.424834057635591,0.9982957886701767
1.661163624619377,0.8520396215921426,0.1015413112940925,1.122998450727764,0.9809151470764678,0.7342984907227382,3.3979422696865678,1.0006628686191212
1.6727956364968541,0.8534471993586661,0.14034815792825303,1.1228038131915388,0.9811088756597061,0.7419314060257207,3.355354053645029,1.0032736707876515
1.6851419267701067,0.8554293860409323,0.18056028711834163,1.122307999043243,0.981312636984898,0.7517502212336762,3.295708961205087,1.0061460952308172
1.6981421736351852,0.8580446882769599,0.22152811203348582,1.1214482796884118,0.9815244766705895,0.7638781603780189,3.2182823650661843,1.0093185808468355
1.711777864582832,0.8613482775309781,0.26269076074786923,1.120151798540732,0.9817429465442489,0.7783764553798553,3.1229357727791385,1.0128323871197837
1.7259832078064068,0.8653713603834975,0.3033238227360293,1.1183430206613132,0.9819656688833982,0.7951386216505031,3.0107089169776,1.0166956511832128
1.7403817011041278,0.8700199275399924,0.3419281842359712,1.1160028528099926,0.9821854844702486,0.813507449531316,2.886336314910094,1.020790336069194
1.7542683057896418,0.8750114724301382,0.37653200552613714,1.1132384820615624,0.9823910288039459,0.8321731582108616,2.758945910369792,1.0248504334267547
1.767344700820453,0.8801347927905281,0.4066650745590677,1.1101655746259478,0.9825781194324454,0.8502734514970255,2.634557916603781,1.028701898007701
1.7797257699795372,0.8853348012261201,0.432965637997603,1.106831051350914,0.9827489493197477,0.8676050945348166,2.5145916911816673,1.0323037541995017
1.7915830446999352,0.8906078112231678,0.4561168498495149,1.1032524306574505,0.9829063612968661,0.8841577329484357,2.399078388313914,1.0356497984849837
1.8030526737655965,0.8959587179436962,0.4766348555156776,1.0994401881017473,0.9830525040302361,0.8999476598480044,2.2878426096388806,1.038737154827092
1.8142378531558667,0.9013937075347269,0.4949018677332751,1.0954025814655275,0.9831889205427825,0.9149934276878275,2.180694114902097,1.0415634964092546
1.8252195527136552,0.9069195610814732,0.5112085037948473,1.0911464543535923,0.9833167360182937,0.9293144810645226,2.0774478922144746,1.0441278221795178
1.8360644508497206,0.9125439376814335,0.5257820831950047,1.0866772035016128,0.9834367883157863,0.9429320231867659,1.9779216154426307,1.0464309824123526
1.846830389545356,0.9182758391912155,0.5388046599220567,1.0819984823711113,0.983549711613063,0.9558696344576404,1.8819309487827582,1.0484757658901522
1.857570402757321,0.9241262046637762,0.5504247612138207,1.0771117224922746,0.9836559908330084,0.9681535997727265,1.7892846706851677,1.0502667068639706
1.8683361339808127,0.9301087347942865,0.5607652641892222,1.0720154160433937,0.983755998391286,0.9798131767394757,1.699778755729238,1.0518097346384518
1.8791813337435224,0.9362411409311026,0.569928813083043,1.0667040039065858,0.983850020314915,0.9908810559879069,1.6131877914906474,1.0531117295381809
1.8901662564894723,0.9425471839759807,0.5780015891634802,1.0611660496306234,0.9839382764569983,1.0013943351692927,1.5292509700748103,1.0541799986598446
1.901364347445963,0.9490602666585575,0.5850559047868197,1.055381014518279,0.984020939040999,1.0113965836807628,1.447647040505739,1.0550216293632604
1.9128742809484138,0.9558303868336494,0.5911518905598635,1.0493130015017678,0.9840981559267846,1.0209423273226663,1.367944852068399,1.0556425797972397
1.9248456651384152,0.9629394677772757,0.5963384561213217,1.0428969281972655,0.9841700947042603,1.0301076908423954,1.2894918265146758,1.0560461044096234
1.937547362227685,0.970542626521923,0.6006539997718449,1.0360012155526985,0.9842370668906637,1.0390205954316185,1.211106219505041,1.0562291578389609
1.9516302007654265,0.9790275638697553,0.6041311576481555,1.0282833649393077,0.9843000709962315,1.0479826800564622,1.1298562577583762,1.0561700378266536
1.9658084364323976,0.9876103781368394,0.6063714436476016,1.020470765458351,0.9843515984710571,1.056096218587963,1.0538179521711715,1.055868391946284
1.978278543676883,0.995179155388509,0.6073956889959464,1.0135894388797762,0.9843871123591875,1.0625354620717335,0.9914882930970105,1.0554307451742613
1.9907486509213685,1.002755621161989,0.6076172484516265,1.0067188623839105,0.9844135292857717,1.068373672287045,0.9331938754562161,1.054855692603962
2.002372031358094,1.0098161491539404,0.607165611844893,1.0003393413236845,0.9844300431001877,1.0733160545611693,0.8822996026270028,1.0542144093677528
2.0134031299520863,1.016508991404148,0.6062010959491341,0.9943180126293253,0.9844385591961228,1.0775953787254917,0.8369047879118818,1.053526319644131
2.024024811755116,1.0229409112036234,0.6048207864457122,0.9885592367347495,0.9844402504126076,1.0813660348263305,0.7957262820611326,1.0528020595498109
2.034335863842859,1.0291686517485028,0.603091870122324,0.9830123500616199,0.9844358586444382,1.08472253683311,0.7580011777794196,1.052050400927741
2.044399415697063,1.0352279678714231,0.6010647682871608,0.9776454070373676,0.9844259135157375,1.0877310483390146,0.7232045343136239,1.0512783969364754
2.0542593163388627,1.0411433724916583,0.5987791714455164,0.9724364068131905,0.9844108193555317,1.0904411745495886,0.690947139821526,1.0504917710767823
2.063947790075093,1.046932664992037,0.59626731910319,0.9673692395375473,0.9843908989656115,1.0928917986109483,0.6609258940844469,1.0496952081582982
2.0734894980674925,1.052609318148053,0.5935559887562349,0.9624315628964788,0.9843664184670138,1.0951143565332246,0.6328964884921928,1.0488925697291216
2.0829039022584195,1.0581838581776306,0.5906677944306618,0.9576135827198403,0.9843376026291422,1.097134846109008,0.6066569375688279,1.04808705525499
2.0922067371019573,1.063664718093483,0.587622081708258,0.9529073044172274,0.9843046449215984,1.0989751420069336,0.5820369719755549,1.0472813250037958
2.1014109745892284,1.0690587933668638,0.5844355707931901,0.9483060492193214,0.984267714421412,1.1006539006593394,0.5588908488629429,1.0464775954796997
2.110527483686646,1.0743718189488947,0.5811228339672265,0.9438041284738994,0.9842269607391236,1.1021872079311779,0.5370922762736239,1.0456777147654224
2.119565496377168,1.0796086338088668,0.5776966596401047,0.9393966168832081,0.9841825176400025,1.1035890577154595,0.5165307090992841,1.0448832228538418
2.128532946397187,1.0847733718150507,0.5741683360878252,0.9350791901296723,0.9841345057738747,1.104871715020455,0.49710857031125466,1.044095400549535
2.1374367213512944,1.0898696027621027,0.5705478767050653,0.9308480057962042,0.9840830347772654,1.1060459975536547,0.4787391172244519,1.0433153095207346
2.146282854220025,1.0949004387055212,0.566844201641648,0.9266996142094681,0.9840282049219491,1.1071214982041497,0.4613447701322367,1.0425438253969583
2.1550766714162077,1.0998686155594113,0.5630652862497051,0.9226308904679615,0.983970108428427,1.108106763649628,0.44485578046987406,1.0417816653316527
2.1638229090403884,1.104776556690312,0.5592182838226423,0.9186389817774572,0.9839088305269972,1.1090094397252375,0.42920915355580114,1.0410294111082938
2.172525805418994,1.1096264231585506,0.5553096281166461,0.9147212660556654,0.9838444503255013,1.109836391161006,0.4143477657845964,1.0402875286233653
2.181189175673393,1.1144201539001075,0.5513451197515232,0.9108753189643815,0.9837770415266958,1.1105938012444994,0.4002196327687794,1.0395563843969273
2.1898164724589853,1.1191594982098656,0.5473299996098673,0.9070988873437416,0.9837066730271982,1.1112872555409303,0.38677729640338304,1.0388362596271756
2.1984108359409196,1.123846042267212,0.5432690116276525,0.9033898675650535,0.9836334094218881,1.1119218127982549,0.37397730681326696,1.038127362199756
2.206975135273804,1.1284812309855503,0.5391664568548616,0.8997462877167646,0.9835573114321573,1.1125020654359588,0.3617797809297472,1.0374298369853376
2.2155120033205833,1.1330663861616768,0.5350262402613987,0.8961662928029452,0.9834784362720727,1.11303219148513,0.35014802358498875,1.0367437746951158
2.2240238659206275,1.1376027216586944,0.5308519114757664,0.8926481323411133,0.9833968379636202,1.1135159994487918,0.3390482001314506,1.0360692195170578
2.232512966744732,1.1420913562004693,0.5266467004032287,0.8891901498802068,0.9833125676096517,1.1139569672534315,0.3284490518689912,1.0354061757149875
2.240981388525998,1.146533324215363,0.5224135485053126,0.8857907740777818,0.983225673631632,1.1143582762315358,0.31832164735314206,1.0347546133436964
2.249431071315203,1.150929585086864,0.5181551363696586,0.8824485110442057,0.9831362019776632,1.1147228408992207,0.3086391639680071,1.0341144732060994
2.2578638282513417,1.1552810310808472,0.5138739081034128,0.8791619377343699,0.98304419630549,1.1150533351525715,0.2993766952301225,1.0334856711603266
2.266281359266332,1.159588494178152,0.5095720929815485,0.8759296962026414,0.982949698144093,1.1153522153982007,0.29051108007508547,1.0328681018658894
2.274685263047347,1.1638527519883994,0.5052517247195079,0.8727504885799475,0.9828527470369978,1.1156217410451512,0.28202075105020985,1.032261642045657
2.283077047537435,1.1680745328964093,0.5009146586727601,0.8696230726527915,0.9827533806697059,1.115863992715802,0.2738855988352401,1.0316661533277458
2.2914581391681836,1.1722545205462729,0.49656258723865243,0.8665462579604405,0.9826516349836842,1.1160808884752316,0.2660868509691738,1.031081484724626
2.2998298910408947,1.176393357777994,0.492197053665706,0.863518902320611,0.9825475442783006,1.116274198334145,0.25860696293762275,1.030507474794493
2.30819359019347,1.1804916500898712,0.4878194644681112,0.8605399087262602,0.9824411413023593,1.1164455572405714,0.2514295201023805,1.0299439535267523
2.31655046406787,1.1845499686879237,0.48343110061530786,0.8576082225654769,0.9823324573366655,1.1165964767444252,0.2445391491753637,1.0293907439875192
2.324901686311867,1.1885688531917857,0.47903312762358086,0.854722829111342,0.9822215222683577,1.1167283554936522,0.23792143809365585,1.0288476637536526
2.3332483819821697,1.1925488140327867,0.47462660468382284,0.8518827512538029,0.9821083646582165,1.1168424886975743,0.23156286335323806,1.0283145261631408
2.3415916322349135,1.1964903345886797,0.47021249292664535,0.8490870474396041,0.9819930118016253,1.1169400766754458,0.22545072396071722,1.0277911414039729
2.3499324785761373,1.200393873092091,0.46579166291343255,0.8463348097921582,0.9818754897837557,1.1170222325924872,0.21957308127644778,1.0272773174608834
2.358271926715184,1.2042598643351003,0.4613649014410745,0.8436251623939843,0.9817558235297379,1.1170899894721817,0.21391870413066172,1.0267728609380298
2.3666109500730848,1.2080887211963787,0.4569329177292674,0.8409572597116716,0.9816340368502756,1.1171443065627242,0.208477018659726,1.0262775777724245
2.3749504929989667,1.2118808360170734,0.4524963490466673,0.838330285143819,0.9815101524829759,1.1171860751258282,0.2032380623735184,1.0257912738505972
2.3832914737158184,1.2156365818365573,0.4480557658387179,0.8357434496831474,0.9813841921299838,1.1172161237076257,0.19819244204051112,1.0253137555409142
2.39163478702445,1.2193563135025929,0.4436116764071636,0.8331959906815979,0.9812561764923047,1.117235222944502,0.1933312950171738,1.0248448301517692
2.3999813068223945,1.223040368682454,0.4391645311687074,0.830687170699222,0.9811261253006562,1.117244089950558,0.18864625367350257,1.0243843063228526
2.4083318884245646,1.2266890687697785,0.43471472655089183,0.8282162764396591,0.9809940573436644,1.1172433923278426,0.1841294126439945,1.0239319943594578
2.4166873707286256,1.2303027197071226,0.43026260854763554,0.8257826177576657,0.9808599904932995,1.1172337518360702,0.17977329862936936,1.0234877065154
2.4250485782428264,1.2338816127324193,0.42580847596526805,0.8233855267324315,0.980723941727754,1.1172157477544042,0.1755708425174321,1.0230512572307071
2.4334163229831662,1.2374260250527647,0.42135258339131626,0.8210243568036417,0.9805859271520874,1.1171899199643218,0.17151535362010756,1.0226224633299006
2.4417914062671566,1.2409362204575942,0.41689514390360327,0.8186984819614999,0.9804459620165863,1.1171567717795172,0.16760049583379194,1.0222011441849448
2.450174620411988,1.244412449874647,0.4124363315442208,0.8164072959878265,0.9803040607330508,1.1171167725460043,0.16382026555891055,1.0217871218472951
2.4585667503421345,1.247854951871003,0.40797628358143934,0.8141502117460672,0.980160236889237,1.1170703600332568,0.1601689712312216,1.0213802211530534
2.46696857513486,1.2512639531110132,0.40351510256754747,0.8119266605118118,0.9800145032612538,1.1170179426349756,0.15664121432132316,1.0209802698036103
2.475380869491572,1.2546396687659864,0.39905285821984854,0.8097360913466394,0.9798668718243632,1.1169599013963485,0.15323187168988844,1.0205870984257026
2.4838044051722874,1.257982302890586,0.39458958912379544,0.8075779705049632,0.9797173537617665,1.1168965918827516,0.14993607917600835,1.020200540612077
2.4922399523647902,1.2612920487541226,0.390125304290295,0.8054517808810391,0.9795659594720708,1.1168283459037334,0.1467492163337281,1.0198204329467329
2.500688281039121,1.2645690891465784,0.38565998455566225,0.8033570214827617,0.9794126985747241,1.1167554731042881,0.14366689220863785,1.0194466150147232
2.5091501622606653,1.2678135966480488,0.3811935838523062,0.8012932069391091,0.9792575799140502,1.1166782624347626,0.14068493208579255,1.0190789293998657
2.5176263694782257,1.2710257338675963,0.3767260303540507,0.7992598670368394,0.9791006115617426,1.1165969835093927,0.1377993651296285,1.0187172216714164
2.5261176798080816,1.2742056536587616,0.3722572274964694,0.7972565462813853,0.9789418008175633,1.1165118878624474,0.1350064128426481,1.0183613403604674
2.5346248753061364,1.277353499307687,0.36778705488686136,0.7952828034841064,0.9787811542085014,1.1164232101103684,0.13230247828588826,1.0180111369279203
2.543148744226308,1.280469404692371,0.36331536911431156,0.793338211376338,0.978618677486542,1.1163311690274667,0.1296841360063885,1.017666465725359
2.551690082303179,1.2835534944260172,0.35884200444854314,0.7914223562416891,0.978454375624422,1.1162359685417047,0.1271481226094734,1.0173271839484817
2.5602496940269317,1.2866058839713357,0.3543667734523128,0.789534837574422,0.9782882528100616,1.116137798657112,0.12469132794040683,1.0169931515854416
2.5688283939455463,1.2896266797372784,0.3498894674962605,0.7876752677563212,0.9781203124390825,1.116036836308163,0.12231078682264274,1.016664231359611
2.5774270079889683,1.2926159791545713,0.3454098571856968,0.7858432717539585,0.9779505571055771,1.115933246151399,0.12000367131641124,1.0163402886679003
2.586046374816178,1.29557387072875,0.34092769270495793,0.7840384868367414,0.9777789885911747,1.1158271812989928,0.11776728346220319,1.016021191515314
2.594687347196672,1.298500434072959,0.336442704078952,0.7822605623139562,0.9776056078522354,1.1157187839984628,0.11559904847377915,1.0157068104459945
2.603350793450503,1.301395739926574,0.33195460134457905,0.7805091592867727,0.9774304150047326,1.1156081862622136,0.11349650834545906,1.015397018470538
2.6120375989174076,1.3042598501472944,0.32746307465216185,0.7787839504223696,0.9772534093074546,1.11549551045086,0.11145731585446964,1.015091690991221
2.620748667493037,1.3070928176872034,0.32296779428158207,0.7770846197434105,0.9770745891428011,1.1153808698131715,0.10947922892406099,1.0147907057242604
2.6294849232370074,1.3098946865513292,0.318468410574885,0.7754108624334589,0.9768939519950997,1.11526436898561,0.10756010532439736,1.014493942619489
2.638247312037792,1.3126654917308602,0.3139645537969214,0.7737623846626748,0.9767114944267775,1.1151461044544122,0.10569789769408554,1.0142012837783796
2.6470368033710185,1.3154052591196423,0.3094558339087371,0.7721389034282532,0.9765272120516588,1.1150261649822664,0.10389064885531954,1.0139126133695717
2.655854392154941,1.3181140054112364,0.30494184025519644,0.7705401464109292,0.9763410995053176,1.1149046320018687,0.1021364874053173,1.0136278175422138
2.66470110069592,1.3207917379703484,0.3004221411736505,0.7689658518508541,0.976153150412649,1.114781579978541,0.10043362357003702,1.0133467843376907
2.67357798075774,1.323438454684786,0.29589628350926755,0.7674157684388434,0.975963357351959,1.114657076743417,0.09878034529926726,1.013069403599002
2.6824861157679583,1.3260541437967917,0.29136379203315077,0.7658896552233638,0.9757717118152849,1.1145311837987597,0.09717501458841,1.0127955668777249
2.691426623137505,1.3286387837014497,0.28682416877800226,0.7643872815400959,0.9755782041654609,1.1144039565973642,0.09561606401994743,1.0125251673396227
2.700400656771889,1.3311923427294612,0.2822768922539538,0.7629084269535944,0.975382823588244,1.1142754447964054,0.09410199350020726,1.0122580996667856
2.7094094097355796,1.3337147788961996,0.2777214165666148,0.761452881221265,0.9751855580403093,1.1141456924876165,0.09263136718989874,1.0119942599578449
2.7184541171237644,1.336206039625533,0.2731571704121459,0.760020444274329,0.9749863941919324,1.1140147384042147,0.09120281061122597,1.011733545624916
2.7275360591358893,1.3386660614387211,0.26858355595447986,0.7586109262210059,0.9747853173644632,1.1138826161057513,0.08981500792608016,1.0114758552877843
2.7366565644034924,1.3410947696140691,0.2639999475603761,0.7572241473682391,0.974582311461415,1.1137493541411003,0.08846669937141981,1.0112210886641322
2.745817013576329,1.3434920778083213,0.25940569039251066,0.7558599382667524,0.9743773588930559,1.1136149761903764,0.08715667884708338,1.010969146456047
2.7550188432119715,1.3458578876408975,0.25480009884001414,0.7545181397783726,0.974170440493467,1.1134795011859109,0.08588379164594408,1.0107199302319143
2.7642635499893684,1.3481920882339737,0.2501824547783291,0.7531986031691621,0.9739615354295814,1.1133429434126065,0.08464693232132933,1.0104733423034788
2.7735526953087595,1.3504945557106371,0.24555200562930618,0.7519011902266348,0.973750621100761,1.11320531258734,0.08344504268202206,1.0102292855968082
2.7828879102795514,1.352765152636051,0.2409079622229059,0.7506257734090807,0.9735376730288372,1.1130666139178231,0.08227710991473752,1.0099876635175145
2.7922709012014035,1.355003727410572,0.23624949641020362,0.7493722360214128,0.9733226647361863,1.1129268481397359,0.08114216482154532,1.009748379807917
2.8017034555598745,1.3572101135999555,0.23157573841945284,0.7481404724253742,0.9731055676112947,1.1127860115320516,0.0800392801726147,1.0095113383961078
2.8111874485974573,1.3593841291953772,0.22688577392729262,0.7469303882875387,0.9728863507603748,1.1126440959098107,0.07896756917060563,1.0092764432358903
2.8207248505664198,1.3615255758032125,0.22217864079481472,0.7457419008644782,0.9726649808425284,1.112501088592752,0.07792618401967975,1.0090435981354446
2.830317734732447,1.363634237751618,0.21745332543703452,0.7445749393316258,0.972441421886797,1.1123569723487077,0.07691431459874878,1.0088127065737118
2.8399682862219073,1.3657098811025292,0.21270875878267403,0.7434294451613563,0.9722156350888833,1.1122117253101305,0.07593118723764748,1.0085836715028822
2.849678811853793,1.3677522525631547,0.2079438117577064,0.7423053725526966,0.9719875785841922,1.1120653208612497,0.07497606359229601,1.0083563951343544
2.859451751065321,1.3697610782779204,0.20315729024226603,0.7412026889222245,0.9717572071945708,1.1119177274936816,0.07404823962112257,1.0081307787064258
2.86928968814558,1.371736062497092,0.1983479293991818,0.7401213754571777,0.9715244721436399,1.1117689086265483,0.0731470446576659,1.0079067222296603
2.879195365878204,1.3736768860863613,0.19351438732846274,0.7390614277491843,0.9712893207382605,1.1116188223886003,0.0722718405888657,1.007684124208627
2.8891717009283444,1.3755832048798862,0.18865523788787714,0.7380228565058773,0.9710516960081417,1.1114674213561018,0.07142202113051957,1.0074628813335438
2.899221801122114,1.3774546478293699,0.1837689626119856,0.737005688364782,0.9708115362999935,1.1113146522427104,0.07059701121379579,1.007242888139819
2.9093489850712655,1.3792908149474097,0.17885394151409378,0.7360099668086597,0.9705687748153855,1.1111604555326662,0.06979626647540538,1.0070240366269403
2.9195568043662306,1.3810912749819542,0.17390844266842337,0.7350357532146412,0.9703233390869158,1.11100476505157,0.0690192728707085,1.0068062158334838
2.9298490689742813,1.3828555628152701,0.16893061026970044,0.7340831280383465,0.9700751503774014,1.110847507462331,0.06826554640302013,1.0065893113564
2.940229876236881,1.3845831765102257,0.16391845098664887,0.7331521921720652,0.9698241229925832,1.1106886016768145,0.06753463299216801,1.0063732048083498
2.950703644251876,1.3862735739663146,0.15886981823737914,0.7322430684940048,0.9695701634884358,1.110527958167022,0.06682610848644892,1.0061577731989648
2.9612751504671255,1.387926169114065,0.1537823939970759,0.7313559036432671,0.9693131697531472,1.1103654781580132,0.06613957883502754,1.0059428882257146
2.971949576451081,1.389540327552983,0.14865366768327293,0.7304908700669729,0.9690530299404925,1.1102010526814168,0.06547468044521024,1.0057284154577961
2.9827325602218164,1.391115361545067,0.14348091146616151,0.7296481683812099,0.968789621221251,1.110034561460468,0.06483108074321063,1.0055142133887423
2.993630257691654,1.3926505242263503,0.13826115127020444,0.728828030112795,0.9685228083150692,1.1098658715927807,0.0642084789740121,1.0053001323309039
3.004649415281362,1.3941450028785634,0.1329911324983171,0.7280307208980296,0.968252441753146,1.1096948359869352,0.06360660727941264,1.005086013116183
3.0157974563853283,1.395597911068945,0.1276672792138236,0.7272565442306981,0.9679783558068895,1.109521291495879,0.06302523210123441,1.0048716855564146
3.0270825849654592,1.3970082793889835,0.12228564523554808,0.7265058458899595,0.9677003660032873,1.1093450566765577,0.06246415597996464,1.0046569666068985
3.0385139108021963,1.3983750444805112,0.11684185501047398,0.7257790191976115,0.9674182661173432,1.1091659290800302,0.06192321982557421,1.0044416581545845
3.0501016021339025,1.3996970359112326,0.11133103156313581,0.7250765113164677,0.9671318245028089,1.1089836819496617,0.06140230577377085,1.0042255443320727
3.061857073609514,1.400972960355953,0.1057477077861701,0.7243988308510072,0.9668407795691154,1.1087980601601273,0.060901340763857316,1.0040083882205004
3.0737932199129987,1.4022013823130262,0.10008571619179463,0.7237465571224423,0.966544834153446,1.1086087751769722,0.060420301037620784,1.003789927763037
3.0859247099224985,1.4033807003797085,0.09433805012023348,0.7231203515861773,0.9662436484272414,1.1084154987248154,0.05995921780254412,1.0035698706325882
3.098268361505482,1.4045091176623947,0.08849668693683917,0.7225209720778564,0.96593683084936,1.1082178547396633,0.0595181844249362,1.0033478877081907
3.110843626349751,1.4055846043979388,0.0825523593691193,0.7219492908105931,0.9656239264517522,1.108015408989737,0.05909736563543196,1.0031236046543064
3.123673227123323,1.4066048499693513,0.0764942550663788,0.7214063174761439,0.9653044014300635,1.1078076554786576,0.05869700945944931,1.0028965908767367
3.1367840106516733,1.407567200230526,0.07030961439163479,0.7208932294078616,0.9649776224906617,1.1075939983025036,0.058317462895735715,1.002666344761827
3.150208114420573,1.4084685739394087,0.06398318063159956,0.7204114117763625,0.9646428285871921,1.1073737269342052,0.057959192895492145,1.002432273530334
3.1639846009402355,1.4093053486913987,0.05749642987591221,0.7199625124152598,0.9642990912856488,1.107145981727201,0.057622815032432474,1.0021936650577241
3.1781618133381,1.410073200831013,0.05082646130707176,0.7195485186981864,0.9639452575888333,1.1069097043904224,0.05730913371212255,1.0019496473225924
3.1928008863019657,1.4107668732435004,0.043944343587194325,0.7191718689317341,0.9635798646449133,1.1066635644658986,0.05701920035880555,1.0016991280551895
3.207981193824892,1.411379824826163,0.03681254960363332,0.71883562030867,0.9632010072955128,1.1064058457015902,0.05675440092568194,1.0014407012239994
3.223809227316541,1.4119036746691573,0.029380776798762907,0.7185437148826015,0.9628061220499258,1.1061342615972067,0.056516593997421816,1.0011724948372283
3.240433977998969,1.4123272643455504,0.021578706821456912,0.7183014276880707,0.9623916125178986,1.1058456370054481,0.05630834250951499,1.0008919075558549
3.2580757544670664,1.4126349432591947,0.013302443743722393,0.7181161851062371,0.9619521472338719,1.1055353136267294,0.05613333512804994,1.0005951157768616
3.27708599043927,1.4128030751369318,0.004386371810126518,0.7179992305990333,0.9614792016501836,1.1051959192828438,0.055997241077330076,1.0002760514622924
3.298089391493816,1.4127917613239047,-0.005463727976585833,0.7179695708873401,0.9609575924114742,1.1048144444609458,0.0559097355457821,0.9999239735694294
3.322378704655319,1.4125206966875972,-0.01685647165317422,0.7180655241627913,0.9603558629303985,1.1043640748635195,0.055890502794543155,0.9995167176566219
3.349072871545923,1.4119035536383615,-0.02938290779968626,0.7183322360734575,0.9596967730630696,1.1038567403904682,0.055970843645539586,0.9990681507159754
3.368498569120599,1.4112441816150343,-0.03850470050291461,0.718632683262126,0.959218848350158,1.103478574895892,0.05609650403404214,0.998740367809707
3.3879242666952747,1.4104075467315074,-0.04763353116789139,0.7190230097754875,0.9587425509627803,1.1030923741947196,0.0562793435687374,0.9984110711321214
3.40659348266428,1.4094363077632464,-0.05641503844121216,0.7194831362801255,0.958286494383388,1.1027130604996291,0.05650962988329778,0.998092717437996
3.4235223594548065,1.4084138056649558,-0.06438611183384596,0.719972699704939,0.9578745149204616,1.1023617029928265,0.05676539548587594,0.9978020722421315
3.4394563182004516,1.407328053275462,-0.07189684127308935,0.7204966435530283,0.9574882119471966,1.1020242414583823,0.057047622396673575,0.9975265795522114
3.454758118388661,1.4061726656789357,-0.07911786975552088,0.7210577380401377,0.9571186620043126,1.1016936684958207,0.0573572261914332,0.9972600242653821
3.4694946605908044,1.4049554493339116,-0.08608057907939655,0.7216520538134943,0.9567641653128269,1.1013689677090917,0.05769182501378916,0.9970012534395615
3.4837450821246576,1.4036807399981317,-0.09282215920655323,0.7222773968986064,0.9564227432011762,1.1010487696619877,0.05805009794016746,0.9967489024898057
3.497580983836098,1.4023511306488714,-0.09937630734185571,0.7229324698654244,0.9560926175571574,1.100731768261329,0.05843132607267314,0.9965017240424634
3.511056653828416,1.4009689082036623,-0.1057685931058059,0.7236161591960495,0.9557724411774988,1.1004169610220467,0.05883496983367012,0.9962587619032091
3.524214997034984,1.3995360545727842,-0.11201924296933723,0.7243275252675196,0.9554611508623251,1.1001035407057116,0.05926064453112294,0.9960192510882527
3.5370908812649895,1.3980542821649453,-0.11814471122533556,0.7250657791519552,0.9551578843129999,1.0997908351556545,0.05970809597241677,0.9957825612373308
3.5497130996594706,1.3965250892190857,-0.12415860028025978,0.7258302515238035,0.954861931108267,1.0994782734434754,0.06017717524341845,0.9955481636234698
3.5621057722836325,1.3949497985780255,-0.1300723180635411,0.7266203708668456,0.9545726977114803,1.099165361595904,0.060667821181239055,0.9953156075544376
3.574289362350124,1.3933295863694515,-0.1358955547562296,0.7274356474200692,0.9542896821066652,1.0988516649563735,0.06118004772962592,0.9950845032336988
3.586281424669317,1.3916655042128776,-0.1416366339329387,0.7282756608356585,0.9540124551184255,1.0985367951847875,0.06171393451591041,0.9948545091178999
3.5980971676313547,1.3899584967498773,-0.14730277624122032,0.7291400505071157,0.9537406463865248,1.0982204004815073,0.06226961973484504,0.9946253224068411
3.6097498821576157,1.3882094157597646,-0.15290030067289537,0.7300285078412733,0.9534739336607929,1.0979021581098338,0.06284729471161131,0.9943966717700116
3.621251274335007,1.3864190316671277,-0.158434780646098,0.730940770006739,0.9532120345005022,1.097581768577055,0.06344719973501235,0.9941683116928508
3.6326117267809805,1.3845880430646884,-0.16391116664277955,0.7318766148023125,0.9529546997527104,1.0972589510407977,0.06406962085778668,0.9939400180224967
3.643840506720269,1.382717084658003,-0.1693338838367554,0.732835856410927,0.9527017083611746,1.0969334396268604,0.06471488746228132,0.9937115844104025
3.6549459334855396,1.3808067339611674,-0.17470691067420058,0.7338183418520371,0.9524528631884717,1.0966049804384372,0.06538337043569635,0.9934828194381632
3.6659355147126624,1.3788575169932817,-0.1800338427544516,0.7348239479911188,0.9522079876198418,1.0962733290964972,0.06607548083895734,0.9932535442707433
3.676816058203217,1.3768699131473092,-0.1853179452830467,0.7358525790085972,0.9519669227749438,1.0959382486893936,0.06679166898925157,0.9930235907193794
3.6875937645871186,1.3748443593798894,-0.19056219650458717,0.73690416424494,0.9517295251993657,1.0955995080429617,0.06753242389079271,0.9927927996277448
3.698274304642066,1.3727812538472306,-0.19576932392359767,0.7379786563523723,0.9514956649394634,1.0952568802449998,0.06829827296076313,0.9925610195165762
3.7088628843373908,1.3706809590669657,-0.2009418347533335,0.7390760297082806,0.951265223924125,1.0949101413701021,0.06908978201671626,0.9923281054347635
3.7193642999275784,1.36854380467937,-0.20608204168328453,0.7401962790496797,0.9510380945954301,1.0945590693644012,0.06990755549660493,0.9920939179776215
3.7297829848800994,1.3663700898751707,-0.21119208480165297,0.7413394182918989,0.9508141787435328,1.0942034430596714,0.07075223688640496,0.9918583224423447
3.7401230501055607,1.3641600855336695,-0.21627395036167743,0.7425054795073426,0.9505933865092099,1.0938430412907583,0.07162450934032234,0.9916211880957146
3.750388318628387,1.3619140361134257,-0.22132948692520546,0.7436945120412967,0.9503756355256303,1.0934776420964514,0.07252509648020822,0.9913823875348271
3.760582355633553,1.3596321613260218,-0.2263604193222527,0.7449065817481494,0.9501608501760508,1.0931070219869805,0.07345476336616807,0.9911417961248994
3.7707084946091625,1.3573146576265687,-0.23136836076307377,0.7461417703299004,0.9499489609493773,1.0927309552657005,0.07441431762974621,0.9908992915021051
3.780769860236237,1.354961699534676,-0.23635482340874642,0.7474001747695183,0.9497399038775126,1.0923492133923813,0.07540461076971065,0.9906547531301143
3.790769388449811,1.3525734408226684,-0.24132122759660826,0.7486819068395179,0.9495336200436153,1.0919615643815934,0.07642653960152059,0.9904080619035862
3.8007098441786855,1.3501500155657855,-0.24626890996019,0.7499870926886087,0.9493300551490086,1.0915677722249186,0.07748104786950383,0.9901590997893772
3.8105938370189216,1.3476915390885955,-0.25119913056013643,0.7513158724882406,0.9491291591320341,1.091167596333535,0.0785691280148898,0.9899077495016706
3.8204238351823423,1.3451981088066296,-0.2561130791866708,0.7526684001397329,0.9489308858305859,1.090760790993361,0.07969182310816089,0.9896538942048411
3.83020217791717,1.3426698049839125,-0.2610118809237142,0.7540448430310721,0.9487351926832375,1.0903471048293891,0.0808502289454982,0.989397417241
3.839931086650006,1.3401066914034097,-0.26589660109172675,0.7554453818452603,0.9485420404629881,1.08992628027284,0.08204549632015584,0.9891382018775716
3.849612674956224,1.337508815974427,-0.27076824961609575,0.7568702104074508,0.9483513930406724,1.0894980530298217,0.08327883346806433,0.988876131073646
3.8592489575808955,1.3348762112637012,-0.2756277849261741,0.7583195355784186,0.9481632171729001,1.0890621515445982,0.0845515087047469,0.9886110872606131
3.8688418585558693,1.332208894976575,-0.28047611740209866,0.7597935771802865,0.9479774823130185,1.0886182964574809,0.08586485325305511,0.9883429521370383
3.87839321858015,1.3295068703772357,-0.28531411244793575,0.761292567960891,0.947794160441273,1.0881662000515933,0.08722026427953976,0.9880716064743879
3.8879048017131637,1.3267701266637881,-0.2901425932109039,0.7628167535884842,0.9476132259127366,1.0877055656873618,0.08861920814551326,0.9877969299331769
3.8973783014914627,1.3239986392933383,-0.2949623429974087,0.7643663926798242,0.9474346553204621,1.0872360872204438,0.09006322388982757,0.9875188008873823
3.906815346521645,1.3211923702647375,-0.29977410740763244,0.7659417568578378,0.9472584273724951,1.0867574484009668,0.09155392695546086,0.9872370962564162
3.9162175056035067,1.3183512683637304,-0.30457859621106537,0.7675431308366147,0.9470845227814034,1.0862693222516124,0.0930930131744519,0.9869516913438965
3.9255862924453853,1.3154752693703002,-0.30937648498946285,0.7691708125342662,0.9469129241648802,1.085771370421281,0.09468226302962794,0.9866624596821157
3.934923170024213,1.3125642962282442,-0.3141684165689637,0.7708251132141033,0.9467436159562095,1.0852632425111186,0.09632354621309659,0.9863692728813164
3.944229554620021,1.3096182591819703,-0.3189550022513893,0.7725063576518041,0.9465765843238434,1.084744575370534,0.09801882650037462,0.9860720004835181
3.9535068195390566,1.3066370558891676,-0.3237368228465032,0.7742148843240841,0.9464118170996372,1.0842149923614424,0.09977016695830983,0.9857705098211291
3.962756298624322,1.3036205714894495,-0.32851442955042814,0.7759510456307295,0.9462493037138132,1.0836741025838965,0.10157973552344841,0.9854646658778518
3.9719792895083517,1.3005686786531163,-0.33328834464116797,0.7777152081367599,0.9460890351373453,1.083121500063836,0.1034498109644459,0.9851543311538968
3.9811770566649995,1.2974812376013127,-0.33805906201419805,0.7795077528401805,0.9459310038306318,1.0825567628978736,0.10538278926289832,0.984839365534376
3.9903508342910823,1.294358096095466,-0.3428270475675301,0.7813290754671175,0.9457752036978369,1.0819794523509303,0.10738119044619157,0.9845196261604565
3.9995018290299513,1.2911990893991632,-0.3475927394355245,0.7831795867931154,0.9456216300466324,1.0813891119032866,0.10944766590559486,0.9841949673035175
4.008631222549843,1.288004040214834,-0.3523565480705822,0.78505971298981,0.9454702795530693,1.0807852662433133,0.11158500623616116,0.9838652402425981
4.017740173989106,1.2847727585973445,-0.3571188561708538,0.7869698959963166,0.9453211502313338,1.0801674202018028,0.11379614963831781,0.9835302931454543
4.026829822323549,1.2815050418305276,-0.361880018474052,0.7889105939242301,0.9451742414074628,1.0795350576205223,0.11608419093588575,0.9831899709520586
4.0359012886114565,1.2782006742871181,-0.36664036138468536,0.7908822814848642,0.94502955369776,1.0788876401537277,0.11845239124623576,0.9828441152629785
4.0449556781707585,1.274859427257532,-0.3714001824528155,0.7928854504479745,0.9448870889910308,1.0782246059944434,0.12090418836616529,0.9824925642316156
4.053994082698614,1.271481058747543,-0.3761597496985145,0.7949206101327395,0.9447468504345228,1.0775453685195935,0.12344320793288938,0.9821351524609231
4.063017582317234,1.268065313254627,-0.38091930076120456,0.7969882879258876,0.9446088424238783,1.0768493148495397,0.1260732754175464,0.9817717109063404
4.072027247599397,1.2646119215066125,-0.3856790418884831,0.7990890298375977,0.9444730705963363,1.0761358043119575,0.1287984290341302,0.9814020667841749
4.081024141537273,1.2611206001793895,-0.39043914673046787,0.801223401085896,0.9443395418278359,1.0754041668059486,0.1316229336288832,0.9810260434882421
4.0900093215136275,1.2575910515742283,-0.3951997549545033,0.8033919867221894,0.94420826423323,1.0746537010543873,0.13455129565042456,0.9806434605139911
4.098983841248969,1.2540229632673492,-0.3999609706483178,0.805595392291192,0.9440792471701476,1.0738836727382972,0.13758827928470257,0.9802541333929378
4.107948752756837,1.2504160077218225,-0.4047228605087994,0.8078342445322371,0.9439525012461732,1.0730933125016386,0.14073892386592585,0.9798578736380674
4.116905108300777,1.2467698418666817,-0.40948545179100504,0.8101091921199624,0.9438280383296165,1.0722818138171444,0.14400856267316747,0.9794544887027468
4.125853962384981,1.243084106632679,-0.4142487300100307,0.812420906451948,0.9437058715636119,1.0714483306995124,0.14740284324727235,0.9790437819542883
4.134796373768867,1.2393584264506243,-0.41901263636356884,0.81477008248072,0.9435860153839208,1.0705919752547994,0.15092774936165138,0.9786255526654847
4.143733407538078,1.2355924087010395,-0.42377706486237177,0.8171574395983043,0.9434684855402431,1.0697118150498193,0.154589624810582,0.9781995960258956
4.15266613721621,1.2317856431235832,-0.4285418591268154,0.8195837225692009,0.9433532991215396,1.0688068702885256,0.15839519917693992,0.977765703177367
4.161595646962836,1.2279377011691675,-0.4333068088364933,0.822049702523798,0.9432404745850832,1.0678761107749573,0.16235161578392102,0.9773236612758537
4.170523033849824,1.2240481352998347,-0.43807164578688385,0.8245561780103806,0.9431300317897187,1.0669184526457653,0.16646646203545803,0.9768732535847346
4.179449410235096,1.2201164782302583,-0.4428360395166019,0.8271039761109803,0.9430219920334907,1.0659327548508837,0.17074780238385298,0.9764142596041806
4.188375906260551,1.2161422421011887,-0.44759959246713177,0.8296939536287573,0.9429163780957703,1.0649178153579129,0.17520421419404036,0.9759464552415256
4.197303672469069,1.2121249175891762,-0.4523618346135334,0.8323269983456029,0.9428132142844544,1.0638723670568808,0.17984482678868555,0.9754696130300613
4.20623388258786,1.20806397293393,-0.45712221752516013,0.8350040303636256,0.9427125264882456,1.062795073333669,0.1846793640172852,0.9749835024020307
4.215167736488532,1.203958852880766,-0.4618801077873058,0.8377260035339396,0.9426143422345549,1.0616845232813172,0.1897181907143032,0.9744878900246159
4.224106463332549,1.199808977536984,-0.46663477970413586,0.8404939069751973,0.942518690753648,1.0605392265156288,0.19497236345214114,0.9739825402092801
4.2330513249563895,1.1956137411203063,-0.4713854072164559,0.8433087666981153,0.9424256030492427,1.0593576075520772,0.20045368606983507,0.973467215403853
4.242003619515524,1.1913725105935118,-0.47613105493627383,0.8461716473419176,0.9423351119762898,1.0581379997008413,0.20617477049742325,0.9729416767804996
4.250964685408106,1.1870846241793318,-0.480870668186298,0.849083654028624,0.9422472523267491,1.056878638431995,0.2121491034598218,0.9724056849347777
4.259935905542183,1.1827493897298005,-0.4856030619381401,0.8520459343546471,0.9421620609238782,1.0555776541516009,0.21839111974567657,0.9718590007110085
4.268918711971883,1.1783660829426634,-0.4903269085027073,0.8550596805269972,0.942079576726122,1.0542330643281472,0.224916282789295,0.971301386174262
4.277914590966986,1.173933945399589,-0.4950407238236786,0.8581261316636305,0.9419998409414903,1.052842764896161,0.23174117343784326,0.9707326057503292
4.2869250885687045,1.1694521824070376,-0.4997428521916891,0.8612465762736141,0.9419228971536606,1.0514045208570326,0.23888358788380543,0.97015242755971
4.2959518166934245,1.164919960617413,-0.5044314491698088,0.8644223549351405,0.9418487914612074,1.049915955986305,0.2463626458807361,0.969560624975748
4.304996459880293,1.1603364053922065,-0.5091044625013568,0.867654863200798,0.9417775726313736,1.048374541540154,0.2541989105421867,0.9689569784403573
4.3140607827653605,1.1557005978765535,-0.5137596107199178,0.870945554754579,0.9417092922702915,1.0467775838427347,0.2624145211958038,0.9683412775780417
4.32314663837925,1.1510115717494325,-0.518394359136726,0.8742959448489697,0.9416440050118375,1.0451222106190257,0.27103334098580056,0.9677133236557032
4.332255977421399,1.146268309587142,-0.5230058928471595,0.8777076140698098,0.9415817687273869,1.0434053559104102,0.2800811212169872,0.967072932441068
4.341390858636588,1.1414697387939805,-0.5275910863095332,0.8811822124657269,0.941522644759551,1.0416237433940654,0.28958568470549495,0.9664199375252083
4.350553460484645,1.1366147270237847,-0.5321464689935084,0.8847214641011591,0.9414666981832059,1.0397738678912316,0.2995771308111589,0.9657541941832244
4.359746094306372,1.1317020770133257,-0.5366681864937863,0.8883271720948591,0.9414139980979093,1.0378519748178252,0.3100880652578743,0.9650755838618301
4.368971219260159,1.126730520715693,-0.5411519564098202,0.892001224230795,0.9413646179563933,1.0358540372820024,0.32115385842551325,0.9643840193963535
4.3782314593112375,1.1216987126237654,-0.5455930181367474,0.8957455992283792,0.9413186359350382,1.0337757304899162,0.33281293640999965,0.9636794510819245
4.387529622657804,1.1166052221270615,-0.5499860755681865,0.8995623737949682,0.9412761353531641,1.031612403049568,0.3451071099943536,0.9629618737440465
4.396868724066251,1.1114485247068322,-0.5543252315126983,0.9034537306146738,0.9412372051494475,1.0293590446812455,0.3580819476804707,0.9622313349811681
4.406252010641552,1.1062269917573249,-0.5586039123524127,0.90742196744313,0.9412019404258413,1.027010249755858,0.37178720009678173,0.9614879447899504
4.4156829917724725,1.1009388787196295,-0.5628147811985056,0.9114695075580652,0.9411704430713369,1.0245601759394727,0.38627728474237444,0.9607318868197628
4.42516547408405,1.0955823111829541,-0.5669496373680623,0.9155989118450399,0.9411428224812489,1.0220024970828638,0.4016118418638165,0.9599634315609591
4.434703602523113,1.0901552684712223,-0.5709992995396169,0.9198128929089824,0.9411191963912665,1.0193303492753913,0.41785637482982474,0.9591829518308347
4.4443019089536175,1.0846555641259126,-0.5749534692837142,0.9241143316942018,0.9410996918507234,1.0165362687299822,0.4350829914884137,0.9583909410058253
4.453965370075827,1.079080822494248,-0.5788005708535449,0.9285062972647016,0.9410844463660374,1.013612119807981,0.4533712672066833,0.9575880345478514
4.463699476998426,1.073428450398837,-0.5825275620240805,0.9329920705965346,0.9410736092542148,1.0105490110346445,0.4728092557435908,0.9567750355055391
4.473510319515884,1.0676956025324615,-0.5861197093220849,0.9375751735197339,0.9410673432582934,1.0073371963333768,0.4934946814141926,0.9559529448414584
4.483404689230183,1.06187913870647,-0.5895603190730878,0.9422594043902088,0.941065826493012,1.0039659578240943,0.5155363561111992,0.9551229976528047
4.493390207008031,1.0559755704517324,-0.5928304130029529,0.9470488826238012,0.9410692548121287,1.000423465352942,0.5390558783711782,0.9542867066547657
4.5034754824199315,1.0499809934322406,-0.5959083334741595,0.951948105129896,0.9410778447214392,0.9966966061754357,0.5641896912811616,0.9534459146860083
4.513670315792208,1.0438910006932705,-0.5987692581884553,0.9569620189498259,0.9410918370090243,0.9927707757294628,0.5910916038919736,0.9526028585457139
4.523985958096809,1.0377005695151942,-0.6013845966301256,0.9620961163933017,0.9411115013345639,0.98862961669192,0.6199359221091209,0.95176024723364
4.534435450853411,1.0314039112113986,-0.6037212292775861,0.9673565620158077,0.9411371421263087,0.9842546878297003,0.6509213972159116,0.9509213587683214
4.545034079330794,1.0249942676464137,-0.6057405334941589,0.9727503657353951,0.9411691063012331,0.9796250351635957,0.6842762973127016,0.9500901613785062
4.555799990326074,1.0184636291607247,-0.6073971130181955,0.9782856245187356,0.9412077935930098,0.9747166233941863,0.7202650628986432,0.949271467344632
4.566755056404701,1.0118023329513912,-0.608637103919548,0.9839718690903806,0.9412536707231531,0.9695015608834388,0.7591972688909274,0.9484711316841876
4.5779261225765975,1.0049984730377914,-0.6093958547493946,0.9898205772227577,0.9413072914385028,0.9639470079987783,0.8014400715286035,0.9476963143517609
4.5893468721717,0.9980370003960355,-0.6095946437701515,0.995845962504884,0.9413693258878182,0.9580135778094964,0.8474361585983957,0.9469558358883863
4.601060748463671,0.9908982866741749,-0.6091358388015164,1.00206624239541,0.9414406056473257,0.9516528783295828,0.8977308679311826,0.9462606772897427
4.613125798970837,0.983555695989972,-0.6078953749342119,1.0085057961598038,0.9415221967170568,0.9448035028211922,0.9530156374122577,0.9456247162802988
4.625623307011429,0.9759711751538714,-0.6057102245754937,1.0151991066081305,0.9416155266813019,0.9373839787473631,1.0142030308526546,0.9450658839578924
4.638674782188675,0.9680864079314436,-0.6023554454655141,1.022198705016204,0.9417226290519333,0.9292790433867236,1.0825701257804057,0.9446081516260918
4.652480468905957,0.9598023977646627,-0.5974959250141303,1.0295935780706182,0.9418466833754565,0.9203088306702593,1.1600748031252632,0.9442854279157598
4.6674282695882745,0.9509207111972566,-0.5905601101518442,1.0375622807206126,0.9419935036198651,0.9101424513139477,1.2502281441572924,0.9441510205982822
4.684561446971395,0.9408871543970795,-0.5802390998873487,1.046605021711595,0.9421777598261195,0.897929985169338,1.3617526559577382,0.944312252248178
4.7008449739942355,0.9315362230258819,-0.5678312552574758,1.0550604087856152,0.9423685979762176,0.8858078310493178,1.4759255130597184,0.9448195992503579
4.717128501017076,0.9224097131631781,-0.5526322454857165,1.0633271998544456,0.9425745797231664,0.8732438493517475,1.5979244027412116,0.945711904690694
4.732106234376855,0.9142539852736791,-0.5359690773430914,1.0707165666907759,0.9427771854460426,0.8613698996529972,1.7166916553034803,0.9469020752180455
4.746249462430522,0.9067998684771902,-0.5176965260928346,1.0774635025547084,0.9429797997435165,0.8499592709764554,1.8340686217507167,0.9483702060538817
4.759937261524772,0.8998489522788454,-0.49752105459205664,1.0837424457203322,0.9431860452752642,0.8388221498640108,1.9517993866799372,0.9501198735456036
4.773348935736862,0.8933228321407575,-0.47525903204870446,1.0896214185084698,0.9433974904214493,0.8279201628902425,2.0702208437978906,0.9521502309810074
4.786595161572241,0.8871869143182248,-0.450758825579397,1.095130985674246,0.9436150514773702,0.8172752781182273,2.1890897067485624,0.9544567209812609
4.7997553779578155,0.8814288811788228,-0.4238833042658976,1.1002840259719446,0.9438393708555707,0.8069462200867101,2.307788765789199,0.9570304746569591
4.81289252307288,0.8760504370801343,-0.39450662477895826,1.1050836301082938,0.9440709554283706,0.7970210542528848,2.4253868852748277,0.9598576373550791
4.826059932062399,0.8710636427029533,-0.3625166654757313,1.1095269362363303,0.9443102330452292,0.7876153306418691,2.5406508786826913,0.9629188854459514
4.8393043001558445,0.8664893500022942,-0.3278224772066201,1.1136071056212486,0.9445575623891893,0.7788728366412342,2.6520362431716227,0.966189177294273
4.852665176037977,0.8623568860917137,-0.290370369929434,1.1173141256391896,0.9448131874338244,0.7709678625782006,2.757665298063697,0.9696376061267503
4.86616870613382,0.8587046880783947,-0.25017952641490876,1.120634509229294,0.9450770797844865,0.7641080632613316,2.855295235601829,0.9732267804953814
4.879809028276482,0.8555814507325411,-0.20742319570257856,1.1235497378904815,0.9453485243727761,0.7585350301009461,2.9422865668536193,0.9769101837762135
4.893506162817,0.8530453555810928,-0.16259913910735543,1.1260342171043523,0.9456252070895522,0.7545116914260428,3.015644470826501,0.9806249693660887
4.907045093345968,0.8511526472638483,-0.11677552965898746,1.1280581813128197,0.9459018941752595,0.7522681538125671,3.072406332671953,0.9842819716985057
4.920073609957118,0.8499244874261782,-0.0716159877087316,1.1296062183404365,0.9461703522642321,0.7518858559612939,3.11075115159414,0.9877723855245785
4.932228134839021,0.8493133224511672,-0.028879982245473862,1.13070188761306,0.9464220552966071,0.753203580976439,3.13120185130244,0.9910034080090391
4.941572232850407,0.8491977978400922,0.004166199423121818,1.1313176021959677,0.9466159719915973,0.7553597259754842,3.1365384051308953,0.9934775938910253
4.950906872419929,0.8493908394982792,0.03718223003526354,1.131736699700784,0.946809733170544,0.7585265831379071,3.132763125120916,0.995950237336208
4.960543791391425,0.8499128476699965,0.07111358555551552,1.1319633786694883,0.9470095053865497,0.7628644858072583,3.1193769607772683,0.9985157333042594
4.9712369965280665,0.8508730160548672,0.1083886104045232,1.1319677768274004,0.9472304810492813,0.7689386770935934,3.0934919239428753,1.0013940017785217
4.982751548415492,0.8523490459753482,0.14785076513130585,1.1316768350537565,0.9474671379115804,0.7769254335335644,3.053181570128768,1.0045510471930847
4.994965177484049,0.8544053563629023,0.1886729066847421,1.1310242589501776,0.9477161208063105,0.7869573152162167,2.9972509440066832,1.0079866780952633
5.00782444875543,0.8571003581851752,0.23021005139925166,1.129941182530067,0.9479753204608997,0.7991211012841636,2.92507954265766,1.0117169454215131
5.021308485630626,0.8604877832298657,0.2718800758612451,1.1283516459156335,0.9482431022480272,0.8134375732233733,2.8366216036811105,1.015755976269147
5.035337042608039,0.864592546276684,0.31290426444731523,1.1261846417883448,0.9485164902162407,0.8297506718186609,2.7330196854532494,1.0200775731821197
5.049537636317461,0.8693152643302222,0.3517782883853233,1.123439126665137,0.9487869416647164,0.8473990152296238,2.6187114824936013,1.0245302619560215
5.063282701452435,0.8743936063903409,0.38670167918097725,1.1202403162140602,0.9490418790359139,0.8652212999932553,2.5014990646985,1.0288490764637797
5.076310002403677,0.879633037827157,0.41725862849028683,1.1167130270196457,0.9492766128775996,0.8824737679195174,2.3865255271018415,1.03287894383775
5.088713261630697,0.8849767187624457,0.4440189722073908,1.112910299705159,0.949493318564721,0.8989676270611858,2.2752073014840235,1.0365915945034696
5.100644937204194,0.8904174741989727,0.4676173829519983,1.1088527838320834,0.9496950909852475,0.9146879508374003,2.1677200012659723,1.0399911558802575
5.112232004100977,0.8959589231004772,0.48854839001561057,1.1045518592339376,0.9498843813908752,0.9296499937297067,2.0639893293490292,1.043083927291639
5.123574478769688,0.9016076735841394,0.5071854888116426,1.1000152319213312,0.9500630126877094,0.9438741398407579,1.9638867383898353,1.0458753996956656
5.134753902194513,0.9073722560645229,0.5238163962528052,1.0952479967933533,0.9502323599009886,0.9573830743714559,1.8672629481505123,1.0483710617493616
5.145840541409947,0.9132634266308753,0.5386683051094053,1.090252537244831,0.9503934901550687,0.9702020841423865,1.7739518671176875,1.0505770624399167
5.156899002385803,0.919294965855017,0.5519245504686114,1.085027902129071,0.9505472597393761,0.9823596562368304,1.6837673640807937,1.0525004270212268
5.167993195856218,0.9254849829608989,0.5637357217538133,1.0795686652889902,0.9506943846941972,0.993888184417751,1.5964957855108437,1.0541489445270602
5.17919178991231,0.9318580788257144,0.5742273063001038,1.0738629660370216,0.950835499545299,1.0048251113432989,1.511882240659268,1.055530824274896
5.190575818014402,0.938449194016078,0.5835051949768147,1.0678889830126554,0.9509712189752023,1.0152151783826306,1.4296047897191682,1.0566541395162845
5.202251877839302,0.945311139460809,0.5916600436880521,1.0616080019578717,0.9511022261602442,1.0251152943150879,1.3492219243139036,1.0575259573149696
5.2143801820985844,0.9525314471887921,0.5987717709317774,1.0549488599703973,0.9512294472141615,1.034606274058811,1.2700513446020176,1.0581507811131317
5.227250385109348,0.9602787972063926,0.6049179748120741,1.047764984004196,0.9513545242989755,1.0438270360414177,1.1908263749750734,1.0585269699347832
5.241586863085093,0.9689909879884211,0.6102091154785855,1.0396600796125255,0.9514817927635297,1.0531197192806563,1.1082648083402946,1.0586342281866201
5.255268567759486,0.9773661939826004,0.6138686534874325,1.0318615345914057,0.9515914136487683,1.0610873942564663,1.0348872551525228,1.058467380346072
5.268950272433878,0.9857829296343322,0.6163005081488162,1.0240337494044844,0.9516895291396914,1.0682402661247457,0.9665749284674177,1.0580737323590128
5.281367796883581,0.9934444833662726,0.6175448862026262,1.016928163001128,0.9517686893065262,1.0740812659928893,0.9087520864706444,1.0575483480406649
5.29284433143007,1.000534758780213,0.6179546857078402,1.0103772326984706,0.9518335565719296,1.0789718779022484,0.8586686146525793,1.0569415515772815
5.303761903010318,1.0072806714116238,0.6177415911300702,1.0041722779623872,0.9518879421151608,1.0832060992271033,0.813867063390543,1.0562721956434473
5.314282916283461,1.0137765963162453,0.6170263252288319,0.998227135407602,0.9519336684432989,1.0869296274923184,0.7731824256228902,1.0555549073053756
5.324499826705222,1.0200752566335292,0.6158917161554404,0.9924938280408294,0.951971865371063,1.0902351902558547,0.7358929360710195,1.054800964837371
5.334472723012125,1.02621034290772,0.6143995115057902,0.9869416732855331,0.9520033206302034,1.0931886738964038,0.7014945314667786,1.0540192596534412
5.344243834479289,1.0322051703053914,0.6125980437662584,0.9815493305556551,0.9520286230785016,1.0958399502327554,0.6696097620189037,1.0532169314113702
5.353844448709693,1.038076772767968,0.6105263878980596,0.9763010640584382,0.9520482340864247,1.0982283598339215,0.6399426653999883,1.0523997903905282
5.363298652752979,1.043838098716545,0.6082168706339491,0.9711847526005464,0.9520625276549801,1.100385847345284,0.6122534827457825,1.0515726108853338
5.372625540246149,1.0494992955668045,0.60569670092784,0.9661907341902681,0.9520718149075074,1.102338911322837,0.5863432288044554,1.0507393430709988
5.381840600074139,1.055068511044403,0.6029890885102767,0.9613110911194186,0.9520763599841862,1.1041098943970056,0.5620436598134197,1.049903270938647
5.390956634648324,1.060552418533695,0.6001140439773724,0.9565391852208992,0.9520763908554571,1.1057178787222577,0.5392104223931128,1.0490671330893433
5.3999843917526045,1.0659565754420264,0.5970889703419769,0.9518693435881955,0.9520721069606177,1.1071793314892544,0.5177181872589013,1.0482332170662192
5.408933013686061,1.0712856757336247,0.5939291123067845,0.9472966390305358,0.952063684772151,1.1085085848047194,0.4974570796353437,1.0474034342877818
5.417810365323622,1.0765437327814675,0.5906479051438154,0.942816732470055,0.9520512819542247,1.1097182016188962,0.4783299895952981,1.0465793804165364
5.426623279307377,1.0817342148401667,0.5872572507198625,0.9384257571451037,0.9520350405387284,1.110819260757697,0.4602504988883983,1.045762384570767
5.435377742985351,1.0868601474344732,0.583767739365852,0.9341202317823777,0.9520150893965368,1.111821582982953,0.4431412515454043,1.0449535498391982
5.4440790433826605,1.0919241920701146,0.580188830674865,0.9298969943360785,0.951991546191787,1.1127339130630216,0.426932651637175,1.044153786920437
5.4527318813522525,1.0969287076729575,0.5765290025791947,0.9257531506075172,0.951964518949385,1.113564068379425,0.41156180712939505,1.043363842254422
5.461340462658638,1.101875799188054,0.5727958755534835,0.9216860338355289,0.9519341073281731,1.114319061629489,0.3969716622850753,1.0425843216950474
5.46990857152634,1.1067673564835316,0.5689963170419122,0.9176931725015904,0.9519004036666604,1.1150052031708464,0.38311027684417304,1.0418157105381791
5.478439630661821,1.1116050858260897,0.5651365299729277,0.9137722643766737,0.951863493850629,1.1156281871492517,0.3699302211182164,1.0410583905461481
5.486936750711798,1.1163905355944426,0.5612221283286591,0.909921155369965,0.9518234580395092,1.116193164553832,0.35738806379940624,1.0403126544783896
5.4954027713877505,1.1211251174778014,0.5572582020744474,0.9061378221102407,0.9517803712794719,1.1167048056217725,0.3454439347739016,1.0395787185369854
5.50384029590144,1.1258101240739575,0.5532493732876902,0.9024203574804133,0.9517343040249566,1.1171673534791655,0.3340611493155071,1.0388567330627998
5.512251720053676,1.130446743629823,0.5491998449145223,0.8987669584789518,0.9516853225851595,1.117584670513099,0.3232058828791831,1.0381467917497074
5.52063925693615,1.135036072451756,0.5451134433426866,0.8951759159654061,0.9516334895088736,1.1179602786626808,0.312846888082175,1.0374489396046302
5.529004958058001,1.139579125429896,0.5409936557277261,0.8916456059211062,0.9515788639180316,1.1182973945900858,0.30295524705809496,1.0367631798368866
5.537350731515462,1.1440768450125423,0.5368436628512858,0.8881744819478496,0.951521501798358,1.118598960511513,0.2935041537178751,1.0360894798321492
5.54567835769902,1.1485301088978748,0.5326663681538202,0.8847610687857679,0.9514614562539347,1.1188676713276515,0.28446872146210933,1.0354277763410975
5.553989502944639,1.1529397366615215,0.5284644234710802,0.8814039566730603,0.951398777731162,1.1191059985823242,0.27582581267568423,1.0347779799916603
5.5622857314509995,1.1573064954919754,0.5242402519208728,0.8781017964089742,0.9513335142166638,1.119316211688757,0.267553886977997,1.0341399792176809
5.570568515730856,1.1616311051762727,0.5199960683130693,0.8748532950061839,0.9512657114128593,1.1195003967915045,0.25963286570068966,1.033513643682423
5.578839245816577,1.1659142424520916,0.5157338973984729,0.8716572118404032,0.9511954128942898,1.119660473573903,0.2520440104735361,1.0328988272638664
5.587099237400887,1.1701565448212319,0.5114555902253544,0.8685123552224026,0.9511226602472906,1.1197982102733384,0.2447698141313942,1.032295370659144
5.595349739061675,1.1743586139021034,0.5071628388342012,0.865417579331616,0.9510474931951997,1.119915237127532,0.2377939024271827,1.0317031036574973
5.6035919386982584,1.1785210183872634,0.5028571894869875,0.862371781459965,0.9509699497109284,1.1200130584427117,0.2311009452556804,1.0311218471240087
5.61182696928805,1.1826442966620623,0.498540054599132,0.8593738995225984,0.9508900661184274,1.1200930634475696,0.22467657627676907,1.0305514147304897
5.620055914052033,1.1867289591295782,0.49421272352150186,0.856422909800788,0.950807877184379,1.1201565360742491,0.21850731998436604,1.029991614465261
5.628279811100205,1.1907754902780525,0.4898763723024622,0.8535178248891322,0.9507234162013034,1.1202046637885945,0.21258052539856565,1.0294422499495917
5.6364996576311235,1.1947843505282012,0.4855320725360599,0.8506576918187303,0.9506367150629633,1.1202385455759787,0.20688430565641702,1.0289031215840225
5.6447164137331916,1.1987559778842753,0.4811807993974612,0.8478415903380372,0.9505478043329842,1.1202591991751534,0.20140748288209234,1.0283740275458473
5.6529310058484405,1.20269078941893,0.47682343894374474,0.8450686313289087,0.9504567133072795,1.1202675676411047,0.19613953778054832,1.027854764655049
5.661144329916812,1.206589182600982,0.47246079476703723,0.8423379553504367,0.9503634700711602,1.1202645253077506,0.19107056349013565,1.0273451291259892
5.669357254270946,1.2104515365000186,0.46809359404764433,0.8396487312857128,0.9502681015513021,1.1202508832129254,0.18619122324895007,1.026844917216528
5.6775706222689974,1.2142782128621235,0.46372249308843416,0.8370001550947636,0.950170633563537,1.120227394040583,0.18149271152911553,1.0263539257894363
5.685785254744349,1.218069557094252,0.4593480823544758,0.8343914486466587,0.9500710908562942,1.120194756628776,0.1769667182766072,1.0258719527935591
5.6940019522423455,1.2218258991432962,0.4549708910921496,0.8318218586398265,0.9499694971506825,1.120153620086484,0.17260539599495192,1.0253987976773307
5.7022214971165495,1.2255475543037302,0.45059139154090133,0.8292906555864469,0.9498658751769237,1.1201045875573779,0.1684013293817051,1.0249342617398105
5.710444655461401,1.2292348239430693,0.44621000279597495,0.8267971328677425,0.9497602467079163,1.120048219664603,0.16434750730793846,1.0244781484289367
5.718672178922598,1.2328879961641803,0.441827094341128,0.8243406058464731,0.9496526325898779,1.119985037666756,0.16043729691819808,1.0240302635919003
5.726904806389452,1.2365073464062342,0.4374429892857001,0.8219204110348559,0.9495430527704111,1.1199155263521487,0.15666441966959302,1.023590415683893
5.735143265588005,1.2400931379926483,0.43305796732878044,0.8195359053116941,0.9494315263241098,1.1198401366954875,0.15302292913922713,1.0231584159398617
5.743388274580248,1.2436456226282602,0.4286722674770226,0.817186465186647,0.94931807147596,1.119759288298687,0.14950719045185518,1.0227340785140038
5.751640543186418,1.2471650408530355,0.4242860905334405,0.8148714861062148,0.9492027056225971,1.1196733716352059,0.14611186118853559,1.0223172205905389
5.759900774336791,1.2506516224548505,0.419899601377509,0.8125903817992398,0.9490854453515908,1.1195827501154119,0.1428318736547733,1.0219076624693482
5.768169665359133,1.2541055868437874,0.41551293105467585,0.8103425836597827,0.9489663064589091,1.1194877619887413,0.13966241839776808,1.0215052276296441
5.776447909223802,1.2575271433968875,0.4111261786829102,0.8081275401610374,0.9488453039644569,1.1193887220966603,0.1365989288665543,1.0211097427736497
5.784736195721953,1.260916491762778,0.4067394132067706,0.8059447163066772,0.9487224521262347,1.119285923489607,0.13363706713573012,1.0207210378542195
5.793035212629647,1.2642738221477567,0.402352674986775,0.8037935931051388,0.9485977644525246,1.119179638918953,0.1307727105921716,1.0203389460862748
5.801345646816433,1.267599315565687,0.3979659772603758,0.8016736670778243,0.9484712537128605,1.11907012221499,0.12800193952688835,1.01996330394618
5.809668185339706,1.27089314406822,0.39357930746565867,0.7995844497900965,0.9483429319473169,1.1189576095600342,0.12532102554999777,1.0195939511590306
5.818003516518739,1.2741554709520648,0.38919262844286345,0.7975254674067982,0.9482128104743247,1.1188423206653486,0.12272642077055662,1.0192307306758694
5.826352330981917,1.2773864509402075,0.3848058795278921,0.795496260273809,0.9480808998972305,1.1187244598598665,0.12021474768733868,1.0188734886426138
5.834715322716272,1.2805862303478304,0.3804189775323005,0.7934963825184228,0.9479472101092542,1.1186042170974952,0.11778278973039386,1.0185220743607852
5.843093190094178,1.2837549472223426,0.3760318176319661,0.7915254016748136,0.9478117502973293,1.1184817688898334,0.1154274824145424,1.0181763402423043
5.851486636919365,1.2868927314728928,0.371644274150509,0.7895828983245671,0.9476745289442436,1.1183572791696692,0.11314590504962743,1.0178361417576651
5.859896373454122,1.2899997049738468,0.36725620126496167,0.7876684657615903,0.947535553829763,1.1182309000912176,0.11093527297949833,1.0175013373800457
5.868323117470834,1.293075981657575,0.36286743361798357,0.785781709671461,0.9473948320301134,1.1181027727714017,0.10879293030159118,1.0171717885244207
5.876767595311397,1.2961216675890814,0.3584777868515786,0.7839222478295252,0.9472523699161445,1.1179730279769398,0.10671634303908634,1.0168473594831544
5.8852305429520015,1.2991368610205456,0.3540870580693932,0.7820897098185158,0.9471081731502774,1.1178417867614017,0.10470309273563627,1.016527917358825
5.893712707114115,1.302121652439133,0.34969502621173754,0.7802837367572003,0.9469622466815998,1.1177091610553982,0.10275087043495137,1.0162133319933535
5.902214846374922,1.3050761245897882,0.3453014523725486,0.7785039810508724,0.9468145947399376,1.1175752542140576,0.10085747103120785,1.0159034758957726
5.910737732328783,1.3080003524898836,0.3409060800361003,0.7767501061530709,0.9466652208280704,1.1174401615241722,0.09902078795441938,1.015598224167197
5.919282150776429,1.3108944034256333,0.33650863524976704,0.7750217863443418,0.9465141277125163,1.1173039706742804,0.09723880817492914,1.0152974544243454
5.927848902963181,1.3137583369357957,0.332108826725761,0.773318706524382,0.9463613174125483,1.1171667621900028,0.09550960750248337,1.015001046721251
5.936438806854591,1.3165922047766747,0.3277063458814454,0.7716405620208296,0.9462067911876701,1.1170286098372686,0.09383134616417486,1.0147088834699594
5.9450526984824865,1.3193960508772415,0.32330086680466774,0.769987058409135,0.9460505495229887,1.1168895809951302,0.09220226463788408,1.0144208493594056
5.953691433333241,1.3221699112725323,0.31889204616173106,0.768357911350238,0.945892592113001,1.1167497370006967,0.0906206797316072,1.0141368312737877
5.962355887821846,1.3249138140270118,0.31447952302863547,0.7667528464388235,0.9457329178430269,1.1166091334673758,0.08908498088618184,1.0138567182092566
5.971046960826453,1.32762777913668,0.3100629186613218,0.7651715990684717,0.9455715247687544,1.1164678205785432,0.08759362669350242,1.0135804011900391
5.979765575323151,1.3303118184194447,0.3056418361872491,0.7636139143078139,0.945408410093175,1.1163258433576244,0.08614514161132134,1.0133077731829943
5.988512680097163,1.3329659353827081,0.30121586023288965,0.7620795467938539,0.9452435701413529,1.1161832419164184,0.0847381128682572,1.0130387290116023
5.997289251569257,1.3355901250764801,0.2967845564697495,0.7605682606372978,0.9450770003323055,1.1160400516823858,0.08337118754266183,1.0127731652684135
6.006096295730325,1.3381843739255044,0.2923474710847396,0.7590798293433865,0.9449086951481229,1.1158963036062504,0.08204306980797463,1.012510980226423
6.014934850205449,1.3407486595422486,0.28790413016620914,0.7576140357468492,0.9447386480999156,1.1157520243506887,0.08075251833330353,1.01225207374895
6.023805986449608,1.343282950516322,0.2834540390065931,0.7561706719632165,0.9445668516905411,1.1156072364611231,0.07949834383190511,1.0119963471982014
6.0327108121068145,1.3457872061840104,0.2789966813076134,0.7547495393540671,0.9443932973734867,1.1154619585190337,0.07827940674668238,1.0117437033417986
6.041650473530863,1.3482613763711415,0.2745315182908705,0.7533504485097716,0.9442179755079243,1.1153162052786771,0.07709461506766299,1.0114940462575759
6.050626158502304,1.3507054011122879,0.2700579876983088,0.7519732192476946,0.9440408753092469,1.11516998778745,0.07594292227199177,1.0112472812359041
6.059639099143472,1.3531192103392287,0.2655755026834588,0.750617680629529,0.9438619847950253,1.1150233134905592,0.07482332538235273,1.0110033146797386
6.068690575063204,1.3555027235391524,0.2610834505794132,0.7492836709971255,0.9436812907257427,1.114876186320119,0.07373486313640847,1.010762054001748
6.0777819167758595,1.357855849385094,0.25658119152315684,0.7479710380250802,0.9434987785393862,1.1147286067685362,0.07267661425947633,1.0105234075176304
6.086914509380033,1.3601784853243615,0.25206805694527845,0.7466796387976959,0.9433144322801521,1.114580571946914,0.07164769584061273,1.010287284336284
6.096089796565719,1.362470517131614,0.24754334789271487,0.7454093399061644,0.9431282345198579,1.1144320756277974,0.0706472618028936,1.010053594245307
6.105309284977268,1.364731818420446,0.24300633317286527,0.7441600175690114,0.942940166271462,1.114283108272181,0.06967450146493577,1.0098222475914564
6.1145745489644,1.3669622501071668,0.23845624730501613,0.7429315577788622,0.9427502068939919,1.1141336570405973,0.06872863819085234,1.0095931551556228
6.123887235777559,1.3691616598245515,0.23389228825324834,0.7417238564762836,0.9425583339876884,1.1139837057875897,0.06780892812422411,1.0093662280212532
6.133249071247712,1.371329881277134,0.22931361492308694,0.7405368197548446,0.9423645232784905,1.1138332350391282,0.0669146590044822,1.0091413774356637
6.142661866044786,1.3734667335397917,0.22471934437780502,0.7393703640959022,0.9421687484898659,1.113682221951535,0.06604514905996536,1.008918514662378
6.152127522546997,1.3755720202836967,0.22010854876082944,0.7382244166412731,0.9419709812012494,1.1135306402514527,0.0651997459793925,1.0086975508242466
6.161648042409494,1.377645528923921,0.2154802518833029,0.7370989155062447,0.9417711906911989,1.113378460155391,0.0643778259591261,1.0084783967357647
6.171225534968462,1.3796870296889747,0.2108334254129775,0.7359938101320909,0.9415693437623461,1.1132256482665182,0.06357879282138736,1.0082609627220052
6.180862226513377,1.381696274585219,0.20616698465123187,0.7349090616920364,0.9413654045473846,1.1130721674479613,0.06280207720942348,1.0080451584241075
6.190560470650771,1.3836729962651555,0.20147978379263867,0.7338446435449233,0.9411593342913117,1.1129179766686936,0.06204713585121508,1.007830892586946
6.200322759807865,1.385616906764482,0.19677061064688522,0.7328005417546307,0.9409510911088143,1.1127630308207874,0.06131345090052989,1.0076180728287618
6.210151738137281,1.387527696110254,0.19203818070010267,0.7317767556728908,0.9407406297111712,1.1126072805032348,0.060600529349278696,1.0074066053878392
6.220050215969663,1.3894050307693302,0.18728113044863054,0.7307732986008986,0.9405279010994491,1.1124506717692464,0.059907902517704115,1.0071963948440923
6.230021186113482,1.3912485519262288,0.1824980098652763,0.7297901985341777,0.940312852217494,1.11229314583128,0.05923512562095481,1.0069873438102475
6.240067842204721,1.393057873548222,0.1776872739052845,0.7288274990117037,0.9400954255602816,1.1121346387193771,0.05858177742179116,1.0067793525896185
6.250193599591747,1.3948325802332375,0.17284727282435516,0.7278852600698562,0.9398755587270772,1.1119750808836146,0.05794745996472997,1.0065723187917262
6.2604021190202515,1.396572224776354,0.16797624118785234,0.7269635593333507,0.9396531839135902,1.111814396734628,0.057331798408114906,1.0063661369019767
6.270697333769737,1.3982763254384878,0.16307228526625137,0.7260624932494278,0.9394282273289254,1.1116525041096517,0.056734440952315834,1.0061606977939181
6.281083480732846,1.3999443628440134,0.1581333685900251,0.7251821785013387,0.9392006085265775,1.111489313653516,0.056155058881658795,1.0059558881763304
6.2915651363092255,1.401575776465457,0.15315729525718555,0.7243227536199107,0.9389702396304193,1.1113247280974239,0.055593346725122984,1.0057515899601939
6.3021472579173095,1.4031699605993713,0.14814169062129906,0.7234843808398574,0.9387370244381044,1.1111586414185657,0.055049022558181476,1.0055476795325273
6.312835232403066,1.404726259761713,0.1430839787638704,0.7226672482337979,0.9385008573738841,1.11099093785518,0.054521828457589516,1.005344026915421
6.323634932740751,1.406243963380704,0.13798135610308648,0.721871572182408,0.9382616222602688,1.1108214907484935,0.054011531135811586,1.0051404947872253
6.334552784811906,1.4077222996414904,0.13283076030868873,0.7210976002500926,0.9380191908693903,1.1106501611751296,0.05351792278635508,1.0049369373362522
6.345595846661968,1.4091604283176207,0.12762883340693854,0.7203456145438922,0.9377734212014267,1.1104767963218196,0.05304082217359118,1.0047331989069967
6.356771903105336,1.4105574323511847,0.12237187774202121,0.7196159356693289,0.9375241554271077,1.1103012275438637,0.05258007601971775,1.004529112391449
6.368089579692247,1.4119123079157587,0.11705580292766639,0.7189089274082777,0.9372712174061341,1.1101232680270476,0.05213556074351093,1.004324497298694
6.379558480971327,1.4132239525745753,0.11167606149719683,0.7182250023034581,0.9370144096731413,1.109942709953073,0.0517071846363099,1.0041191574213968
6.391189359928601,1.4144911510685467,0.10622757005419584,0.7175646283691208,0.9367535097398877,1.1097593210308538,0.05129489057329843,1.0039128779850983
6.402994327529337,1.415712558076806,0.10070461177771133,0.7169283372399433,0.9364882655173707,1.1095728402141036,0.05089865940338473,1.0037054221330317
6.414987114933758,1.4168866771094861,0.09510071444200702,0.7163167341546751,0.9362183895811236,1.1093829723544966,0.05051851419592784,1.0034965265386397
6.427183405578833,1.4180118343530042,0.08940849596667277,0.7157305103324693,0.9359435519010889,1.1091893814471911,0.05015452559783102,1.0032858958622553
6.439601261427885,1.419086145830177,0.08361946621243416,0.7151704585156945,0.9356633705006323,1.108991681984701,0.04980681865177236,1.003073195651408
6.452261678582932,1.4201074755673169,0.07772376868151822,0.7146374927681243,0.9353773992687665,1.1087894277203416,0.04947558156694184,1.0028580431050016
6.465189324262331,1.4210733814248064,0.07170983798113997,0.7141326741045745,0.9350851117784353,1.1085820968115074,0.04916107715155459,1.0026399948455123
6.478413533404018,1.4219810435829672,0.06556393672452628,0.7136572443125183,0.9347858793837985,1.10836907179496,0.04886365796980157,1.002418530412444
6.491969687339213,1.422827168061876,0.05926951504142373,0.7132126715524241,0.9344789408927451,1.1081496119800847,0.048583786829223895,1.0021930294649986
6.505901171121721,1.4236078531664436,0.0528063014730097,0.7128007134326074,0.9341633594719065,1.1079228143908006,0.048322065145277156,1.0019627394662483
6.520262238845355,1.4243183989570076,0.046148972442376555,0.7124235069094128,0.9338379595053921,1.1076875567891022,0.04807927334868364,1.0017267284450604
6.535122363418275,1.4249530254340605,0.03926513285146019,0.7120837011223703,0.9335012306609441,1.1074424114820622,0.047856430491721454,1.0014838133830282
6.550573134606752,1.4255044368904035,0.032112114302321755,0.711784662511173,0.9331511756332536,1.107185509095612,0.0476548860592839,1.001232446791979
6.566739802726056,1.4259631106115402,0.024631618046479252,0.7115308093331714,0.932785055158363,1.1069143113337376,0.0474764692370494,1.0009705271240688
6.583801936903175,1.4263160516407802,0.016740129790917987,0.7113281966562489,0.9323989314050907,1.1066252054611054,0.04732374912234561,1.0006950598272295
6.602033695297207,1.426544404724061,0.008310237212138381,0.7111856373331534,0.931986777457303,1.106312715460142,0.04720053215119504,1.0004014971292474
6.621891361250777,1.4266182766741253,-0.0008699785816814951,0.7111171324053356,0.9315385413246416,1.1059677880961098,0.047112941003268696,1.0000823033868258
6.644228691595417,1.4264835089457009,-0.011196862589736118,0.7111480948290376,0.9310353873321131,1.1055735586851123,0.04707220281114662,0.9997234230977158
6.670780400975434,1.4260232117273164,-0.023475891402049382,0.7113336925392587,0.9304390910405581,1.1050955257610833,0.04710327323169041,0.999296300508144
6.6917776428422755,1.4254282905181404,-0.03319172900626581,0.7115950588874077,0.9299691736784467,1.104709489557207,0.04718920565001001,0.9989574611664873
6.712774884709117,1.424629292305002,-0.042914695929208366,0.7119579009956923,0.9295009293169735,1.1043158014065382,0.047329784459772095,0.9986171997118616
6.729853204177492,1.423828803702501,-0.0508296644604778,0.712328081822716,0.9291214563127298,1.1039893412423136,0.04748487218445573,0.9983388943365279
6.746931523645867,1.422893080765013,-0.058751842806504986,0.7127658713189986,0.9287433410238076,1.1036570676927893,0.047677008627491704,0.9980590617862595
6.763485094695369,1.4218569182974656,-0.06643854187821266,0.7132550008714149,0.928378246206881,1.1033290309094748,0.04789913854238617,0.997786041672766
6.779087091706727,1.4207637751917852,-0.07369145212599737,0.7137746753816888,0.928035496214741,1.1030141270582137,0.04814140482309973,0.9975268548347023
6.794023563815459,1.4196111785220313,-0.08064312721703318,0.7143257943324034,0.9277086827276472,1.1027071813998386,0.048403813634222095,0.997276844623277
6.8084488671928485,1.418399403353828,-0.08736517448526339,0.7149081056901578,0.9273943485460979,1.102405388795804,0.048686103252161335,0.9970334602414398
6.822431480394512,1.4171322074783104,-0.09388934011796948,0.7155197573547103,0.9270909412133971,1.1021075841234953,0.048987363338510156,0.9967955620449968
6.836029486265165,1.415812313847809,-0.1002425783888527,0.7161594284591627,0.92679714916925,1.1018127509748972,0.04930700072809416,0.9965621759502169
6.849290711685797,1.4144418443074969,-0.10644710836414882,0.7168261140637862,0.9265118957726894,1.1015200317285845,0.04964462474701692,0.9963324910304278
6.862253534027002,1.4130226330233453,-0.1125207770726371,0.7175189678119916,0.9262343186757926,1.1012287247778592,0.049999960301347936,0.9961058483302081
6.87494938038713,1.4115562786857592,-0.11847821541839187,0.7182372722373909,0.9259637132638384,1.1009382421287757,0.05037282626949326,0.9958817005428475
6.887404415802943,1.4100441855837538,-0.12433161898886114,0.7189804158583307,0.9256994944245709,1.100648080858309,0.05076311957217756,0.995659584729696
6.899640715126598,1.4084875975216464,-0.1300912899515014,0.7197478746121786,0.9254411699765718,1.1003578034520105,0.051170802835406114,0.9954391033903501
6.911677120880845,1.4068876235229095,-0.13576603378773255,0.7205391978572832,0.9251883212205869,1.1000670233946481,0.05159589530182038,0.9952199105853654
6.92352988327857,1.4052452577881218,-0.14136345531730524,0.7213539975676196,0.9249405884313473,1.0997753944043251,0.052038466015144225,0.995001701565407
6.935213145535,1.403561395573243,-0.1468901831852368,0.7221919397935537,0.9246976598569777,1.0994826022562763,0.05249862862367361,0.994784204893016
6.946739317895897,1.4018368460070818,-0.1523520428857,0.7230527378154866,0.9244592632417773,1.099188358465554,0.05297653738948383,0.994567176357947
6.958119369940381,1.4000723425959938,-0.1577541919860847,0.7239361465728701,0.924225159201996,1.0988923953330414,0.053472384107383746,0.9943503942104757
6.969363061985198,1.3982685519363751,-0.1631012271797887,0.724841958077851,0.9239951359824592,1.098594462005018,0.053986395727788364,0.9941336553772951
6.98047913045906,1.3964260810124585,-0.16839727004249883,0.7257699976032025,0.9237690052570267,1.0982943212963232,0.05451883253586698,0.9939167724202776
6.99147543801937,1.3945454833605158,-0.17364603647316207,0.7267201204884988,0.9235465987287369,1.0979917470960785,0.055069986778811045,0.9936995710643517
7.00235909624728,1.3926272643275373,-0.17885089344203148,0.7276922094391284,0.923327765351834,1.0976865222251326,0.055640181656362815,0.9934818881682557
7.013136566934666,1.390671885570935,-0.184014905828369,0.7286861722366179,0.9231123690396416,1.0973784366431094,0.05622977061904805,0.9932635700407033
7.023813746257301,1.3886797689563823,-0.1891408753313261,0.7297019397753153,0.9229002867605458,1.0970672859346193,0.05683913691938333,0.9930444710330958
7.034396035412772,1.38665129992488,-0.19423137311180416,0.730739464385424,0.9226914069414319,1.0967528700125397,0.05746869338963824,0.9928244523502496
7.0448884001621,1.3845868304447766,-0.19928876729014208,0.7317987183806838,0.9224856281227896,1.0964349919995113,0.05811888240836808,0.992603381040397
7.055295421461411,1.3824866815896386,-0.20431524631305528,0.7328796928077393,0.9222828578163036,1.0961134572491826,0.05879017604199932,0.9923811291284643
7.065621338722939,1.380351145809043,-0.20931283890039243,0.7339823963614532,0.9220830115298432,1.0957880724821083,0.0594830763409998,0.9921575728679974
7.075870087015301,1.3781804889305342,-0.21428343117797793,0.7351068544455002,0.9218860119302528,1.0954586450136503,0.060198115779897435,0.991932592090275
7.0860453291778205,1.375974951939522,-0.2192287814460757,0.7362531083534394,0.9216917881216866,1.0951249820580569,0.06093585782827594,0.9917060696350788
7.096150483747115,1.3737347525523909,-0.2241505330001939,0.7374212145619218,0.9215002750193776,1.0947868900922646,0.061696897650654364,0.9914778908481037
7.106188749290417,1.3714600866242896,-0.22905022527712296,0.738611244114276,0.9213114128051109,1.0944441742702353,0.062481862925029844,0.9912479431357148
7.116163125742552,1.369151129402807,-0.2339293036029358,0.739823282088486,0.9211251464510467,1.0940966378767436,0.06329141478018976,0.9910161155670882
7.126076433179756,1.3668080366494006,-0.23878912774240238,0.7410574271381382,0.9209414253020214,1.0937440818131678,0.06412624884881205,0.9907822985167324
7.135931328407488,1.3644309456431063,-0.2436309794237793,0.7423137910987884,0.9207602027078039,1.0933863041084153,0.06498709643618424,0.9905463833411923
7.145730319668881,1.3620199760805838,-0.24845606898004563,0.7435924986524847,0.9205814356983555,1.0930230994494066,0.06587472580489157,0.9903082620849551
7.155475779717824,1.3595752308878377,-0.2532655412181779,0.7448936870424986,0.9204050846965006,1.0926542587267651,0.06678994357561993,0.9900678272116507
7.16516995752306,1.3570967969415044,-0.2580604806402919,0.7462175058396072,0.9202311132621994,1.0922795685896978,0.06773359625104944,0.9898249713558329
7.174814988727388,1.354584745722915,-0.2628419160713223,0.7475641167478506,0.9200594878653607,1.0918988110084922,0.06870657186090365,0.9895795870937334
7.184412905051009,1.3520391339044664,-0.2676108247805723,0.7489336934502311,0.919890177683065,1.091511762840134,0.06970980173526323,0.9893315667296471
7.193965642789663,1.3494600038697784,-0.27236813616635014,0.7503264214938882,0.9197231544178972,1.0911181953932827,0.07074426241330703,0.9890808020952851
7.203475050468754,1.3468473841870994,-0.2771147350289617,0.7517424982045944,0.919558392135762,1.090717873991953,0.07181097768800458,0.9888271843615581
7.212942895807242,1.3442012900260993,-0.28185146450372967,0.7531821326361788,0.9193958671199952,1.090310557533133,0.07291102079931056,0.9885706038597508
7.222370872030197,1.3415217235345218,-0.2865791286689492,0.7546455455463132,0.9192355577406809,1.0898959980377982,0.07404551677860102,0.9883109499118786
7.231760603647028,1.3388086741663061,-0.2912984948828998,0.7561329694035511,0.9190774443367834,1.0894739401911917,0.07521564495780683,0.9880481106678533
7.241113651721102,1.3360621189748536,-0.29601029585865724,0.7576446484185472,0.9189215091103393,1.0890441208717776,0.0764226416483716,0.987781972949437
7.25043151869326,1.33328202287263,-0.3007152315038719,0.7591808385991182,0.9187677360313491,1.0886062686664548,0.0776678030009026,0.9875124220998996
7.2597156528461415,1.3304683388480942,-0.30541397056527264,0.7607418078345132,0.9186161107516715,1.088160103368155,0.07895248806201108,0.9872393418375406
7.2689674523791155,1.3276210081636783,-0.31010715205858186,0.7623278359961863,0.9184666205281983,1.0877053354570154,0.08027812203118685,0.9869626141144325
7.278188269218003,1.3247399605107952,-0.31479538654250255,0.763939215068759,0.9183192541530705,1.0872416655589443,0.08164619974290813,0.9866821189773407
7.287379412512183,1.3218251141477817,-0.31947925720866266,0.7655762492972262,0.9181740018915483,1.0867687838832198,0.08305828937777042,0.986397734432675
7.296542151902921,1.3188763760057283,-0.32415932082570975,0.7672392553591697,0.9180308554260244,1.086286369634235,0.08451603642624654,0.9861093363134362
7.305677720573317,1.3158936417679807,-0.32883610853852585,0.768928562559238,0.917889807805901,1.0857940903958117,0.08602116792066604,0.985816798148297
7.314787318088626,1.3128767959291403,-0.33351012652236717,0.7706445130430487,0.917750853403083,1.0852916014863918,0.08757549695209224,0.985519991032962
7.323872113066537,1.3098257118285122,-0.3381818565073021,0.7723874620338187,0.9176139878723713,1.0847785452816396,0.08918092749573589,0.9852187835030493
7.332933245694013,1.3067402516592699,-0.342851756176379,0.7741577780915212,0.9174792081164367,1.0842545505018166,0.09083945956736708,0.9849130414083717
7.3419718300944625,1.3036202664583714,-0.3475202594340255,0.7759558433921996,0.9173465122552539,1.0837192314618604,0.09255319473298007,0.9846026277889725
7.35098895657769,1.3004655960719729,-0.3521877765555709,0.7777820540309592,0.9172158995994598,1.0831721872801712,0.0943243420014887,0.9842874027523029
7.359985693778831,1.297276069099207,-0.35685469421492677,0.7796368203475681,0.9170873706275208,1.0826130010433488,0.09615522412837789,0.9839672233518517
7.368963090693588,1.2940515028165323,-0.36152137538752227,0.7815205672739406,0.9169609269665768,1.0820412389237624,0.09804828436093056,0.9836419434674792
7.377922178630948,1.2907917030795173,-0.36618815913225083,0.7834337347059083,0.9168365713766512,1.0814564492457437,0.10000609366147542,0.9833114136873169
7.386863973090608,1.2874964642033075,-0.37085536024840987,0.7853767778991767,0.916714307738131,1.080858161496681,0.10203135844579003,0.982975481191592
7.395789475585064,1.2841655688179974,-0.37552326880959186,0.7873501678923503,0.9165941410422638,1.080245885278085,0.10412692888025123,0.9826339896383016
7.404699675387387,1.2807987877092335,-0.38019214955539804,0.7893543919515993,0.9164760773849598,1.0796191091939784,0.10629580777631205,0.9822867790522118
7.413595551254472,1.2773958796286524,-0.38486224115695233,0.7913899540467539,0.9163601239632656,1.0789772996689464,0.10854116014089714,0.9819336857161415
7.422478073096667,1.2739565910877089,-0.3895337553300351,0.7934573753515393,0.9162462890749615,1.0783198996930567,0.1108663234279206,0.9815745420665432
7.4313482036343546,1.2704806561221316,-0.3942068758051044,0.7955571947763063,0.916134582120819,1.0776463274856194,0.11327481855783827,0.9812091765928412
7.4402069000246245,1.266967796035757,-0.398881757132182,0.7976899695288445,0.916025013609826,1.0769559750732824,0.1157703617638671,0.9808374137423409
7.449055115478702,1.2634177191180704,-0.4035585233169805,0.7998562757074893,0.9159175951672138,1.076248206774752,0.11835687733902733,0.9804590738311797
7.45789380088279,1.2598301203324203,-0.4082372662790303,0.8020567089292686,0.9158123395452499,1.0755223575843043,0.12103851136368583,0.9800739729622424
7.466723906408575,1.2562046809824539,-0.4129180441069549,0.8042918849893889,0.9157092606370969,1.0747777314477611,0.1238196464930062,0.9796819229522856
7.475546383153323,1.2525410683425942,-0.4176008791125943,0.806562440561678,0.9156083734934082,1.074013599419588,0.12670491790812086,0.9792827312684413
7.484362184796339,1.2488389352595197,-0.4222857556555491,0.8088690339367706,0.9155096943420001,1.0732291976931476,0.12969923052901652,0.9788762009767346
7.493172269274128,1.2450979197257002,-0.4269726177155562,0.8112123457983634,0.915413240610756,1.072423725494285,0.13280777760122386,0.9784621307049789
7.501977600515643,1.2413176444093343,-0.4316613662083216,0.8135930800483909,0.9153190309535162,1.071596342823865,0.13603606079401281,0.9780403146208798
7.510779150203614,1.2374977161566916,-0.4363518559974204,0.8160119646722898,0.9152270852795774,1.0707461680405161,0.1393899119352545,0.97761054242999
7.519577899611069,1.2336377254477942,-0.4410438925957769,0.8184697526574752,0.9151374247865326,1.0698722752662781,0.14287551655139305,0.9771725993947896
7.528374841502706,1.2297372458114106,-0.4457372285149042,0.8209672229625923,0.9150500719968765,1.0689736916018362,0.14649943937704193,0.9767262663793569
7.5371709821114345,1.2257958331968493,-0.45043155922682027,0.8235051815403982,0.9149650507985991,1.068049394134858,0.1502686520236208,0.9762713199237344
7.5459673432211165,1.221813025290695,-0.45512651870986837,0.8260844624232505,0.9148823864898366,1.0670983067211535,0.15419056302627887,0.975807532351666
7.554764964339046,1.217788340787872,-0.45982167451889067,0.8287059288666141,0.9148021058281576,1.066119296521515,0.15827305049169618,0.9753346719185331
7.563564905007229,1.2137212785972116,-0.4645165223490132,0.8313704745648619,0.9147242370844816,1.0651111702682594,0.16252449762343005,0.9748525030037765
7.572368247243845,1.2096113169876448,-0.4692104800244963,0.834079024937039,0.9146488101022409,1.0640726702393397,0.16695383140649997,0.9743607863560557
7.581176098140965,1.205457912665854,-0.4739028808545927,0.836832538490167,0.914575856362124,1.0630024699118183,0.1715705647809225,0.9738592793987288
7.589989592646257,1.2012604997753564,-0.4785929662900863,0.8396320082684279,0.9145054090528156,1.0618991692633288,0.17638484267378454,0.9733477366043745
7.598809896543008,1.1970184888135253,-0.4832798777965008,0.8424784633923789,0.9144375031483463,1.060761289688606,0.18140749229583855,0.9728259099493294
7.607638209644653,1.1927312654628406,-0.48796264784893295,0.8453729706924684,0.9143721754927253,1.059587268494665,0.18665007815695545,0.9722935494608941
7.616475769265836,1.188398189310881,-0.4926401899639171,0.8483166364559092,0.9143094648922944,1.0583754529282643,0.19212496233723303,0.9717504038691612
7.625323853963945,1.1840185924667737,-0.49731128763147103,0.8513106082838451,0.9142494122168908,1.0571240936935014,0.19784537057582302,0.9711962213817336
7.634183787609861,1.179591778051393,-0.5019745820263878,0.8543560770762324,0.9141920605105429,1.0558313379040936,0.20382546484854094,0.9706307505985383
7.643056943832072,1.1751170185460305,-0.5066285583484361,0.8574542791571744,0.9141374551127188,1.054495221410702,0.210080423182556,0.9700537415878874
7.651944750869554,1.1705935539896233,-0.511271530611515,0.860606498549876,0.9140856437913867,1.0531136604384548,0.21662652754616676,0.9694649471492259
7.660848696897466,1.1660205900015659,-0.5159016246876416,0.8638140694194948,0.9140366768891673,1.0516844424582568,0.2234812607811296,0.9688641242905441
7.669770335897867,1.161397295603978,-0.5205167593815928,0.8670783787047129,0.9139906074840864,1.0502052162053306,0.23066341368131316,0.9682510359529289
7.678711294127931,1.1567228008291417,-0.5251146252615376,0.870400868950752,0.9139474915668302,1.0486734807517393,0.23819320345470935,0.9676254530220363
7.687673277298805,1.1519961940685843,-0.5296926609551643,0.8737830413773399,0.9139073882364215,1.0470865735185542,0.24609240502598628,0.9669871566692974
7.696658078545975,1.1472165191391162,-0.5342480265478885,0.8772264592022858,0.9138703599168225,1.0454416571050955,0.2543844968152724,0.9663359410761132
7.705667587326897,1.1423827720154205,-0.538777573681424,0.8807327512599347,0.9138364725971793,1.0437357047880973,0.26309482291184977,0.9656716166004726
7.714703799364675,1.1374938971911752,-0.5432778118629374,0.8843036159454004,0.9138057960990699,1.041965484528603,0.27225077382638985,0.9649940134583818
7.723768827837107,1.1325487835919876,-0.5477448704406194,0.8879408255440282,0.9137784043744781,1.0401275412884265,0.28188198841161766,0.9643029860007457
7.732864915970037,1.1275462599902297,-0.5521744555667144,0.8916462309868954,0.9137543758391882,1.038218177440691,0.2920205798957946,0.9635984176862012
7.741994451302751,1.122485089819699,-0.5565618013851953,0.8954217671120539,0.9137337937468876,1.0362334310085486,0.30270138954948367,0.9628802268626421
7.751159981896709,1.1173639652936613,-0.5609016145143615,0.8992694585085792,0.9137167466104835,1.0341690514297224,0.31396227207653843,0.9621483734944041
7.7603642348290025,1.1121815007015228,-0.5651880107236501,0.903191426042875,0.913703328678378,1.032020472488148,0.3258444175727268,0.961402866996606
7.769610137405775,1.1069362247196535,-0.5694144424960251,0.9071898941985409,0.9136936404750323,1.0297827819824705,0.33839271582987307,0.9606437753672108
7.778900841586702,1.1016265715564444,-0.5735736158810566,0.9112671993754649,0.9136877894172427,1.0274506876268603,0.35165616983564435,0.9598712358477388
7.788239752278757,1.096250870677664,-0.577657394731978,0.9154257993534373,0.9136858905200249,1.0250184785651235,0.3656883667684124,0.9590854673854524
7.797630560277272,1.0908073348155138,-0.5816566899847371,0.9196682841632725,0.9136880672093284,1.0224799817561137,0.38054801648396136,0.9582867852288984
7.807077280843356,1.0852940458773552,-0.5855613311124577,0.923997388682059,0.913694452262961,1.0198285123194657,0.39629956970089913,0.9574756180576092
7.816584299178394,1.0797089382564669,-0.5893599162160825,0.9284160073662157,0.9137051889065569,1.0170568167131708,0.41301393091358085,0.9566525281332118
7.826156424397746,1.0740497789053254,-0.59303963633673,0.9329272116592048,0.9137204320985912,1.0141570073352428,0.43076928467846837,0.9558182350695654
7.835798954072057,1.0683141433342114,-0.5965860684386425,0.9375342707832781,0.913740350047953,1.011120486770535,0.4496520586582843,0.95497364395931
7.845517752037843,1.0624993864256198,-0.5999829300127081,0.9422406768641927,0.9137651260203955,1.0079378594055635,0.46975805308721,0.9541198787737282
7.855319343062675,1.0566026065676,-0.6032117862514169,0.9470501756807593,0.9137949605076947,1.0045988274513518,0.4911937747917172,0.9532583221853883
7.865211029151855,1.0506206010801167,-0.606251698023343,0.9519668048045106,0.913830073857558,1.0010920674781236,0.5140780254194552,0.9523906632722569
7.875201034028269,1.04454981012384,-0.6090787951371563,0.9569949415995285,0.9138707094965102,0.9974050822329857,0.5385438096322591,0.9515189549729131
7.885298684831114,1.0383862451358128,-0.6116657541346167,0.9621393645880693,0.9139171379270826,0.9935240205947441,0.5647406518777595,0.9506456837230457
7.895514643777648,1.0321253961311307,-0.6139811523299868,0.9674053332394235,0.9139696617525305,0.9894334557033617,0.5928374435068426,0.9497738544837099
7.905861208175833,1.0257621095644962,-0.6159886588089349,0.9727986936560625,0.9140286220903736,0.9851161070320293,0.6230259914789825,0.9489070954767247
7.9163527058900796,1.0192904243121268,-0.617646006545156,0.9783260214263941,0.9140944069023014,0.9805524855643366,0.6555255155071078,0.9480497885586138
7.9270060273809,1.0127033465856907,-0.6189036641823282,0.9839948191296155,0.9141674620321003,0.9757204306407494,0.6905884601107806,0.9472072335877525
7.937841358646822,1.0059925332708841,-0.6197030850022908,0.9898137964379062,0.9142483061769644,0.9705944894741619,0.7285081838527606,0.9463858589120219
7.948883219413145,0.9991478334117297,-0.6199743422448808,0.9957932790780534,0.9143375517585012,0.9651450600158246,0.7696294220290697,0.9455934962171492
7.96016198332766,0.9921566013145454,-0.6196328406393738,1.0019458265585401,0.9144359349868995,0.9593371629399167,0.8143630170858083,0.9448397483545059
7.97171619706359,0.9850026235370413,-0.6185745736262169,1.0082872047218399,0.9145443609406967,0.9531286024490514,0.8632075512012914,0.9441364973242754
7.983596293144045,0.9776643600798645,-0.6166689610912003,1.0148379914508285,0.9146639745275192,0.9464670629423991,0.9167827921152645,0.9434986358596857
7.995870925586738,0.9701118706648107,-0.6137473696451601,1.0216264004825741,0.9147962794259448,0.9392852070377172,0.9758849453546521,0.9429451808694108
8.008638723611671,0.9623009753704066,-0.6095831829154197,1.028693673782021,0.9149433546561572,0.9314916478175318,1.0415861911032374,0.9425011021461024
8.022052726358083,0.9541608325394643,-0.6038531172881992,1.0361055984550538,0.9151082963067898,0.9229522625901853,1.1154363583482125,0.942200672165988
8.036380529575549,0.9455626808400269,-0.5960485002994353,1.0439815661559133,0.9152962836379052,0.9134443103013508,1.1999482336130718,0.9420947026325229
8.052200150150197,0.936215953808728,-0.5852061801154775,1.0525913030283425,0.915517982064567,0.9025072605119155,1.3001466347772235,0.9422711979384464
8.07153577683387,0.9250561801767101,-0.5684387445345709,1.0629252206706101,0.9158089516599923,0.8885783883362043,1.4324180374763726,0.9429623532502212
8.087090625495826,0.9163394141745206,-0.5518569090739542,1.0710282782924212,0.916058770446239,0.8770031096081596,1.546390148239798,0.9439418134713234
8.102645474157782,0.9079036781956852,-0.5322668981344771,1.078888071891618,0.9163223315797024,0.865193344762811,1.6665816972444008,0.94533218001097
8.117296950351388,0.9002583496110195,-0.5108673633790894,1.0860207254192136,0.9165828210910321,0.8539587627626626,1.784751993912309,0.9470380858776273
8.131375824626371,0.8932273664935882,-0.4874551292559182,1.0925840838683065,0.9168439404513403,0.8431759888775215,1.9019105772691696,0.9490494477166864
8.145130220407028,0.8866961211778783,-0.4617692295939206,1.0986825461169707,0.91710886280963,0.8327779884851862,2.0186647618867197,0.9513666658253397
8.158698807679478,0.8806183151572172,-0.43362614194954635,1.1043599381560882,0.917379261739473,0.8227890479046452,2.1347402817526633,0.953984171289447
8.172175585662073,0.8749784984151547,-0.402876240468488,1.10963448805627,0.9176562268378083,0.8132822442642799,2.2493705288801444,0.9568910727258664
8.185631353063,0.869779640705659,-0.36939719177377406,1.1145107366617826,0.9179405434684325,0.8043673993169597,2.36140106364656,0.9600707657499197
8.199121642740886,0.8650381605154283,-0.3331018125818723,1.118984564371489,0.918232769598333,0.7961878313091262,2.4693135030403033,0.9635003984822439
8.21268687154655,0.8607821210346452,-0.2939616563585679,1.1230451529945593,0.9185331739733353,0.7889204060271976,2.5712164337074155,0.9671500087952194
8.226343334745824,0.857051032015763,-0.2520600145888703,1.126674987026466,0.9188414750917485,0.782775717477174,2.6648226644694577,0.9709804121764023
8.240059056737538,0.8538956098088291,-0.20770190113955464,1.1298486169487245,0.9191562220499868,0.7779922542535606,2.7474496907555856,0.9749379979037631
8.253711140349754,0.8513727349691061,-0.1615985758060379,1.1325330823053052,0.9194737238081748,0.7748086206966583,2.816177764883028,0.9789455351152954
8.267054135991836,0.849525849353791,-0.1150144764452203,1.1346981844612882,0.9197872356658452,0.7733902748525127,2.8684636465179296,0.9828976120190545
8.279771925175629,0.8483511977000804,-0.06957328603139404,1.1363405054616336,0.9200882005390153,0.7737294981273389,2.903240176186242,0.9866805659332292
8.291583660670504,0.8477816995291075,-0.02678991846115361,1.1374982946922267,0.920368916932539,0.7756102545732182,2.921551384048924,0.9902043675207888
8.300615319866411,0.8476882209354721,0.00610107605557416,1.1381448251041537,0.9205839414230117,0.7781005741874921,2.9261797252488155,0.9929084892936244
8.309639142328553,0.8478915899184356,0.03896030367421972,1.1385835663163744,0.9207988007215677,0.781513836108124,2.922615035188128,0.9956239560161244
8.319141650667241,0.8484256484357113,0.07340280668023424,1.1388202986084761,0.9210247747440778,0.7861092740353062,2.9100712689204618,0.9985054735238217
8.32967864545499,0.8493987206395969,0.11120890111344822,1.1388097431224382,0.9212746239968911,0.7923908216880783,2.885855002953782,1.0017372398146487
8.34102440223988,0.8508882724824477,0.1512253501002696,1.1384721622239633,0.921542310425003,0.8005061560510196,2.8481675571218354,1.0052722961581013
8.353061327014832,0.8529589357035333,0.19262231754577291,1.1377360727602572,0.9218241945853202,0.8105644613757076,2.795885112623353,1.009096526500472
8.36573628054152,0.855669096277145,0.23474278495970247,1.1365290737406202,0.9221179853419377,0.8226304469554551,2.728429279676788,1.0132103302275883
8.379026187687757,0.859071852254071,0.27698771370587266,1.1347738236804015,0.9224219056190632,0.8367035095254141,2.6457749981969045,1.017610658392563
8.39285612210405,0.8631931171482521,0.31858053551117643,1.132400301877814,0.9227328298493513,0.8526201979069414,2.5489667353674634,1.0222548516529937
8.406899568360542,0.8679479331414276,0.3581059797912555,1.1294072777921964,0.9230420794874605,0.8697807404244766,2.441828248791219,1.026985491261151
8.420584460090256,0.8730962339602939,0.3938313235411607,1.1259201652275808,0.92333632264128,0.8871314715366468,2.331217753000318,1.031540099683014
8.433626889226241,0.8784403257463117,0.42522600465879584,1.1220751533387223,0.9236095124421665,0.9039397196668024,2.2221177932133274,1.035757527021455
8.446087811331145,0.8839131328699219,0.4527694892939745,1.117935491804208,0.9238633453222195,0.9199925598495681,2.1161503353088555,1.0396083373954967
8.458106592697556,0.8895031294873336,0.4770724284856362,1.1135260083602483,0.9241010573366909,0.9352655099383004,2.013624832791308,1.0431014422236011
8.469807077470277,0.8952132200845274,0.4986290383149209,1.1088590506122036,0.9243253738893443,0.9497730193563447,1.9145324388231404,1.0462489613030244
8.481290454099188,0.9010511815824856,0.5178185589455764,1.103941545917236,0.9245383902351136,0.963537827534996,1.8187757876090511,1.0490616235424015
8.492642162843962,0.9070281704284019,0.5349356903629251,1.0987763830397503,0.9247417370582972,0.9765863330023405,1.7262161432115406,1.0515493140232606
8.503939107276683,0.9131592238673688,0.5502146325545165,1.0933621032009686,0.9249367330041739,0.9889485314614307,1.6366808453669308,1.0537217628519806
8.515256237647893,0.9194647477024819,0.5638456077883611,1.0876916227560658,0.9251245037176362,1.000658910462559,1.5499578516035968,1.0555888045766628
8.526673715986078,0.9259732471040626,0.5759862943587931,1.0817497426049223,0.9253060858141738,1.0117580753106634,1.465779828059521,1.057160250585549
8.53828700421431,0.9327264408481746,0.5867702934515276,1.0755083901631528,0.9254825442877693,1.0222959422609688,1.3837906419693362,1.0584454122318054
8.550225098065768,0.9397898318205806,0.5963145907784674,1.0689167124647838,0.9256551573404416,1.0323388316581885,1.3034721038006745,1.059452158872437
8.562692337186805,0.9472782698603877,0.604729424629462,1.0618770313583503,0.9258258209752155,1.0419877502969623,1.2239601203399098,1.0601849873012572
8.576097514832501,0.9554362814846963,0.6121434529465002,1.0541690947835383,0.9259983063958954,1.0514389516774694,1.1434488572207162,1.060639942231794
8.59176119343352,0.9650798494404187,0.6188507683676221,1.04503263563697,0.9261853407732678,1.0613330981273168,1.055814753671223,1.0607812636817076
8.604566828499676,0.9730319341351051,0.6229138052679651,1.0374975768671906,0.9263266359267703,1.068560935996537,0.9891808649967347,1.0606229288965567
8.617372463565832,0.9810285287498547,0.6258206076389238,1.0299339634963374,0.9264575252699156,1.0750709288351317,0.9268798556081675,1.0602518215124352
8.629283536686811,0.9884940592343749,0.6275792839646499,1.0228952272876104,0.926569987802041,1.0805292078167714,0.8726541902191824,1.0597417060570125
8.640454839536064,0.9955105830278015,0.6284736585019058,1.016307085181722,0.9266673988732785,1.0851651594571317,0.8249062667993465,1.0591392701913531
8.65114316155851,1.002229659620027,0.6287030164192663,1.0100284118556486,0.9267533557216148,1.089195630748201,0.7819059072039122,1.058466658393772
8.661474798790525,1.0087240089754421,0.6283903058071427,1.0039919469341765,0.9268297790316598,1.092743192065467,0.742713085746268,1.0577401814335472
8.671526715677556,1.0150370440176568,0.6276224376144146,0.9981576236756106,0.9268979123750716,1.0958904505677585,0.7067089221473222,1.0569722977257148
8.681350876864874,1.0211975392846488,0.6264651899356818,0.9924988246119745,0.9269586407078895,1.0986979780558157,0.6734463356686684,1.056172813817101
8.690984734368497,1.027225890390345,0.6249705074588583,0.9869965537891432,0.9270126327930155,1.1012125502331485,0.6425831043125495,1.0553496056410885
8.700456538692098,1.0331372526804279,0.6231806213930403,0.9816365356732798,0.9270604156696306,1.1034715725311874,0.6138467213923824,1.0545090874173069
8.709788331999462,1.0389432926436868,0.6211306006064451,0.9764076091873323,0.9271024178171647,1.105505715303876,0.5870139091839844,1.053656534691887
8.718997768400765,1.0446532425344315,0.6188500388270863,0.9713007689605972,0.9271389960768062,1.1073406023400865,0.5618977480153063,1.0527963169076084
8.728099286328986,1.050274572920394,0.6163642269761944,0.9663085594486597,0.9271704533952205,1.1089979542099881,0.5383391183548016,1.0519320706244695
8.73710489841308,1.055813441339226,0.6136949997017863,0.9614246745343885,0.9271970510358862,1.1104963965624486,0.5162007511079604,1.0510668320169998
8.746024743323785,1.0612750026671351,0.6108613657943895,0.9566436831789639,0.9272190172808484,1.1118520516265773,0.4953629393768093,1.0502031404016006
8.75486748307893,1.0666636303763735,0.6078799896504509,0.95196083570234,0.9272365538122546,1.1130789834530093,0.47572035424075604,1.049343120531784
8.763640596373412,1.071983078288612,0.6047655667898423,0.9473719234839821,0.9272498405064499,1.1141895409981684,0.4571796205077367,1.0484885489491254
8.772350599860808,1.0772366014074015,0.6015311219816989,0.9428731750992995,0.92725903911027,1.1151946277481262,0.4396574313695028,1.0476409081102638
8.781003218186415,1.0824270478625213,0.5981882495549503,0.9384611779575568,0.9272642961105237,1.1161039171827496,0.42307905517644806,1.0468014309821194
8.789603516794203,1.0875569300307595,0.5947473096517638,0.9341328181600972,0.9272657450086575,1.1169260274505943,0.40737713384575414,1.0459711380901104
8.798156007127874,1.0926284803307755,0.5912175903470028,0.9298852336473354,0.927263508148584,1.1176686647417808,0.3924907025140862,1.0451508685190114
8.80666473102312,1.097643695553464,0.5876074429192407,0.9257157771952959,0.9272576982033252,1.1183387422471494,0.3783643799100457,1.044341306013439
8.815133329188335,1.1026043724931311,0.5839243957175716,0.9216219868173863,0.9272484193972906,1.118942479801564,0.3649476924701983,1.0435430010684275
8.82356509732528,1.1075121368716132,0.5801752507746087,0.9176015618233494,0.9272357685210285,1.119485488046748,0.35219450472239666,1.0427563897143128
8.831963032549993,1.1123684670391492,0.5763661663563544,0.9136523432441533,0.9272198357811426,1.1199728400481699,0.34006253511223117,1.041981809554576
8.8403298721126,1.1171747135596066,0.5725027279426405,0.9097722976668615,0.9272007055178798,1.1204091326402907,0.3285129413049425,1.041219513506756
8.84866812594683,1.1219321155231405,0.5685900096054619,0.9059595037581561,0.9271784568154282,1.120798539285648,0.31750996254239844,1.0404696816113232
8.856980104204178,1.126641814217753,0.5646326273684462,0.9022121409401753,0.9271531640245194,1.1211448558640704,0.3070206093195472,1.0397324312096183
8.865267940720702,1.1313048646761759,0.5606347858017382,0.8985284797848576,0.9271248972126651,1.1214515405304808,0.29701439257229084,1.0390078257346618
8.87353361312403,1.135922245479755,0.556600318890572,0.8949068738084132,0.9270937225542996,1.1217217485608864,0.2874630861607423,1.0382958823208719
8.881778960151292,1.1404948671257675,0.5525327260251202,0.8913457524124953,0.9270597026706797,1.1219583629382934,0.27834051759255735,1.0375965784037198
8.890005696655725,1.1450235792134777,0.5484352038016194,0.8878436147632097,0.927022896927434,1.1221640212978603,0.26962238282968154,1.0369098574510425
8.89821542666484,1.1495091766409287,0.5443106742197614,0.8843990244519672,0.9269833616962634,1.1223411397438627,0.2612860817811564,1.036235633947592
8.906409654799594,1.1539524049755512,0.5401618097589311,0.881010604806963,0.926941150586085,1.1224919339666661,0.25331057164439524,1.0355737977344392
8.914589796295209,1.1583539651243033,0.5359910557459551,0.8776770347547816,0.9268963146480446,1.1226184380189792,0.24567623573651645,1.034924217790733
8.922757185837922,1.162714517414973,0.5318006503555479,0.8743970451438086,0.9268489025580031,1.1227225210550769,0.23836476581535576,1.0342867455311047
8.930913085385502,1.1670346851751738,0.5275926425386429,0.8711694154614561,0.9267989607795523,1.1228059022904981,0.23135905620848013,1.0336612176822964
8.939058691116477,1.1713150578833849,0.523368908128329,0.8679929708872715,0.9267465337100976,1.1228701644019636,0.22464310831466047,1.0330474587932335
8.947195139615681,1.1755561939466281,0.5191311643449936,0.8648665796394321,0.9266916638122449,1.1229167655556165,0.2182019442617088,1.0324452834262257
8.955323513411058,1.1797586231633146,0.514880982879025,0.8617891505697229,0.9266343917322342,1.1229470502257206,0.21202152865466625,1.0318544980686153
8.96344484594588,1.183922848913364,0.5106198017121921,0.8587596309748424,0.92657475640698,1.1229622589436157,0.20608869750721262,1.0312749027999752
8.971560126045691,1.1880493501049305,0.5063489358241186,0.8557770046014974,0.9265127951611439,1.1229635370981144,0.20039109357823673,1.0307062927461266
8.979670301956727,1.1921385829161038,0.5020695868976415,0.8528402898163732,0.926448543795286,1.1229519428929082,0.1949171074163157,1.030148459345249
8.987776284999391,1.1961909823527634,0.497782852134256,0.8499485379248656,0.9263820366661478,1.122928454552954,0.18965582352050894,1.0296011914497096
8.995878952890182,1.2002069636487638,0.49348973226874165,0.8471008316189812,0.926313306759866,1.1228939768604147,0.1845969710873398,1.0290642762831073
9.003979152762899,1.2041869235231957,0.48919113886941623,0.8442962835431623,0.9262423857589247,1.1228493470908358,0.17973087888835018,1.0285375002705874
9.012077703935317,1.2081312413170937,0.4848879009898665,0.8415340349614804,0.9261693041033939,1.1227953404117654,0.1750484338637447,1.0280206497569635
9.020175400433082,1.212040280014855,0.4805807712455297,0.8388132545218334,0.926094091047175,1.1227326747987607,0.17054104308319118,1.0275135116272038
9.028273013319774,1.2159143871739047,0.4762704313594362,0.8361331370999922,0.9260167747095445,1.1226620155172142,0.16620059874083898,1.027015873839577
9.036371292838783,1.2197538957647776,0.471957497236392,0.833492902721452,0.9259373821225789,1.1225839792131038,0.1620194459111501,1.0265275258829085
9.044470970391904,1.223559124933322,0.4676425236076435,0.8308917955523436,0.9258559392748035,1.1224991376508517,0.1579903528093625,1.0260482591667028
9.052572760375755,1.2273303806947093,0.4633260082839694,0.8283290829521697,0.9257724711513644,1.1224080211322882,0.1541064833288571,1.0255778673519451
9.060677361887343,1.231067956564243,0.4590083960550234,0.8258040545844005,0.9256870017710644,1.1223111216270298,0.15036137165534516,1.0251161466298615
9.068785460316601,1.234772134133002,0.4546900822646028,0.823316021578912,0.9255995542204843,1.122208895641368,0.14674889877434066,1.0246628959546653
9.076897728838075,1.2384431835935996,0.4503714160904171,0.820864315742177,0.9255101506854212,1.1221017668498576,0.14326327070899117,1.024217917235771
9.085014829801356,1.2420813642156672,0.4460527035600134,0.8184482888149148,0.9254188124799778,1.1219901285115024,0.13989899834607444,1.0237810154949596
9.093137416057111,1.2456869247874762,0.44173421031146226,0.8160673117657145,0.925325560073189,1.1218743456896707,0.13665087870589487,1.0233519989912931
9.101266132197576,1.2492601040137352,0.4374161641354893,0.8137207741268143,0.9252304131136768,1.1217547572936664,0.13351397754931618,1.0229306793192312
9.109401615735612,1.2528011308801974,0.43309875730910063,0.8114080833644295,0.9251333904523054,1.1216316779575273,0.1304836132061838,1.0225168714823931
9.117544498230696,1.2563102249883393,0.42878214873694326,0.8091286642810379,0.9250345101629468,1.1215053997702644,0.12755534152665834,1.0221103939459038
9.12569540636276,1.259787596860128,0.4244664659186006,0.8068819584491561,0.9249337895615378,1.121376193870451,0.12472494186839476,1.0217110686702453
9.133854962965536,1.2632334482175507,0.42015180675255753,0.8046674236731022,0.92483124522346,1.1212443119167026,0.12198840403629103,1.0213187211286614
9.14202378801412,1.2666479722342865,0.4158382411949709,0.8024845334799792,0.924726892999468,1.1211099874447041,0.11934191610456477,1.0209331803106902
9.150202499588007,1.270031353768145,0.41152581277592254,0.800332776633875,0.9246207480300443,1.1209734371200635,0.11678185304816993,1.020554278712874
9.158391714800269,1.2733837695698433,0.4072145399907464,0.798211656675711,0.9245128247584259,1.1208348618958286,0.11430476612683932,1.0201818523189299
9.166592050712264,1.2767053884756865,0.402904417567735,0.7961206914835017,0.9244031369421675,1.120694448082273,0.11190737296077963,1.0198157405701236
9.174804125217925,1.2799963715770697,0.39859541763112777,0.7940594128571087,0.9242916976635589,1.120552368336391,0.1095865482527652,1.0194557863280282
9.183028557924924,1.2832568723774094,0.3942874907546033,0.7920273661203835,0.924178519338631,1.120408782577192,0.10733931510245094,1.019101835829718
9.191265971013843,1.2864870369282446,0.38998056692395644,0.7900241097455156,0.9240636137250896,1.120263838833078,0.10516283687634445,1.0187537386374046
9.199516990098088,1.289687003953018,0.3856745564050378,0.7880492149938632,0.9239469919289506,1.1201176740263359,0.10305440958827462,1.0184113475825298
9.207782245080598,1.2928569049561534,0.38136935052638893,0.7861022655744195,0.9238286644099968,1.1199704146997804,0.10101145475622096,1.0180745187054245
9.216062371007713,1.2959968643168591,0.37706482238311667,0.7841828573199,0.923708640986118,1.1198221776900736,0.09903151270272291,1.0177431111913386
9.224358008924535,1.299106999368604,0.3727608274659098,0.7822905978794894,0.9235869308365356,1.1196730707517633,0.09711223626764083,1.017416987303351
9.232669806743901,1.3021874204679809,0.3684572042145875,0.7804251064256496,0.9234635425037878,1.1195231931356489,0.09525138490282482,1.0170960123123667
9.240998420124349,1.305238231050192,0.36415377450383746,0.778586013376358,0.9233384838945884,1.1193726361249925,0.0934468191245415,1.0167800544249475
9.249344513358151,1.3082595276706337,0.3598503440653905,0.7767729601327484,0.9232117622795893,1.119221483532749,0.09169649529987335,1.0164689847094615
9.257708760285546,1.3112514000373996,0.35554670284275836,0.7749855988289305,0.9230833842918439,1.1190698121624394,0.08999846074204904,1.0161626770204004
9.266091845223539,1.3142139310292453,0.35124262528865885,0.773223592096972,0.9229533559241782,1.118917692235552,0.0883508490974051,1.0158610079217372
9.274494463920512,1.3171471967018975,0.34693787060313563,0.771486612844984,0.9228216825253353,1.1187651877877076,0.08675187600317508,1.0155638566092544
9.28291732454594,1.3200512662845652,0.34263218291114256,0.7697743440469227,0.9226883687947722,1.118612357035697,0.08519983499749588,1.0152711048318768
9.291361148712946,1.3229262021642842,0.3383252913840595,0.768086478545239,0.9225534187761649,1.1184592527175004,0.08369309366663508,1.0149826368124137
9.299826672530763,1.3257720598555778,0.33401691030967656,0.766422718867549,0.9224168358496926,1.1183059224072303,0.0822300900154852,1.0146983391680557
9.3083146477159,1.328588887963494,0.3297067390987946,0.7647827770523142,0.9222786227226579,1.1181524088062613,0.08080932904297768,1.014418100829933
9.316825842736996,1.3313767281295639,0.32539446224388374,0.7631663744893975,0.9221387814188556,1.1179987500125859,0.07942937951476887,1.0141418129628041
9.325361044015871,1.3341356149663413,0.3210797492207927,0.7615732417718782,0.9219973132663429,1.117844979769503,0.07808887091791865,1.0138693688843445
9.333921057195406,1.3368655759816384,0.3167622543304871,0.760003118558238,0.9218542188834401,1.1176911276947932,0.07678649058571717,1.0136006639838855
9.342506708467376,1.3395666314877068,0.31244161648652835,0.7584557534474108,0.9217094981630797,1.1175372194917994,0.07552098098439712,1.0133355956410592
9.35111884596919,1.3422387944957115,0.3081174589458066,0.7569309038662052,0.9215631502553601,1.1173832771433718,0.0742911371515459,1.0130740631441892
9.359758341267122,1.3448820705981313,0.3037893889756452,0.7554283359673353,0.9214151735480096,1.1172293190894935,0.07309580427572501,1.0128159676081168
9.368426090919462,1.3474964578338313,0.2994569974624631,0.7539478245408006,0.9212655656448672,1.1170753603896344,0.07193387541108104,1.012561211891779
9.377123018145989,1.350081946540488,0.2951198584505202,0.7524891529356909,0.9211143233419246,1.1169214128703158,0.0708042893166903,1.0123097005149533
9.385850074590131,1.3526385191864159,0.290777528619294,0.7510521129966621,0.920961442601157,1.116767485258957,0.06970602841659533,1.012061339574721
9.394608242212,1.3551661501891246,0.2864295466820402,0.7496365050106688,0.9208069185214716,1.1166135833040893,0.06863811687013929,1.0118160366606943
9.403398535294123,1.3576648057106318,0.2820754327161924,0.7482421376693118,0.9206507453070756,1.1164597098829825,0.06759961875023925,1.0115737007697083
9.412222002602798,1.3601344434370797,0.27771468740578614,0.7468688280422812,0.9204929162324973,1.1163058650965763,0.06658963632003079,1.0113342422189218
9.421079729694553,1.3625750123340128,0.2733467912026557,0.7455164015664678,0.920333423604423,1.116152046352505,0.06560730840561532,1.011097572557816
9.429972841395942,1.3649864523793538,0.2689712033938741,0.7441846920493035,0.9201722587198315,1.1159982484362623,0.06465180885838978,1.010863604478475
9.438902504479048,1.3673686942734609,0.2645873610658818,0.7428735416863982,0.920009411819995,1.1158444635706222,0.06372234510195388,1.0106322517237554
9.44786993053976,1.3697216591207533,0.2601946779632705,0.7415828010962277,0.9198448720401924,1.1156906814636545,0.06281815676078056,1.010403428993367
9.456876379107472,1.3720452580824816,0.2557925432295916,0.7403123293717794,0.9196786273545875,1.115536889345232,0.06193851436600043,1.0101770518473088
9.465923161011501,1.3743393919982245,0.2513803200192192,0.739061994150164,0.9195106645157733,1.1153830719919742,0.06108271813469872,1.0099530366062468
9.475011642036254,1.3766039509742205,0.24695734396611826,0.7378316717008963,0.9193409689883573,1.1152292117404046,0.06025009681913285,1.0097313002482773
9.484143246892916,1.3788388139342616,0.2425229214974839,0.7366212470348266,0.9191695248760291,1.1150752884881434,0.059440006623346114,1.0095117603016637
9.493319463540123,1.381043848128719,0.2380763279779928,0.735430614035751,0.9189963148414662,1.1149212796827979,0.058651830184813694,1.0092943347329995
9.502541847895852,1.3832189085980866,0.23361680566572782,0.7342596756162508,0.9188213200182384,1.1147671602980682,0.057884975618568105,1.0090789418301183
9.511812029000094,1.3853638375895163,0.22914356145260856,0.7331083438981657,0.9186445199135376,1.1146129027962184,0.0571388756206562,1.0088655000786624
9.521131714667018,1.3874784639175883,0.22465576437238952,0.7319765404219738,0.9184658923009408,1.114458477076378,0.05641298663044392,1.0086539280317846
9.53050269769808,1.389562602265865,0.22015254284360258,0.7308641963864329,0.9182854131017859,1.1143038504075526,0.055706788049422966,1.0084441441717398
9.539926862711592,1.3916160524191978,0.2156329816226832,0.7297712529233173,0.9181030562540352,1.114148987345443,0.0550197815164863,1.0082360667625474
9.54940619368173,1.3936385984219763,0.2110961184246886,0.7286976614092252,0.9179187935667721,1.1139938496314936,0.05435149023782326,1.0080296136921265
9.558942782288558,1.3956300076551196,0.20654094016519933,0.7276433838176557,0.9177325945582908,1.113838396072398,0.053701458370440304,1.0078247023022024
9.568538837178629,1.3975900298195691,0.20196637877828214,0.7266083931171665,0.9175444262757658,1.1136825823982843,0.05306925045993073,1.0076212492044492
9.57819669423767,1.3995183958096782,0.1973713065646528,0.7255926737235943,0.9173542530944434,1.113526361097634,0.05245445093434694,1.0074191700813053
9.587918828094756,1.401414816477585,0.19275453096840903,0.7245962220048933,0.91716203649197,1.11336968122508,0.05185666365022474,1.0072183794675944
9.597707864958943,1.403278981257739,0.18811478873765272,0.7236190468538827,0.9169677347957708,1.1132124881799752,0.05127551149696049,1.0070187905116736
9.607566597019812,1.4051105566390654,0.18345073936257186,0.7226611703343314,0.9167713028988229,1.113054723451437,0.050710636059478224,1.0068203147122412
9.617497998669453,1.4069091844660906,0.1787609576729198,0.7217226284089159,0.9165726919386193,1.1128963243250107,0.05016169734089159,1.0066228616265989
9.627505244844793,1.408674480045221,0.1740439254580335,0.7208034717600819,0.9163718489332668,1.112737223545276,0.049628373548135,1.0064263385455618
9.637591731788442,1.4104060300177375,0.16929802197358515,0.7199037667222066,0.9161687163686666,1.1125773489285187,0.049110360947492174,1.0062306501304161
9.647761100686804,1.4121033899722442,0.1645215131243835,0.7190235963373122,0.915963231727493,1.1124166229167873,0.048607373792926255,1.0060356980044012
9.658017264714285,1.4137660817582067,0.15971253908086389,0.7181630615520477,0.9157553269492374,1.1122549620632602,0.04811914433289954,1.0058413802902242
9.66836444002059,1.415393590437236,0.15486910008432878,0.7173222825861587,0.9155449278104055,1.112092276438313,0.04764542290787583,1.0056475910852694
9.678807181490471,1.4169853608245337,0.14998904006021768,0.7165014004939315,0.9153319532080337,1.1119284689405904,0.04718597814490635,1.005454219861022
9.689350424170536,1.4185407935409688,0.14507002763023802,0.7157005789560029,0.9151163143283308,1.1117634344957779,0.04674059726383842,1.005261150772584
9.699999531519428,1.4200592404863344,0.14010953399388604,0.7149200063431845,0.9148979136769244,1.1115970591208695,0.04630908651082339,1.0050682618598648
9.710760351924314,1.4215399996228328,0.13510480701878058,0.7141598981039935,0.9146766439413447,1.1114292188262413,0.04589127173890095,1.0048754241175073
9.721639285281865,1.4229823089279878,0.13005284071682863,0.713420499541603,0.9144523866491279,1.1112597783209983,0.04548699916127754,1.0046825004050262
9.732643362001758,1.4243853393500032,0.12495033902663127,0.7127020890576781,0.9142250105734759,1.1110885894766687,0.04509613630693374,1.0044893441596952
9.743780337328827,1.4257481865363664,0.11979367257728812,0.712004981970262,0.913994369827436,1.1109154894936288,0.04471857322128174,1.004295797866394
9.755058804942218,1.4270698610688655,0.11457882662172063,0.7113295350292425,0.9137603015658099,1.1107402986952082,0.04435422395929565,1.004101691221617
9.766488334739243,1.4283492768240598,0.10930133789508675,0.710676151807443,0.9135226231946465,1.1105628178555136,0.04400302844256633,1.003906838914219
9.778079641689606,1.4295852370059041,0.10395621724758111,0.710045289177089,0.9132811289476156,1.1103828249308392,0.04366495476128962,1.0037110379138843
9.78984479461272,1.430776417200655,0.09853785400352964,0.7094374651745677,0.9130355856483893,1.1102000710261997,0.04334000204208685,1.0035140641277884
9.80179747741201,1.4319213446306118,0.09303989631411157,0.7088532686348185,0.9127857274026511,1.1100142753605913,0.04302820403018527,1.0033156682275506
9.813953319685332,1.4330183724304848,0.08745509976836405,0.7082933711421311,0.9125312488736291,1.1098251189108674,0.0427296336025792,1.0031155703800385
9.826330321090968,1.4340656473607187,0.08177513311605931,0.7077585420317077,0.9122717966419878,1.1096322362756044,0.04244440849913062,1.0029134534979571
9.838949404269636,1.435061068673744,0.07599032519500956,0.7072496675006658,0.9120069579372816,1.1094352051045282,0.04217269868715488,1.002708954462791
9.85183514768042,1.436002234831243,0.07008932958955622,0.7067677753573508,0.9117362456884788,1.1092335321298812,0.04191473595759414,1.0025016525126524
9.865016775975654,1.436886373165346,0.06405867154599863,0.7063140676792139,0.9114590783019455,1.1090266343463155,0.04167082663867171,1.0022910535755511
9.87852952880175,1.4377102449858554,0.05788212190718814,0.705889964844836,0.9111747516869383,1.1088138130808338,0.04144136877512026,1.0020765686502624
9.892416601578462,1.4384700142280822,0.05153980963575636,0.7054971664408587,0.9108823995564427,1.1085942173415055,0.04122687591065791,1.0018574831984208
9.906731982091866,1.4391610601282667,0.045006924987103916,0.7051377380496883,0.9105809353541828,1.1083667904160586,0.04102801095997916,1.0016329124704506
9.921544746243734,1.4397777002662628,0.03825175600370118,0.7048142394469751,0.9102689642371704,1.1081301892449713,0.04084563617413366,1.0014017339378876
9.936945848537823,1.4403127628674965,0.031232585326943285,0.7045299223820838,0.9099446438367111,1.107882657338987,0.040680890066645714,1.001162480611753
9.953059429611008,1.4407568896730822,0.023892523683413106,0.7042890526490506,0.9096054522396716,1.1076218137141045,0.040535312386198584,1.000913163581314
9.970062895614037,1.4410973194179224,0.01615033678407692,0.7040974716737084,0.9092477757530908,1.1073442788870278,0.04041106157167024,1.000650957155492
9.988225538718638,1.4413155692046917,0.007882803494250638,0.7039636664861672,0.9088661157606586,1.1070449563575766,0.04031132875096103,1.000371593596915
10.007990290781885,1.4413824735813585,-0.0011126301398554986,0.7039010607351897,0.9084514100876641,1.1067155101004602,0.04024122699280411,1.0000680817896945
10.030161690972683,1.4412459406561364,-0.01120374991026399,0.7039336917461425,0.9079871804778128,1.1063408370190149,0.04021002786375462,0.999727756103489
10.056198253589049,1.440799927829547,-0.023057697351954707,0.7041108924454055,0.9074436439341302,1.105893196048926,0.04023736796835149,0.9993276132408685
10.07675356296679,1.4402297432779188,-0.03242133652530506,0.7043568934723048,0.907016010419353,1.1055332650431695,0.04030794474734954,0.9990107330135876
10.09730887234453,1.4394670208290068,-0.04179165944847954,0.7046967563110403,0.9065898858972536,1.1051670868798937,0.04042209833534147,0.9986925880254385
10.114313301684343,1.4386904260663929,-0.049549704365396754,0.7050490551526566,0.906238648617749,1.1048589022735824,0.04054981813476364,0.9984279938597006
10.131317731024154,1.437781852361071,-0.05731473124996625,0.7054660270331319,0.9058886808122398,1.1045457634209292,0.04070807051384873,0.9981619941302212
10.14778256500047,1.4367762262164399,-0.06484103560903476,0.7059316420556658,0.9055511295329488,1.1042374556740822,0.04089082413495715,0.9979027925201697
10.16330076865288,1.435714919661482,-0.07194244143353247,0.7064264703456201,0.9052342552617222,1.1039419682808032,0.04109010315639668,0.9976567817683626
10.178161809452066,1.434595198897628,-0.0787510142970692,0.7069515240588398,0.9049320326411,1.1036542931162605,0.041305977124772006,0.9974194615171116
10.192520085153893,1.4334171962653093,-0.08533727983969133,0.7075066271840662,0.9046412492460432,1.103371742608619,0.04153825781398307,0.9971883941291554
10.206440279119128,1.4321847952072109,-0.09173076182979943,0.7080899052230518,0.9043605404661479,1.103093262305755,0.04178614859828589,0.9969625509350082
10.219978802584794,1.4309007570472259,-0.09795723559670075,0.7087000432414562,0.9040887218365841,1.1028179060716794,0.04204913315705433,0.9967410287802169
10.233182787721045,1.429567193700977,-0.10403826144007856,0.7093360575845934,0.9038248072432924,1.1025448642149824,0.04232687306043939,0.9965230650995281
10.246090079108999,1.4281859329132194,-0.10999116902411246,0.709997117529421,0.9035680063350542,1.1022734751704155,0.04261912468357057,0.996308040121731
10.258731707020864,1.426758567395183,-0.11583018374991852,0.7106825178335309,0.9033176725219016,1.1020031850371874,0.04292572193365249,0.9960954387268339
10.27113354452161,1.425286494790251,-0.12156718141496331,0.7113916569508529,0.9030732681031874,1.1017335205706762,0.043246563264516084,0.9958848248400602
10.283317443951171,1.4237709523805753,-0.12721220559683766,0.7121240185483841,0.9028343403031146,1.1014640708542036,0.043581601237018354,0.9956758238924851
10.295302073214355,1.4222130431977003,-0.13277384842662066,0.712879157651086,0.9026005036404534,1.1011944737916195,0.0439308348385678,0.9954681098963144
10.307103542035547,1.4206137561876,-0.13825953576847697,0.7136566899914591,0.9023714267287722,1.100924405975493,0.04429430372250986,0.9952613957501947
10.318735878035316,1.418973982201521,-0.14367574403390596,0.7144562836121302,0.9021468222429168,1.1006535749732889,0.04467208380590925,0.9950554258565509
10.330211394515244,1.417294526851629,-0.1490281676955147,0.7152776521543771,0.9019264391690313,1.1003817133536167,0.04506428388087557,0.9948499704063426
10.3415409782155,1.4155761210428013,-0.15432185035962043,0.7161205493954335,0.9017100567414567,1.1001085739992196,0.04547104298048511,0.9946448208973462
10.352734317551725,1.4138194296736932,-0.1595612887341963,0.7169847647648597,0.9014974796347068,1.099833926373604,0.04589252833528357,0.9944397865697722
10.363800085650926,1.4120250589139298,-0.16475051600904309,0.717870119620828,0.9012885341084543,1.0995575535109086,0.04632893379132344,0.99423469153895
10.374746088625894,1.410193562357678,-0.16989316939945198,0.7187764641247685,0.9010830648853223,1.0992792495610388,0.04678047859516499,0.9940293724644516
10.385579387011857,1.4083254462429096,-0.17499254546310197,0.7197036746112071,0.9008809325948697,1.0989988177605234,0.04724740648456698,0.9938236766329278
10.396306395946453,1.4064211739364643,-0.18005164572851853,0.7206516513468856,0.9006820116657086,1.0987160687406416,0.04772998502549939,0.9936174603691275
10.406932968564771,1.404481169800389,-0.185073214672347,0.7216203166167928,0.9004861885717136,1.0984308190997925,0.04822850515977738,0.9934105877057909
10.417464465938252,1.4025058225450027,-0.19005977156098952,0.7226096130810543,0.9002933603621384,1.0981428901863808,0.04874328093251283,0.993202929260994
10.427905816150009,1.4004954881492826,-0.19501363733730573,0.7236195023598863,0.9001034334210334,1.0978521070501743,0.0492746493764284,0.9929943612827997
10.438261564457076,1.3984504924277463,-0.19993695743927675,0.7246499638051109,0.8999163224146663,1.0975582975313118,0.049822970531438825,0.9927847648313246
10.448535916216667,1.3963711332814523,-0.20483172131583366,0.725700993437994,0.8997319493918445,1.0972612914587738,0.050388627589559615,0.9925740250718524
10.45873277376493,1.394257682691469,-0.20969977917958293,0.7267726030231205,0.8995502430118848,1.0969609199398414,0.05097202715043531,0.9923620306609008
10.4688557683171,1.3921103884800212,-0.21454285648420895,0.7278648192649263,0.8993711378778795,1.096657014722393,0.051573599582057844,0.9921486732083595
10.478908287647412,1.3899294758813676,-0.2193625664705104,0.7289776831051771,0.8991945739590995,1.096349407618333,0.05219379947708374,0.9919338468042082
10.488893500245172,1.3877151489413053,-0.22416042109862366,0.7301112491115053,0.8990204960879625,1.0960379299762493,0.05283310620174554,0.9917174475987989
10.49881437651688,1.3854675917601615,-0.22893784062648556,0.7312655849493481,0.898848853519673,1.0957224121934055,0.05349202453597615,0.9914993734276626
10.508673707388668,1.3831869696177472,-0.23369616199322685,0.7324407709175701,0.8986795995467415,1.095402683262378,0.05417108539671871,0.9912795234758122
10.518474120774268,1.3808734299747423,-0.23843664622131286,0.7336368995506064,0.8985126911589271,1.0950785703431478,0.05487084664925044,0.9910577979737581
10.52821809617201,1.3785271033730615,-0.24316048495598158,0.7348540752756689,0.8983480887429083,1.094749898356596,0.05559189400361827,0.9908340979212982
10.53790797763643,1.3761481042495634,-0.24786880625290622,0.7360924141177188,0.8981857558164615,1.094416489595325,0.056334841995714084,0.990608324835364
10.547545985372835,1.373736531665265,-0.25256267972754437,0.7373520434512457,0.898025658792053,1.0940781633467878,0.057100335056503464,0.9903803805177593
10.557134226125534,1.3712924699610558,-0.25724312114300774,0.7386331017933787,0.8978677667662176,1.0937347355256954,0.05788904867058677,0.9901501668401845
10.566674702487065,1.3688159893543337,-0.26191109649284067,0.7399357386310031,0.8977120513319257,1.093386018313694,0.05870169062428875,0.9899175855447536
10.576169321306478,1.366307146471457,-0.26656752566047376,0.7412601142847821,0.8975584864104017,1.0930318198020041,0.05953900235000165,0.989682538056804
10.585619901289181,1.3637659848263988,-0.27121328569607395,0.7426063998049297,0.8974070481003795,1.0926719436353278,0.06040176036901108,0.9894449253086962
10.595028179855802,1.3611925352585839,-0.27584921373948773,0.7439747768921248,0.897257714543234,1.0923061886559473,0.06129077783425228,0.9892046475737778
10.604395819413176,1.358586816315611,-0.28047610966048053,0.7453654378514105,0.8971104658011267,1.091934348543377,0.06220690618407966,0.9889616043074474
10.613724413037083,1.355948834604015,-0.28509473841242733,0.7467785855671183,0.8969652837478308,1.0915562114504347,0.0631510369059188,0.9887156939959831
10.623015489673605,1.353278585099649,-0.2897058321484775,0.7482144335035504,0.8968221519702215,1.0911715596322558,0.0641241034197473,0.9884668140110049
10.632270518900977,1.3505760514239769,-0.294310092117541,0.749673205728393,0.8966810556795088,1.0907801690670333,0.06512708308690981,0.9882148604690211
10.641490915299377,1.3478412060889968,-0.298908190360244,0.7511551369577116,0.8965419816312332,1.090381809066837,0.06616099935148528,0.9879597280953017
10.650678042476256,1.3450740107113783,-0.3035007712252567,0.7526604726225482,0.8964049180530793,1.08997624187663,0.06722692402281415,0.9877013100912483
10.659833216781978,1.3422744161983422,-0.3080884527200711,0.7541894689561015,0.896269854579794,1.0895632222599367,0.06832597970774604,0.9874394980047178
10.668957710728357,1.3394423629132064,-0.3126718276992427,0.7557423930975059,0.8961367821948437,1.089142497070429,0.06945934239964532,0.9871741816033507
10.678052756190752,1.3365777808062989,-0.31725146492719325,0.7573195232203802,0.8960056931774703,1.0887138048054774,0.07062824424070577,0.9869052487490003
10.687119547348024,1.3336805895344455,-0.3218279099893651,0.7589211486738231,0.895876581055689,1.0882768751431764,0.07183397646018316,0.9866325852748771
10.69615924345723,1.3307506985472564,-0.3264016860969686,0.7605475701481773,0.895749440563704,1.0878314284577468,0.07307789250992185,0.9863560748629644
10.705172971416403,1.3277880071622625,-0.33097329475833404,0.762199099853819,0.8956242676043183,1.0873771753146229,0.07436141140187447,0.9860755989233481
10.714161828194483,1.3247924046103854,-0.33554321635310247,0.7638760617236156,0.8955010592151315,1.0869138159404574,0.07568602127006155,0.9857910364734179
10.723126883090192,1.3217637700701237,-0.34011191058611173,0.7655787916292767,0.895379813538992,1.0864410396687536,0.07705328316513108,0.9855022640183915
10.732069179876243,1.3187019726775795,-0.34467981684548765,0.7673076376191891,0.895260529797861,1.0859585243570156,0.07846483510422796,0.9852091554317368
10.740989738820913,1.3156068715198028,-0.3492473544566537,0.7690629601740303,0.8951432082701544,1.085465935774293,0.07992239639160668,0.9849115818360245
10.749889558604746,1.3124783156100837,-0.35381492283673716,0.7708451324813888,0.8950278502712863,1.0849629269565622,0.08142777223072387,0.9846094114839784
10.758769618145177,1.3093161438449277,-0.3583829015510401,0.7726545407300314,0.8949144581372172,1.084449137527384,0.08298285864981111,0.9843025096396267
10.767630878332948,1.3061201849452035,-0.3629516502683348,0.7744915844229062,0.8948030352109394,1.0839241929816037,0.08458964776342012,0.9839907384597854
10.776474283704868,1.3028902573762147,-0.36752150862197835,0.7763566767124164,0.8946935858315793,1.0833877039284416,0.0862502333982658,0.9836739568754241
10.785300764045687,1.2996261692523632,-0.3720927959670991,0.7782502447552855,0.8945861153262151,1.0828392652918761,0.08796681710859638,0.9833520204735482
10.794111235925469,1.2963277182272481,-0.37666581103052443,0.7801727300870611,0.8944806300043344,1.082278455465301,0.08974171461086099,0.9830247813798572
10.802906604212062,1.2929946913571508,-0.3812408314668773,0.7821245890238677,0.894377137154475,1.0817048354150078,0.09157736267718311,0.9826920881412254
10.811687763518696,1.2896268649551597,-0.3858181132924091,0.7841062930820315,0.89427564504357,1.0811179477317205,0.09347632651460631,0.9823537856100092
10.820455599620283,1.286224004425979,-0.3903978902054974,0.7861183294219583,0.8941761629186226,1.0805173156245895,0.09544130767439787,0.9820097148295703
10.82921099085794,1.2827858640758447,-0.39498037279485465,0.7881612013202878,0.8940787010105473,1.0799024418524257,0.09747515253763595,0.9816597129209468
10.837954809508622,1.2793121869083601,-0.39956574761335983,0.7902354286646851,0.8939832705405117,1.079272807589459,0.09958086141780924,0.9813036129722942
10.846687923141886,1.2758027043997573,-0.404154176117965,0.7923415484758124,0.8938898837285933,1.078627871219584,0.10176159833508812,0.9809412439311345
10.85541119597232,1.2722571362518718,-0.40874579346811457,0.794480115458308,0.8937985538047479,1.0779670670534502,0.1040207015193199,0.9805724305000372
10.864125490207872,1.2686751901243651,-0.41334070716953814,0.7966517025806841,0.8937092950221888,1.077289803962875,0.10636169470210885,0.9801969930367984
10.872831667401513,1.2650565613448226,-0.4179389955527369,0.798856901685819,0.8936221226732058,1.0765954639261095,0.10878829926590208,0.9798147474600888
10.881530589813268,1.2614009325953848,-0.4225407060738033,0.8010963241337461,0.8935370531074792,1.0758834004768931,0.11130444732455294,0.9794255051616592
10.890223121794254,1.2577079735725267,-0.42714585342598627,0.8033706014797616,0.8934541037529119,1.0751529370492912,0.11391429581857128,0.9790290729262192
10.89891013118069,1.2539773406265513,-0.43175441743604487,0.8056803861847963,0.8933732931392558,1.0744033652115805,0.1166222417093288,0.9786252528613554
10.907592490738178,1.250208676365181,-0.4363663407450598,0.8080263523686826,0.8932946409243177,1.0736339427773895,0.11943293838095867,0.9782138423377466
10.91627107962479,1.246401609236031,-0.4409815262330246,0.8104091965982979,0.8932181679232425,1.0728438917874883,0.12235131334727976,0.9777946339434674
10.924946784913889,1.2425557530719016,-0.4455998341822912,0.8128296387216464,0.893143896140709,1.0720323963486464,0.12538258739412064,0.9773674154531938
10.933620503158687,1.238670706608141,-0.4502210791407347,0.8152884227433158,0.8930718488064431,1.071198600320082,0.12853229528140137,0.976931969816214
10.942293142030067,1.2347460529598182,-0.45484502646847974,0.8177863177502284,0.8930020504140396,1.0703416048325471,0.13180630815937225,0.9764880751652297
10.950965622016248,1.2307813590653638,-0.45947138852545644,0.8203241188848008,0.8929345267634885,1.0694604656278648,0.13521085785426304,0.9760355048505046
10.959638878213102,1.2267761750855453,-0.4640998204742155,0.8229026483739204,0.8928693050074946,1.0685541902016171,0.1387525632101443,0.9755740275024698
10.968313862197414,1.2227300337631528,-0.4687299156481935,0.8255227566117316,0.8928064137020173,1.0676217347338126,0.14243845867969251,0.9751034071284006
10.976991544014206,1.2186424497312527,-0.47336120045086777,0.8281853233054927,0.8927458828611916,1.066662000786853,0.14627602539333184,0.9746234032475009
10.985672914281851,1.214512918770413,-0.4779931287304735,0.8308912586858506,0.8926877440170623,1.0656738317510581,0.15027322495043852,0.9741337710709962
10.994358986421762,1.2103409170144157,-0.48262507556954154,0.8336415047834197,0.8926320302845707,1.0646560090158754,0.15443853620405648,0.9736342617346936
11.003050799049443,1.2061259000899116,-0.48725633043652383,0.8364370367828574,0.8925787764320997,1.0636072478392768,0.1587809953556556,0.9731246225909147
11.011749418526202,1.2018673021934851,-0.49188608961760716,0.8392788644539683,0.8925280189582049,1.0625261928895542,0.16331023969496453,0.9726045975700953
11.020455941705182,1.197564535093619,-0.49651344785469,0.8421680336699291,0.8924797961750073,1.0614114134270385,0.16803655537567,0.9720739276219017
11.029171498876105,1.1932169870597045,-0.5011373890878844,0.8451056280130895,0.8924341482989887,1.0602613980936926,0.1729709296483001,0.9715323512491534
11.03789725696935,1.1888240216930388,-0.5057567762170165,0.848092770487152,0.8923911175497112,1.0590745492679758,0.1781251080533384,0.9709796051465122
11.046634423012238,1.1843849766687193,-0.5103703397446363,0.8511306253318981,0.8923507482574816,1.057849176946904,0.18351165710029876,0.9704154249622436
11.055384247887668,1.1798991623699733,-0.5149766651751733,0.8542203999550299,0.8923130869807793,1.056583492105701,0.1891440330556076,0.9698395462006916
11.064148030432435,1.1753658604034682,-0.519574179016725,0.8573633469912209,0.8922781826345008,1.0552755994818672,0.19503665753305902,0.9692517052869863
11.072927121924122,1.1707843219792065,-0.5241611332133517,0.8605607665020346,0.8922460866301973,1.0539234897230532,0.20120500067642935,0.9686516408183908
11.081722930990841,1.1661537661475074,-0.5287355877993097,0.8638140083243405,0.8922168530297347,1.0525250308339544,0.20766567281496381,0.9680390950320554
11.090536929016075,1.1614733778674775,-0.5332953915530523,0.8671244745875399,0.8921905387138769,1.05107795884443,0.2144365256143542,0.9674138155214224
11.099370656100591,1.1567423058883084,-0.5378381603839629,0.8704936224154008,0.892167203567617,1.0495798676140062,0.22153676387527485,0.9667755572401332
11.108225727648284,1.1519596604245446,-0.5423612531412485,0.8739229668285343,0.8921469106843586,1.0480281976777308,0.2289870692901005,0.9661240848389678
11.117103841690035,1.147124510583791,-0.5468617445041851,0.8774140838799581,0.8921297265912862,1.0464202240193226,0.23680973768838906,0.9654591753862293
11.126006787020923,1.1422358815291906,-0.5513363945284083,0.8809686140395384,0.8921157214988028,1.0447530426512552,0.24502883148357418,0.9647806215344872
11.13493645228981,1.1372927513287132,-0.5557816143790774,0.8845882658650022,0.8921049695772456,1.043023555855885,0.25367034933315163,0.9640882352036116
11.143894836188965,1.1322940474428802,-0.560193427694314,0.8882748199982043,0.8920975492647091,1.0412284559224843,0.2627624153282163,0.9633818518630575
11.152884058910304,1.1272386427977967,-0.5645674269222426,0.8920301335293686,0.8920935436104905,1.0393642071914322,0.27233549039131244,0.9626613355114202
11.161906375066405,1.122125351380051,-0.5688987238589379,0.895856144780182,0.8920930406594838,1.0374270261873995,0.28242260899971433,0.9619265844686309
11.170964188325671,1.1169529232699886,-0.5731818934804197,0.8997548785723258,0.892096133883834,1.0354128595854422,0.2930596448904286,0.9611775381159409
11.180060068072333,1.1117200390056965,-0.5774109099971024,0.903728452067455,0.8921029226694299,1.033317359707803,0.3042856100563335,0.9604141847426559
11.18919676840831,1.1064253031798004,-0.5815790738254524,0.9077790812587515,0.8921135128663137,1.0311358572090106,0.3161429920492877,0.9596365706930383
11.198377249973868,1.1010672370965027,-0.5856789279556426,0.9119090882525308,0.8921280174140124,1.0288633305245887,0.32867813564263215,0.958844811036393
11.207604705086842,1.0956442703235303,-0.5897021618428713,0.9161209094760024,0.892146557055158,1.0264943715958992,0.3419416759744151,0.9580391020337509
11.216882586876991,1.0901547308978419,-0.5936395005810954,0.92041710500891,0.8921692611538189,1.0240231472728853,0.355989031788373,0.9572197357244341
11.226214643220237,1.0845968339025436,-0.5974805766093952,0.9248003692740767,0.8921962686387909,1.0214433556794493,0.3708809691385015,0.9563871170253546
11.235604956503925,1.0789686680427832,-0.6012137805844363,0.9292735433985646,0.8922277290970899,1.0187481766631101,0.38668424820407343,0.9555417838172064
11.24505799052059,1.0732681797468366,-0.6048260872509102,0.933839629646575,0.892263804049352,1.015930215247693,0.40347236873026093,0.9546844305959499
11.254578646139487,1.0674931541826758,-0.6083028511080738,0.9385018084459261,0.8923046684473132,1.0129814367440986,0.4213264332980269,0.9538159363994915
11.264172327920118,1.0616411923688494,-0.6116275653382179,0.9432634587171923,0.8923505124449855,1.0098930918124598,0.44033615251834574,0.9529373978830484
11.273845024443064,1.055709683319968,-0.6147815756709216,0.9481281824325135,0.8924015435102445,1.0066556293091296,0.4606010225646064,0.9520501686346773
11.283603406082328,1.0496957697679272,-0.617743738500458,0.9530998346912802,0.8924579889645861,1.0032585940930994,0.4822317141318099,0.9511559060969704
11.293454945166754,1.0435963054955053,-0.6204900093382347,0.9581825610650436,0.8925200990676035,0.9996905060831236,0.5053517235717763,0.9502566278319889
11.3034080653187,1.0374078015273944,-0.6229929432531135,0.9633808446922477,0.8925881508038525,0.9959387155747947,0.5300993533764032,0.9493547793549556
11.313472329331583,1.0311263573151417,-0.6252210827000203,0.9686995666360751,0.8926624525884713,0.9919892280051923,0.5566301123183984,0.9484533164365129
11.323658678814512,1.0247475713482055,-0.6271381991942512,0.9741440846111621,0.8927433501944073,0.9878264886419097,0.585119659288372,0.947555805706556
11.333979744695423,1.018266422994443,-0.6287023421682213,0.9797203376540525,0.8928312343342595,0.9834331135602109,0.6157674651693921,0.9466665487211291
11.34445025672585,1.0116771132595546,-0.6298646285791748,0.9854349881966454,0.8929265505301603,0.9787895468889465,0.6488014440261627,0.9457907366026681
11.355087594752115,1.0049728453827376,-0.6305676761967344,0.9912956194127404,0.8930298122247563,0.9738736139959548,0.6844839269684487,0.9449346452932043
11.36591254871,0.9981455148128394,-0.6307435342927263,0.9973110165102945,0.8931416186121944,0.9686599231278639,0.7231195522866899,0.9441058860437465
11.37695039607985,0.9911852581629647,-0.6303108832536194,1.0034915796303072,0.8932626795689392,0.9631190382453776,0.7650659880661426,0.9433137332274542
11.38823248341749,0.9840797726731297,-0.6291711304185174,1.0098499522343634,0.8933938517087172,0.9572162904123446,0.8107490281010115,0.9425695641812113
11.399798636119707,0.9768132510910037,-0.6272027631635954,1.0164020127610731,0.8935361925778368,0.9509099944330052,0.860684744195426,0.9418874694092473
11.411701028484396,0.9693646218725963,-0.6242527916095798,1.0231685249195017,0.8936910463704246,0.9441486169720057,0.9155138021527436,0.9412851354900795
11.424010805530076,0.961704451722797,-0.6201229710911591,1.0301780603202026,0.8938601883447139,0.9368659611554659,0.9760583313169471,0.9407851981716141
11.436830398768437,0.9537890221308494,-0.6145457481616704,1.0374726148842972,0.8940460892405414,0.9289722260653368,1.0434248303384543,0.9404174864926486
11.450319233255824,0.9455476262114398,-0.6071372272249366,1.0451196953939295,0.8942524583869267,0.9203353122130817,1.1192140639290566,0.9402231873846792
11.464757309895626,0.9368503350305661,-0.5972882749254972,1.0532430532355554,0.8944855652501854,0.9107343953014768,1.2060304640807837,0.9402640021794075
11.480752827710026,0.9274002946234519,-0.5838308291308294,1.062125470780677,0.8947584872228861,0.8997075667764782,1.3091205596970987,0.9406488660685404
11.500364876415315,0.9161439303389649,-0.5632947197570795,1.0727719952667951,0.895113911803827,0.8857230657823845,1.4451910112446056,0.9416698603286066
11.515943640559426,0.907518448626375,-0.5435072669947757,1.0809716307349804,0.8954122547560999,0.8743560342147252,1.5603621333998625,0.942956644133239
11.531522404703537,0.8992268975411903,-0.5203871679112001,1.0888825582049955,0.8957243874086257,0.8628837928791332,1.6810045318646447,0.9446958667776844
11.546252389216253,0.891742599313607,-0.4952704285400526,1.0960450643068707,0.896031774653076,0.8520703853786723,1.799095105152593,0.9467728573560643
11.560457316777471,0.8848979318985094,-0.4679096352990184,1.1026138668042582,0.8963390271469074,0.841814516821715,1.9154529025770999,0.9491783553972535
11.574372088603907,0.8785914141119326,-0.4380260504286586,1.1086853674234303,0.8966497977950652,0.8320834690401714,2.0303594239408804,0.9519110645302423
11.588130327622006,0.8727856656470622,-0.40543535949576126,1.1142986347719739,0.8969660422790099,0.822932896476946,2.1432220342028248,0.954961810249534
11.60182147568971,0.8674739288329545,-0.3700075922485972,1.1194672935625127,0.8972889784111228,0.8144696156433507,2.2529188523709487,0.9583145393161105
11.615507670466663,0.8626689941661901,-0.33167267102890613,1.1241902192219306,0.8976193211509673,0.8068409656852629,2.357887414371202,0.9619456105538569
11.62922477110476,0.8583990006166903,-0.29045523838843335,1.128455447799985,0.897957202697109,0.800230952949924,2.4561409639954115,0.9658219540544727
11.642969748839986,0.854705586553467,-0.24655177267572712,1.1322410317338092,0.898301770450061,0.7948552080343987,2.545273324462571,0.9698970196772159
11.65667257725786,0.8516404176842209,-0.2004672965780574,1.1355155859924044,0.8986503844265329,0.7909436573068093,2.6225403511167187,0.9741033266878002
11.670164606286523,0.8492528431162296,-0.15316978075497661,1.138244402748216,0.8989977176961733,0.7886925343106457,2.685218878199584,0.9783451686995395
11.683190326678178,0.8475631536597125,-0.10606575369650204,1.1404080295741406,0.8993360260034702,0.7881816928272013,2.731425922713264,0.9825061158158075
11.695487012134848,0.8465373238619897,-0.060659349559365465,1.1420236171521387,0.8996573112724944,0.7893113961835437,2.7609748694667826,0.9864777435118677
11.705644841902888,0.8461136026158782,-0.022723636124315,1.1430440395021269,0.8999235844685569,0.7914828024886778,2.7745176006597276,0.9897862823057828
11.714283496983848,0.8460571971669523,0.009673132281055,1.1436870927312865,0.900150321312471,0.7942342448130822,2.7780965083698312,0.9926204711687572
11.722916024160885,0.8462804241417993,0.042030809240598724,1.1441220400317738,0.9003768886916107,0.7978229554683292,2.7743334361594383,0.9954740035374401
11.732346291736555,0.8468428431604192,0.07720514741314682,1.1443579876129613,0.9006240808055996,0.8026996772014767,2.7619009038645905,0.9986197998677881
11.742779222762314,0.8478496455416263,0.11571053160799999,1.1443246765921669,0.9008967829461024,0.8092388863322632,2.7382579972240455,1.0021407974214414
11.754001715809283,0.849377383787883,0.15640728856155828,1.1439382890418281,0.9011887187390415,0.8175663851563647,2.7017284499725465,1.005982591637983
11.765903081794365,0.8514903967488536,0.19846878047320682,1.1431237987239358,0.9014961212952404,0.8277727872103121,2.6512675312379907,1.01012226161308
11.778432386136233,0.8542467369385419,0.2412304135824362,1.1418061305124303,0.9018166033776372,0.8399044709706278,2.58635450440313,1.014549474313878
11.791565559122873,0.8576985881838673,0.2840782695604178,1.1399067598744839,0.9021482814202659,0.8539415988885445,2.5070108685610313,1.0192485258557933
11.805228831266234,0.8618709300756335,0.3262259972891275,1.1373567934544475,0.9024878564851353,0.8697064900869536,2.4142722311141993,1.0241630641896782
11.819121047192686,0.8666846611217707,0.3663020826876309,1.1341567728473614,0.9028264750073948,0.8866238439954652,2.311660092302684,1.029127468826187
11.832714538873075,0.8719142624889803,0.40264123587376877,1.1304325045280006,0.9031504778856793,0.9037096704943034,2.2054138318049827,1.0338800866253712
11.845725496744956,0.8773643268622346,0.4346713056043827,1.1263258726497214,0.9034530777642823,0.9202550898535389,2.1002791792940503,1.03825749879759
11.858195332366579,0.8829626736374788,0.46281403791182396,1.1219065916947677,0.903735598661698,0.9360376338588574,1.9979536658306407,1.0422292370560358
11.870253164186463,0.8886953228089748,0.4876596608397583,1.1172023464101088,0.9040013249391877,0.9510276320795564,1.8988210827453462,1.0458069771461354
11.88202006541598,0.8945653509976569,0.5097002229974874,1.1122258054638556,0.9042531664979746,0.9652399301010423,1.8029078632777764,1.0490067234187157
11.893598542860634,0.9005824271819979,0.5293186914017393,1.1069825385009993,0.9044934321847177,0.9787001881366932,1.7101275577074628,1.0518429250937702
11.90507844826735,0.906761209746895,0.5468153232690579,1.1014724618328742,0.9047239792858218,0.9914390910854014,1.6203350932217053,1.0543286912990317
11.916544622021288,0.91312234744496,0.5624306140203142,1.09568903555659,0.9049463800080094,1.0034922249494693,1.5333340071440151,1.056476403168924
11.928085233637132,0.9196952045553342,0.5763618757923545,1.0896167925555906,0.905162073437791,1.0149016722391098,1.4488641605091712,1.0582979210661159
11.939803022875575,0.9265232745642324,0.5887755853395051,1.0832262621662196,0.9053725338749778,1.0257194683836703,1.366568099218074,1.0598043314671108
11.951835142466019,0.9336756003750373,0.5998183585766751,1.0764631313290784,0.9055795305066124,1.0360153413142528,1.285913379607958,1.0610051451436233
11.964398776524376,0.9412749141481657,0.6096318130532918,1.0692214018371398,0.905785695067403,1.0458969423682558,1.2059921947766377,1.0619064676090941
11.977935711182608,0.9495887851052063,0.6183915146434218,1.0612561948427677,0.9059963224865747,1.0555789143058056,1.1248501997506664,1.0625060428502917
11.993969552726474,0.9595724270180972,0.6265481566162495,1.0516633900463979,0.9062302765353967,1.06581446837382,1.0353653374166052,1.0627695552780985
12.006612921375831,0.9675263942478908,0.6314414100704283,1.0440196752885886,0.9064028761343477,1.073002005167334,0.9697532708309907,1.0626771317336996
12.019256290025188,0.9755343474661005,0.6351070787947831,1.0363384204619424,0.9065650252165655,1.0794664510244112,0.9083565673416449,1.0623554626561345
12.031025546011234,0.9830241542002385,0.637513736444891,1.0291777882307436,0.9067066204423906,1.084881133639974,0.8548439594326629,1.061877416219243
12.042087628394114,0.9900851206508903,0.6389688411235258,1.0224557400770822,0.9068315522178079,1.089480242103963,0.8076061117819343,1.0612928290717603
12.052679435622576,0.9968573339031775,0.6396908661292231,1.0160403224925691,0.9069438284750957,1.0934719929791643,0.7650275990841319,1.0606275535896612
12.062920979230682,1.0034098557128306,0.639815649162245,1.0098669414177552,0.9070456231847871,1.0969772628175662,0.7262071098958488,1.0599002475253945
12.072886441794022,1.0097844306233161,0.6394393866913112,1.0038966380286336,0.9071383505510627,1.1000785341279393,0.6905437857061051,1.059125059285756
12.082626344069507,1.0160089260251164,0.6386348842345982,0.9981033382073773,0.9072230178366963,1.1028367268609973,0.6576002872591551,1.0583130829008132
12.092177308512342,1.0221031847642934,0.6374595982258734,0.9924683386994619,0.9073003855996643,1.1052991025311631,0.6270401561922154,1.0574732078972684
12.101567073181114,1.0280819970235853,0.6359601986358014,0.9869775291990278,0.9073710522083895,1.107503570010752,0.598594505539256,1.0566126635636024
12.110817345130341,1.0339567729018606,0.6341754021005606,0.9816198424031017,0.9074355030881572,1.1094812752019692,0.572042428242905,1.0557373905060627
12.1199455484463,1.0397365558162985,0.632137848349228,0.9763863236064283,0.9074941415399019,1.1112582732482068,0.5471986059970978,1.054852306523096
12.128965956693866,1.0454286718676942,0.6298754048504629,0.9712695403322588,0.9075473090974779,1.1128566678804097,0.5239050267097501,1.0539615037633439
12.13789045950776,1.0510391646550905,0.6274121090036202,0.9662631910077841,0.9075952995570838,1.114295420984289,0.5020252015445558,1.0530683990403158
12.146729100279906,1.0565730969699794,0.6247688696376708,0.9613618362275398,0.9076383689826321,1.1155909475422363,0.4814399819620575,1.0521758509842185
12.155490464544492,1.0620347663857976,0.6219640025296841,0.956560708680434,0.9076767430460697,1.1167575650610402,0.4620444442577032,1.0512862529807065
12.16418196752841,1.0674278631775986,0.6190136478381449,0.9518555753188981,0.9077106225420626,1.1178078409293826,0.4437455114317051,1.050401607979615
12.172810071583392,1.072755588472413,0.615932101286347,0.947242635235042,0.9077401876160199,1.1187528661001052,0.4264600994839007,1.0495235894384847
12.181380453619624,1.0780207442769258,0.612732080919091,0.942718442553673,0.907765601062968,1.1196024742774222,0.41011364623334573,1.0486535914730146
12.189898136095335,1.0832258031757993,0.6094249447960912,0.9382798472369873,0.9077870109411342,1.1203654199373816,0.3946389253579665,1.04779277047944
12.1983675909472,1.0883729630611807,0.6060208706799695,0.9339239489493041,0.9078045526707545,1.1210495246774337,0.37997507720025087,1.0469420799297156
12.20679282308161,1.0934641906487799,0.6025290058468818,0.9296480606086833,0.9078183507398135,1.121661798805955,0.3660668071586138,1.0461022996412208
12.215177438182662,1.0985012564598242,0.5989575931043087,0.9254496792375466,0.907828520105268,1.1222085432988573,0.35286371563630375,1.045274060532602
12.223524698355039,1.1034857632391177,0.5953140776254501,0.9213264623718531,0.9078351673553421,1.1226954359954835,0.34031973262020504,1.0444578656579557
12.231837568180552,1.1084191692416883,0.5916051981688588,0.9172762087734914,0.9078383916820862,1.1231276049979957,0.32839263655515,1.0436541081537112
12.240118753158498,1.1133028074763844,0.5878370654590375,0.9132968425009476,0.9078382857017171,1.1235096915791332,0.31704364184308076,1.042863086605528
12.248370732041455,1.1181379017359285,0.584015229916535,0.9093863996249539,0.9078349361516376,1.123845904411056,0.30623704276282376,1.042085018246233
12.256595784214118,1.1229255800378497,0.5801447404933345,0.9055430170567831,0.9078284244866556,1.1241400665558585,0.29593990422719174,1.0413200503229918
12.264796013018781,1.1276668859651426,0.5762301960251992,0.9017649230763398,0.9078188273921591,1.1243956563758497,0.28612179173213104,1.0405682699114778
12.272973365756151,1.1323627882988383,0.572275790240594,0.898050429232358,0.907806217228351,1.1246158433031934,0.2767545343297377,1.0398297124058478
12.28112965091623,1.1370141892377874,0.5682853513718259,0.8943979233699351,0.9077906624168685,1.1248035192363073,0.26781201565071955,1.0391043688777486
12.289266553111954,1.1416219314569274,0.5642623771356565,0.8908058635795193,0.9077722277789179,1.1249613261963645,0.25926998887029074,1.0383921924637571
12.297385646072643,1.146186804191278,0.5602100657332412,0.8872727729150948,0.9077509748323891,1.125091680768767,0.25110591226020884,1.0376931039179111
12.305488404000139,1.150709548504173,0.5561313434070512,0.8837972347539009,0.9077269620540687,1.1251967957685025,0.24329880252097535,1.0370069964437498
12.313576211547785,1.1551908618752547,0.5520288890010262,0.8803778886897902,0.9077002451119562,1.1252786994983472,0.23582910353635528,1.0363337399021482
12.321650372605198,1.1596314022015606,0.5479051559173889,0.8770134268862125,0.9076708770719316,1.1253392529112045,0.22867856859643257,1.0356731844797273
12.32971211807285,1.164031791306673,0.5437623917883257,0.8737025908144148,0.9076389085822351,1.1253801649415733,0.22183015440155002,1.035025163887571
12.337762612773027,1.1683926180324578,0.5396026561377374,0.8704441683190507,0.9076043880386675,1.125403006232014,0.21526792541985942,1.0343894981507986
12.345802961591543,1.172714440960021,0.5354278362839688,0.867236990974942,0.9075673617330854,1.125409221448163,0.2089769674001315,1.0337659960433598
12.353834214978743,1.1769977908255593,0.5312396616743243,0.864079931684826,0.9075278739871814,1.1254001403491614,0.20294330896712912,1.033154457210958
12.361857373879923,1.1812431726651935,0.5270397168364035,0.8609719024921081,0.9074859672733899,1.1253769877574549,0.19715385040732944,1.0325546740224425
12.369873394162118,1.185451067721699,0.5228294531031873,0.8579118525835443,0.9074416823244829,1.125340892552905,0.19159629886276544,1.0319664331838911
12.377883190614961,1.1896219351518933,0.5186101992376724,0.8548987664527896,0.9073950582330857,1.125292895799885,0.1862591092372961,1.031389517143626
12.385887640565368,1.1937562135533544,0.5143831710811689,0.8519316622106922,0.9073461325423107,1.1252339581022321,0.18113143022769695,1.0308237053147786
12.393887587154586,1.1978543223340992,0.5101494803264488,0.8490095900246192,0.9072949413284733,1.1251649662690992,0.17620305495290042,1.0302687751374795
12.401883842320045,1.2019166629456481,0.5059101425044128,0.8461316306715949,0.9072415192767247,1.1250867393645754,0.171464375718394,1.029724502999957
12.409877189522327,1.2059436199987266,0.501666084260525,0.8432968941910423,0.907185899750289,1.1250000342051414,0.16690634250581304,1.0291906650352085
12.417868386220436,1.2099355622621513,0.49741815000537043,0.8405045186361739,0.9071281148541324,1.1249055503618048,0.16252042484316231,1.0286670378099405
12.425858166160001,1.213892843576646,0.49316710798103985,0.8377536689010836,0.9070681954933696,1.1248039347166126,0.15829857671338735,1.02815339891629
12.433847241466978,1.217815803678744,0.4889136558145552,0.8350435356265398,0.9070061714271019,1.1246957856181368,0.154233204235067,1.0276495274798298
12.441836304578361,1.2217047689498304,0.4846584256013254,0.8323733341734023,0.9069420713180497,1.1245816566752496,0.1503171358547743,1.027155204593202
12.449826030025873,1.2255600530974695,0.4804019885632714,0.8297423036582171,0.9068759227783746,1.1244620602242188,0.14654359482556392,1.0266702136843533
12.457817076093836,1.2293819577787028,0.47614485931768336,0.8271497060438492,0.9068077524119833,1.1243374705003006,0.14290617376614426,1.026194340826885
12.46581008635122,1.233170773164764,0.471887499799115,0.8245948252850204,0.9067375858537289,1.1242083265419163,0.13939881112519442,1.0257273750002442
12.473805691091922,1.2369267784630282,0.4676303228540352,0.8220769665175031,0.9066654478055907,1.1240750348520347,0.1360157693770445,1.0252691083045358
12.48180450866744,1.2406502423881383,0.4633736955505945,0.8195954552959486,0.9065913620703012,1.1239379718395717,0.13275161481333242,1.024819336136948
12.489807146739413,1.2443414235949857,0.45911794221936547,0.8171496368712534,0.9065153515824839,1.1237974860605475,0.12960119878921447,1.0243778573334144
12.497814203467446,1.2480005710801476,0.4548633472442577,0.81473887550266,0.9064374384374172,1.1236539002769699,0.1265596403017195,1.023944474279445
12.505826268614749,1.2516279245432866,0.45061015763760304,0.812362553809748,0.9063576439178337,1.1235075133500612,0.12362230980138135,1.023518992995193
12.513843924601941,1.255223714722199,0.44635858540555606,0.8100200721547425,0.9062759885186878,1.123358601982078,0.12078481412885535,1.0231012231967558
12.521867747510175,1.258788163701477,0.44210880972335653,0.807710848054772,0.9061924919700697,1.123207422320013,0.1180429824893096,1.022690978336943
12.529898308028521,1.2623214851921842,0.437860978941358,0.8054343156252953,0.9061071732584973,1.1230542114332969,0.11539285338672814,1.02228807562864
12.537936172359608,1.2658238847885357,0.4336152124309071,0.8031899250503063,0.9060200506466137,1.122899188676114,0.11283066244043105,1.0218923360525456
12.545981903102538,1.2692955602094207,0.42937160227503013,0.8009771420738917,0.9059311416912247,1.1227425569438652,0.11035283101184197,1.0215035843506628
12.554036060084021,1.2727367015116458,0.42513021483291397,0.7987954475211391,0.9058404632601231,1.1225845038332263,0.10795595559052534,1.0211216490089563
12.562099201173186,1.276147491290056,0.42089109217181814,0.7966443368382283,0.905748031547443,1.1224252027132728,0.10563679787269453,1.020746362229215
12.570171883066292,1.2795281048580605,0.41665425338500767,0.7945233196554591,0.905653862087799,1.122264813715291,0.1033922754861536,1.0203775598923774
12.578254662056407,1.2828787104145676,0.41241969579806903,0.7924319193690064,0.9055579697691436,1.1221034846476854,0.1012194533108672,1.0200150815140037
12.586348094777753,1.286199469192553,0.408187396078418,0.7903696727440174,0.9054603688445527,1.1219413518423074,0.09911553535556945,1.0196587701936337
12.594452738942664,1.2894905355963169,0.4039573112471834,0.7883361295342338,0.9053610729428135,1.121778540937393,0.09707785714639058,1.0193084725582928
12.60256915407047,1.29275205732651,0.3997293796017236,0.7863308521183888,0.905260095077894,1.1216151676022128,0.09510387859215313,1.0189640387012069
12.610697902197519,1.2959841754880959,0.3955035215616,0.7843534151559777,0.9051574476574961,1.1214513382082745,0.09319117729594971,1.018625322117042
12.618839548590175,1.2991870246895987,0.3912796404332225,0.7824034052568791,0.9050531424904933,1.1212871504508795,0.09133744227712501,1.018292179633504
12.626994662457143,1.3023607331314484,0.3870576231011687,0.7804804206658709,0.9049471907933458,1.1211226939249668,0.08954046807690637,1.0179644713401608
12.635163817658203,1.305505422681668,0.3828373406532762,0.7785840709627652,0.9048396031955861,1.1209580506588621,0.0877981492225754,1.0176420605152334
12.64334759341665,1.308621208941166,0.37861864894084674,0.776713976776445,0.9047303897443297,1.120793295609013,0.08610847502471045,1.0173248135505828
12.651546575038738,1.3117082012991748,0.37440138907700937,0.7748697695121617,0.9046195599078117,1.120628497118621,0.08446952468494537,1.0170125998752533
12.659761354646683,1.3147665029805253,0.37018538787423433,0.7730510910907871,0.9045071225778969,1.120463717342776,0.08287946269278913,1.0167052918777773
12.667992531910764,1.3177962110785362,0.3659704582324766,0.7712575937034241,0.9043930860717957,1.1202990126428758,0.08133653449568297,1.0164027648281566
12.676240714812886,1.3207974165847667,0.36175639946504795,0.7694889395743775,0.9042774581325786,1.1201344339519812,0.07983906241870911,1.0161048967986541
12.684506520410334,1.323770204403045,0.3575429975817358,0.7677448007396863,0.904160245928944,1.1199700271138577,0.07838544182410617,1.0158115685848828
12.69279057563409,1.3267146533594636,0.35333002551475545,0.7660248588340061,0.9040414560537886,1.1198058331969494,0.07697413748938085,1.0155226636261925
12.701093518101871,1.3296308361999405,0.34911724330068983,0.7643288048905371,0.9039210945218809,1.1196418887854662,0.07560368019415441,1.015238067926335
12.70941599695862,1.3325188195788793,0.3449043982146613,0.7626563391516384,0.903799166766476,1.119478226249004,0.07427266350078836,1.0149576699741822
12.717758673744342,1.3353786640376495,0.34069122485936965,0.7610071708906033,0.9036756776348943,1.119314873992173,0.0729797407171776,1.0146813606646736
12.726122223311334,1.3382104239790806,0.3364774452002735,0.7593810182407852,0.9035506313827497,1.1191518566852499,0.07172362202757859,1.0144090332194828
12.734507334751088,1.3410141476228903,0.33226276856923187,0.7577776080405173,0.903424031667427,1.1189891954778863,0.07050307178770839,1.0141405831088686
12.742914712393135,1.3437898769617613,0.32804689160728695,0.7561966756822219,0.9032958815398953,1.1188269081958735,0.06931690596535732,1.013875907972822
12.751345076815497,1.346537647695979,0.3238294981789514,0.7546379649781422,0.9031661834357669,1.1186650095232085,0.06816398972708415,1.013614907543596
12.759799165937412,1.3492574891684324,0.31961025922433833,0.7531012280299854,0.9030349391645427,1.1185035111691384,0.06704323515288355,1.013357483567513
12.768277736150925,1.3519494242833983,0.31538883257274203,0.751586225111729,0.9029021498976977,1.1183424220219536,0.06595359907802419,1.0131035397275605
12.77678156350542,1.3546134694118772,0.31116486271217814,0.7500927245637204,0.902767816155405,1.1181817482900998,0.06489408105317399,1.0128529815664074
12.78531144498428,1.3572496342934484,0.30693798049699716,0.7486205026922588,0.9026319377912789,1.1180214936307138,0.06386372141182776,1.0126057164088251
12.793868199821686,1.3598579219156643,0.30270780282092974,0.7471693436850896,0.9024945139759504,1.1178616592672594,0.06286159944608083,1.0123616532851416
12.802452670922252,1.362438328387964,0.2984739322258235,0.7457390395330479,0.9023555431784841,1.1177022440958073,0.06188683167774997,1.0121207028540018
12.811065726358834,1.3649908427992201,0.2942359564597305,0.7443293899637304,0.9022150231460164,1.1175432447810472,0.06093857022340887,1.0118827773252832
12.81970826097241,1.367515447062904,0.28999344797385695,0.7429402023847448,0.9020729508812203,1.1173846558421492,0.06001600124633844,1.0116477903825682
12.828381198064235,1.3700121157433713,0.2857459633644685,0.7415712918398959,0.9019293226177482,1.1172264697292504,0.05911834349268649,1.011415657105594
12.837085491214431,1.3724808158694137,0.281493042744189,0.74022248097468,0.9017841337930812,1.1170686768903908,0.05824484690472688,1.0111862938918244
12.845822126223103,1.3749215067294442,0.2772342090458742,0.7388936000139685,0.9016373790188293,1.1169112658294664,0.05739479130877956,1.010959618377398
12.854592123184933,1.377334139646785,0.2729689672548727,0.7375844867524638,0.9014890520482868,1.1167542231554148,0.056567485173997685,1.0107355493572732
12.863396538723128,1.3797186577370957,0.2686968035582172,0.7362949865565748,0.9013391457407876,1.1165975336225615,0.0557622644372542,1.0105140067040308
12.872236468390769,1.3820749956442582,0.26441718440805306,0.7350249523794805,0.9011876520227021,1.1164411801623573,0.0549784913916001,1.0102949112852815
12.881113049245261,1.384403079250053,0.26012955549766137,0.7337742447916349,0.9010345618449555,1.1162851439067232,0.054215553636185215,1.0100781848796694
12.890027462648632,1.3867028253646552,0.2558333406257266,0.7325427320226625,0.9008798651361364,1.1161294042023784,0.05347286308184512,1.0098637500903251
12.898980937263431,1.3889741413821521,0.25152794046467514,0.7313302900228736,0.900723550751688,1.1159739386169711,0.05274985501426693,1.0096515302567008
12.90797475232625,1.3912169249138995,0.24721273119470077,0.7301368025372208,0.90056560641773,1.1158187229358048,0.05204598720736409,1.0094414493629607
12.917010241181288,1.3934310633853189,0.2428870630132681,0.7289621611991224,0.9004060186697764,1.1156637311497068,0.051360739088528444,1.009233431943589
12.926088795132113,1.3956164336001848,0.23855025849342354,0.7278062656416656,0.9002447727852938,1.115508935433237,0.05069361095152851,1.0090274029850663
12.935211867618593,1.397772901262172,0.23420161078894036,0.7266690236312848,0.9000818527099351,1.1153543061132656,0.05004412321743,1.008823287823682
12.944380978793419,1.399900320458418,0.22984038165208506,0.7255503512210364,0.8999172409760858,1.1151998116268154,0.04941181573934551,1.0086210120380685
12.953597720522064,1.40199853309548,0.22546579925421975,0.7244501729281938,0.8997509186132412,1.1150454184678738,0.048796247151347,1.008420501336221
12.962863761843822,1.404067368279898,0.22107705579282663,0.7233684219398323,0.8995828650494923,1.1148910911226346,0.04819699426122336,1.0082216814364935
12.972180854993695,1.406106641647234,0.21667330483925623,0.7223050403439283,0.8994130580022655,1.1147367919915354,0.04761365148340109,1.008024477940722
12.98155084200889,1.408116154623279,0.21225365841779176,0.7212599793940493,0.8992414733578203,1.114582481297754,0.04704583031429841,1.0078288161994085
12.990975662033547,1.4100956936183018,0.2078171837642056,0.7202331998066384,0.899068085037374,1.1144281169802304,0.04649315884732304,1.0076346211669396
13.000457359389467,1.4120450291411255,0.20336289973398888,0.7192246720972161,0.8988928648485389,1.1142736545700884,0.04595528132878516,1.007441817245958
13.009998092482013,1.4139639148168002,0.19888977282983364,0.7182343769632472,0.8987157823207395,1.114119047049157,0.045431857756631076,1.0072503281199046
13.019600143800899,1.4158520863251836,0.19439671272890838,0.7172623057040405,0.8985368045197255,1.1139642446862859,0.04492256351467451,1.0070600765691249
13.02926593095539,1.4177092602063945,0.18988256734116668,0.7163084607048263,0.8983558958422122,1.1138091948521511,0.044427089054508345,1.0068709842723869
13.03899801907462,1.4195351325523233,0.1853461172466631,0.7153728559741803,0.8981730177844218,1.1136538418069677,0.04394513961693806,1.0066829715879648
13.048799134689396,1.4213293775509452,0.18078606946106604,0.7144555177509353,0.8979881286822456,1.113498126458845,0.04347643499902107,1.0064959573128627
13.058672181349339,1.4230916458680867,0.17620105041467227,0.7135564851873032,0.8978011834181734,1.113341986088248,0.043020709367602834,1.0063098584161836
13.068620257255551,1.4248215628440282,0.17158959801874898,0.7126758111184913,0.8976121330896113,1.1131853540335128,0.0425777111219232,1.0061245897423539
13.078646675206807,1.426518726471984,0.1669501526854363,0.7118135629341434,0.8974209246328605,1.1130281593319287,0.04214720281015817,1.0059400636797518
13.08875498531147,1.428182705135832,0.16228104709682237,0.7109698235614107,0.8972275003940785,1.1128703263083155,0.041728961101665234,1.0057561897876506
13.098949000896205,1.4298130350598321,0.1575804945297541,0.710144692581689,0.8970317976389186,1.1127117741031411,0.04132277682249096,1.005572874375076
13.109232828171582,1.4314092174211404,0.1528465754843005,0.7093382875036076,0.8968337479900752,1.112552416129965,0.04092845506139981,1.0053900200231085
13.119610900440328,1.4329707150814437,0.148077222261206,0.7085507452116023,0.8966332767776098,1.1123921594481105,0.040545815351531726,1.0052075250384527
13.13008801764576,1.4344969488574328,0.1432702011301337,0.7077822236273628,0.8964303022866816,1.1122309040359193,0.04017469194090749,1.0050252828264183
13.140669392370258,1.435987293251966,0.138423091588667,0.7070329036195946,0.8962247348812861,1.1120685419445344,0.03981493416309894,1.004843181166391
13.151360703590537,1.437441071537915,0.1335332621241744,0.7063029912116827,0.8960164759787974,1.1119049563084296,0.03946640692508721,1.0046611013700955
13.162168159980975,1.438857550081231,0.12859784167154725,0.7055927201384438,0.8958054168407201,1.1117400201805823,0.03912899132864104,1.004478917295388
13.17309857475531,1.4402359317222946,0.12361368587235735,0.7049023548355703,0.8955914371412236,1.1115735951558692,0.03880258545517962,1.0042964941858004
13.184159454901819,1.4415753480301812,0.118577336849798,0.7042321939456415,0.8953744032582701,1.1114055297315495,0.03848710534168295,1.004113687292563
13.19535910836701,1.4428748501729225,0.11348497490013734,0.7035825744579595,0.8951541662185754,1.1112356573408102,0.0381824861879265,1.0039303402255217
13.206706773755464,1.4441333980641438,0.10833236004643407,0.7029538766374999,0.8949305592080335,1.1110637939770884,0.03788868384897087,1.0037462829642767
13.218212778728416,1.4453498473612396,0.10311476067345245,0.7023465299363628,0.8947033945279015,1.1108897352984022,0.03760567667900396,1.0035613294364625
13.229888735334496,1.446522933747072,0.09782686554115774,0.7017610201464749,0.894472459837237,1.1107132530642432,0.0373334678154802,1.003375274539367
13.241747783395082,1.4476512537284019,0.09246267417584418,0.7011978981429272,0.8942375134660313,1.110534090706119,0.03707208802397641,1.0031878904379048
13.2538048974739,1.4487332409267557,0.08701535865672774,0.7006577906835912,0.8939982784978256,1.110351957754949,0.03682159926300851,1.002998921905755
13.266077278936208,1.449767136415832,0.08147708713141022,0.7001414139232168,0.8937544352045934,1.1101665227419744,0.03658209919540948,1.0028080803873178
13.278584864201827,1.4507509511003471,0.07583879507969984,0.6996495905527393,0.8935056112300035,1.1099774040205634,0.0363537269573167,1.0026150363142388
13.291350994480672,1.4516824172301162,0.0700898839731567,0.6991832718837923,0.8932513686414083,1.1097841577053815,0.036136670635914935,1.0024194089984348
13.304403314628432,1.452558924752781,0.06421781693787047,0.6987435668290682,0.89299118653626,1.1095862615303853,0.03593117712186912,1.0022207530895337
13.317775005700323,1.453377436031386,0.0582075644340566,0.6983317807137885,0.8927244371696635,1.109383092777162,0.0357375653338745,1.0020185400328332
13.331506516089078,1.4541343687272363,0.052040825878909965,0.6979494685431615,0.8924503523963035,1.1091738973610334,0.03555624438800641,1.0018121320637308
13.345648063473012,1.4548254303833419,0.04569490492895416,0.6975985101828932,0.8921679751297414,1.1089577452765045,0.0353877392369292,1.001600744672547
13.360263371744168,1.4554453767109348,0.03914102993521222,0.6972812201322437,0.8918760867851173,1.1087334642253315,0.035232728072378046,1.0013833906100362
13.375435478227633,1.4559876438096175,0.03234174440696708,0.6970005144153341,0.8915730944429796,1.1084995367303574,0.035092099101660404,1.0011587929674877
13.39127619332746,1.4564437599273397,0.025246656920816183,0.6967601773190799,0.8912568469307457,1.1082539328994376,0.03496704114433381,1.0009252437239273
13.407942419498884,1.4568023445007163,0.01778511017856585,0.6965653150343414,0.8909243173912199,1.107993822392053,0.03485919752146842,1.0006803599049945
13.425666310253883,1.4570472655888227,0.009852633637443617,0.6964231906732198,0.8905710165209171,1.1077150424188253,0.03477094942517963,1.0004206331194607
13.444815530319985,1.4571538917442417,0.001283872948700901,0.6963449247100725,0.890189820631471,1.107411032973543,0.034705995570547356,1.0001405292332433
13.466020389757631,1.4570805171357848,-0.008204548942443312,0.6963494017797891,0.8897685045677879,1.1070705713569087,0.03467070532114099,0.999830584753332
13.490364380492966,1.4567481745521875,-0.01909998043517397,0.6964726335516757,0.8892861058781087,1.1066741675984482,0.0346775702807726,0.9994745078666806
13.512385548257464,1.4562190112838442,-0.028960476080939924,0.6966929500192296,0.8888511631839181,1.106309869705694,0.03472750341594836,0.9991516330767194
13.531572585174686,1.455580880177727,-0.03755741706381907,0.6969693667851784,0.8884734837679341,1.105987525652454,0.03480508307582763,0.9988692813947914
13.550759622091908,1.4547777371534616,-0.0461610868771452,0.6973246594788954,0.888097157226024,1.105660229002695,0.03491469633697258,0.9985856757361227
13.568511589533363,1.4538875790257713,-0.05412858553419658,0.6977238620283741,0.8877503111569495,1.1053525462986509,0.03504498589058612,0.9983217902578445
13.584780079763005,1.4529475460680803,-0.06143752166710247,0.6981494344482749,0.8874336787947963,1.105066171456503,0.03518910597441571,0.9980784649082944
13.60029165617049,1.451940456912621,-0.06841375221148979,0.6986086446003186,0.8871329585516726,1.104788979462616,0.03534888261192358,0.9978449697775468
13.615237467025215,1.4508676798560658,-0.07514309880296474,0.6991006834365093,0.8868443717180005,1.1045178296195608,0.035523830746446446,0.9976184297322495
13.629652571309181,1.4497376582030432,-0.08164122277042181,0.6996215783684067,0.8865671826706728,1.104252301453381,0.035712445625625075,0.9973983158706053
13.643611704934631,1.448554052484521,-0.08794166129511703,0.7001695832067573,0.8862998991290597,1.1039912201698692,0.035914056045245446,0.9971835037574068
13.65717997844466,1.4473192447956118,-0.09407367112298905,0.7007435765305907,0.8860412283146976,1.1037335305230394,0.036128264206791834,0.9969730038914146
13.670405995752372,1.4460354521450889,-0.10005910934758028,0.7013425387997614,0.8857902051600701,1.1034784395501602,0.036354744452646505,0.996766070040409
13.683328714998162,1.4447045850492917,-0.10591551313344783,0.7019656106956991,0.8855460574317184,1.1032253020490719,0.03659325589863394,0.9965620974340281
13.69598018802113,1.4433282855223506,-0.11165732738133467,0.7026120714108712,0.8853081512768426,1.1029735769860016,0.036843629521615434,0.996360582239563
13.708387098716617,1.4419079889691038,-0.11729659276742058,0.7032813070602255,0.8850759603420442,1.102722804151772,0.037105753093463416,0.9961610990459412
13.720571944583828,1.4404449629255374,-0.122843474555662,0.7039727906486238,0.884849042127801,1.1024725859659272,0.03737956141097414,0.995963283510432
13.73255391346509,1.4389403351675711,-0.12830665508696892,0.7046860675344299,0.8846270204560164,1.1022225739222997,0.03766502927021678,0.9957668194570914
13.744349537977934,1.4373951154131592,-0.13369362678069338,0.7054207442549458,0.884409572384351,1.1019724584615427,0.037962166178982015,0.9955714292332867
13.755973192795075,1.435810212367355,-0.13901091480380467,0.7061764797897369,0.8841964182644025,1.1017219612636115,0.03827101232653112,0.9953768663699035
13.76743747810679,1.434186447371637,-0.14426424879454647,0.7069529786002278,0.8839873140763145,1.101470829293256,0.03859163547139434,0.9951829099110698
13.778753519589474,1.4325245654778291,-0.14945869721094104,0.7077499850127904,0.8837820454335097,1.1012188301295327,0.038924128522930444,0.9949893599688725
13.789931205862512,1.4308252445733434,-0.15459877369125444,0.7085672786172756,0.8835804228375131,1.1009657482566313,0.03926860764960403,0.9947960341959285
13.800979378703934,1.4290891029758976,-0.15968852226116897,0.7094046704607376,0.8833822778776202,1.1007113820796202,0.03962521080065709,0.9946027649517238
13.81190598702448,1.4273167058179066,-0.1647315863104866,0.7102619998686038,0.8831874601554218,1.1004555414952832,0.03999409655608302,0.9944093970013632
13.82271821267389,1.425508570466375,-0.16973126495248794,0.7111391317649659,0.8829958347726493,1.1001980458936407,0.040375443240536664,0.9942157856283304
13.833422574204159,1.4236651711500896,-0.17469055950839416,0.7120359544019268,0.8828072802600141,1.0999387224949722,0.040769448255967705,0.9940217950710717
13.844025013120126,1.4217869429424101,-0.17961221214438686,0.7129523774211076,0.8826216868563712,1.099677404952659,0.04117632759544292,0.9938272972169373
13.854530966105212,1.4198742852124913,-0.18449873822238397,0.7138883301888149,0.8824389550684428,1.0994139321680518,0.041596315509907944,0.9936321705022374
13.864945425966107,1.417927564625235,-0.18935245359367858,0.7148437603630929,0.882258994456354,1.099148147274459,0.042029664307998836,0.993436298977813
13.875272993348107,1.4159471177700511,-0.1941754977531329,0.7158186326516315,0.8820817226038298,1.0988798967590079,0.04247664427004085,0.9932395715101112
13.88551792093755,1.4139332534645779,-0.1989698536234912,0.7168129277365466,0.8819070642388983,1.098609029695196,0.042937543665520085,0.9930418810922285
13.895684151372896,1.4118862547979052,-0.20373736451491167,0.71782664133332,0.8817349504804186,1.0983353970680583,0.04341266885970349,0.9928431242472229
13.905775350033307,1.4098063809292918,-0.20847974878529876,0.718859783375332,0.8815653181873984,1.0980588511726164,0.04390234450643261,0.992643200505998
13.91579493346495,1.4076938686909715,-0.2131986125400458,0.719912377299541,0.8813981093956629,1.0977792450745518,0.04440691381709769,0.9924420119488064
13.925746094139638,1.4055489340211766,-0.21789546068209775,0.7209844594200155,0.88123327082799,1.0974964321222658,0.04492673890102061,0.9922394628001413
13.935631822172315,1.4033717732361437,-0.22257170659418019,0.7220760783848006,0.8810707534654054,1.097210265499604,0.045462201176931165,0.9920354590673368
13.945454924390512,1.4011625641742682,-0.22722868062752505,0.7231872946995382,0.8809105121715624,1.096920597813861,0.046013701849611635,0.9918299082174361
13.955218041158124,1.3989214672246473,-0.23186763757738077,0.7243181803116719,0.8807525053622219,1.096627280712343,0.04658166245084017,0.9916227188861927
13.964923661287246,1.3966486262501192,-0.23648976329491633,0.7254688182502226,0.8805966947132283,1.0963301645218995,0.04716652544454228,0.9914138006141637
13.974574135302042,1.394344169416626,-0.2410961805534252,0.7266393023153048,0.880443044901708,1.0960290979070721,0.04776875489584451,0.9912030636059495
13.984171687255772,1.3920082099441529,-0.24568795425792342,0.7278297368098057,0.880291523376395,1.0957239275437491,0.048388837202941196,0.9909904185096684
13.993718425295958,1.3896408467867654,-0.25026609608516703,0.7290402363095445,0.8801421001532076,1.0954144978049773,0.04902728189275658,0.9907757762137552
14.003216351170579,1.387242165241096,-0.254831568641067,0.7302709254724431,0.8799947476323723,1.0951006504550032,0.04968462248382747,0.9905590476578856
14.012667368765753,1.3848122375008491,-0.2593852891741513,0.7315219388779566,0.8798494404351094,1.0947822243505514,0.0503614174151721,0.9903401436570135
14.022073291815444,1.382351123157296,-0.26392813290818096,0.7327934208969613,0.8797061552571772,1.0944590551463476,0.051058251044729705,0.9901189747361858
14.031435850881433,1.3798588696510707,-0.2684609360372859,0.734085525589605,0.8795648707373198,1.0941309750029773,0.051775734719810056,0.9898954509746606
14.040756699695006,1.3773355126780922,-0.27298449842415645,0.7353984166299112,0.8794255673388328,1.0937978122950718,0.052514507922938936,0.9896694818578585
14.05003742090917,1.3747810765603115,-0.2774995860215095,0.7367322672518326,0.8792882272431579,1.0934593913190824,0.0532752394944289,0.9894409761366171
14.059279531353022,1.3721955745776067,-0.2820069330580232,0.7380872602188916,0.8791528342538187,1.093115531998181,0.05405862893738704,0.9892098416921015
14.068484486846348,1.3695790092629758,-0.28650724401407146,0.739463587816578,0.8790193737095716,1.0927660495827292,0.054865407809635884,0.9889759854054199
14.0776536866013,1.3669313726697838,-0.2910011953975064,0.7408614518631976,0.8788878324061369,1.0924107543457828,0.05569634120529968,0.9887393130317346
14.086788477251064,1.3642526466146576,-0.295489437336136,0.7422810637375065,0.8787581985257011,1.0920494512724641,0.056552229330554496,0.9884997290782731
14.095890156601406,1.3615428028811056,-0.29997259503126983,0.7437226444313157,0.8786304615726276,1.0916819397396642,0.05743390918442927,0.9882571366841407
14.10495997704223,1.3588018034135878,-0.30445127003890277,0.745186424611642,0.878504612316105,1.091308013188561,0.058342256341837165,0.9880114375038886
14.113999148745883,1.3560296004752246,-0.30892604143822827,0.7466726447068877,0.8783806427377835,1.090927458784858,0.059278186854395405,0.9877625315918118
14.123008842601498,1.353226136793242,-0.3133974668599943,0.7481815550045632,0.878258545984986,1.0905400570685782,0.060242659268807286,0.9875103172886012
14.131990192965572,1.3503913456762786,-0.3178660834117254,0.7497134157693248,0.8781383163282604,1.0901455815897982,0.06123667677612577,0.9872546911084311
14.140944300202522,1.3475251511190107,-0.32233240848421013,0.7512684973733661,0.8780199491235331,1.0897437985309975,0.062261289495393994,0.9869955476274371
14.14987223307295,1.344627467882928,-0.3267969404652264,0.7528470804454979,0.8779034407779879,1.0893344663130213,0.06331759690482835,0.986732779372202
14.158775030971917,1.3416982015582986,-0.33126015935898945,0.7544494560365832,0.8777887887195742,1.0889173351838541,0.06440675042899761,0.9864662767083685
14.167653706001715,1.3387372486181754,-0.33572252730064284,0.7560759257957329,0.8776759913702668,1.088492146790194,0.06552995618877065,0.9861959277300516
14.176509244957561,1.335744496443839,-0.3401844890020773,0.75772680216888,0.8775650481220006,1.0880586337273603,0.06668847793330974,0.9859216181479553
14.185342611173416,1.3327198233434359,-0.34464647209954286,0.7594024086082336,0.8774559593159217,1.0876165190689497,0.0678836401587061,0.9856432311779254
14.194154746279425,1.3296630985510127,-0.34910888742558516,0.7611030798000007,0.8773487262242469,1.0871655158727174,0.06911683143159571,0.9853606474286053
14.202946571876454,1.326574182207534,-0.3535721292046874,0.7628291619099686,0.8772433510346493,1.0867053266611004,0.07038950793204274,0.9850737447881946
14.211718991106286,1.3234529253349063,-0.3580365751580162,0.7645810128412283,0.877139836837401,1.0862356428761073,0.07170319722709616,0.9847823983112063
14.22047289016049,1.3202991697913986,-0.3625025865350677,0.7663590025109066,0.8770381876147252,1.0857561443048906,0.07305950229678536,0.9844864801040801
14.229209139737758,1.3171127482075178,-0.36697050807305626,0.7681635131469783,0.8769384082322527,1.0852664984737155,0.07446010583184445,0.9841858592095284
14.237928596420756,1.3138934839154175,-0.37144066786474117,0.7699949395982691,0.876840504432916,1.0847663600100534,0.07590677481775686,0.9838804014908238
14.246632104018488,1.3106411908578097,-0.37591337715321715,0.7718536896660514,0.8767444828327502,1.0842553699683,0.07740136543298494,0.9835699695147685
14.255320494850942,1.3073556734870293,-0.38038893003652885,0.773740184451733,0.876650350918884,1.083733155118189,0.07894582828050407,0.9832544224344206
14.263994591007368,1.3040367266447768,-0.3848676030924276,0.775654858726582,0.8765581170493888,1.0831993271917189,0.08054221398270614,0.9829336158708176
14.272655205562359,1.300684135430311,-0.3893496549089522,0.7775981613196292,0.876467790455193,1.0826534820868885,0.08219267916420306,0.98260740179462
14.281303143768062,1.297297675052042,-0.3938353255234727,0.7795705555272286,0.8763793812438955,1.082095199024313,0.08389949285535535,0.9822756284074172
14.28993920422841,1.2938771106618028,-0.39832483576592065,0.7815725195453553,0.8762929004054667,1.0815240396532528,0.08566504335023599,0.9819381400229512
14.298564180038403,1.2904221971801335,-0.4028183864893247,0.7836045469204105,0.8762083598200573,1.0809395471047893,0.0874918455509305,0.9815947769494036
14.307178859938189,1.286932679094409,-0.40731615770472807,0.7856671470298475,0.8761257722674742,1.0803412449852812,0.0893825488469904,0.9812453753714521
14.315784029434896,1.2834082902497903,-0.4118183075864191,0.7877608455816519,0.8760451514388687,1.0797286363091987,0.09133994556288202,0.980889767234567
14.324380471930626,1.2798487536191736,-0.41632497135690655,0.7898861851414978,0.8759665119503267,1.079101202364523,0.09336698002755744,0.9805277801308264
14.332968969867267,1.2762537810486998,-0.42083626004574076,0.7920437256905043,0.875889869358368,1.0784584015051673,0.09546675831996168,0.9801592371866468
14.341550305842487,1.2726230729990717,-0.4253522590855133,0.7942340452022967,0.8758152401778673,1.0777996678686528,0.097642558735174,0.9797839569553048
14.350125263778445,1.2689563182499997,-0.4298730267738487,0.7964577402597797,0.8757426419017668,1.0771244100075834,0.09989784305164102,0.9794017533119892
14.358694630076512,1.2652531935967062,-0.434398592550984,0.7987154266952096,0.8756720930233091,1.0764320094337918,0.10223626865050035,0.9790124353554627
14.367259194811034,1.2615133635174276,-0.4389289551038083,0.80100774026716,0.875603613060457,1.0757218190646247,0.10466170157360113,0.9786158073155223
14.375819752944388,1.2577364798204758,-0.4434640802683056,0.8033353373702364,0.8755372225828115,1.0749931615655772,0.10717823059680466,0.9782116684687
14.384377105574409,1.2539221812673682,-0.4480038987154761,0.805698895780676,0.8754729432411016,1.0742453275806443,0.10979018241032872,0.9777998130636127
14.39293206123117,1.2500700931656734,-0.4525483034067804,0.8080991154428716,0.8754107977993036,1.0734775738404672,0.11250213800928506,0.977380030257349
14.401485437198629,1.2461798269437985,-0.45709714678064406,0.8105367192903679,0.8753508101697782,1.0726891211411635,0.115318950394788,0.976952104066526
14.410038060917362,1.2422509796838606,-0.4616502376716052,0.8130124541173599,0.8752930054512351,1.0718791521788231,0.11824576372226615,0.9765158133331675
14.41859077142454,1.2382831336337163,-0.4662073379073855,0.8155270914888482,0.8752374099701018,1.0710468092325225,0.12128803401489724,0.97607093171076
14.427144420872517,1.234275855681033,-0.4707681585708966,0.8180814287014209,0.875184051325271,1.0701911916800906,0.12445155160075165,0.9756172276721568
14.43569987612534,1.2302286967911966,-0.4753323558878321,0.8206762897949758,0.8751329584365474,1.069311353333433,0.12774246543492948,0.9751544645435827
14.444258020436344,1.2261411914094744,-0.4798995266979984,0.8233125266165313,0.8750841615971077,1.0684062995786954,0.13116730948601116,0.974682400569427
14.452819755233303,1.2220128568169397,-0.48446920347585976,0.8259910199443511,0.8750376925301858,1.0674749843027431,0.13473303139479612,0.9742007890119484
14.461386002003453,1.2178431924460285,-0.489040848841703,0.8287126806702068,0.8749935844504457,1.0665163065893737,0.1384470236222628,0.9737093782926626
14.469957704301592,1.2136316791472401,-0.4936138495147561,0.8314784510468493,0.8749518721303589,1.0655291071637916,0.1423171573400855,0.9732079121814209
14.47853582990335,1.209377778399016,-0.49818750965143305,0.8342893060076462,0.8749125919719867,1.0645121645618594,0.14635181934569752,0.9726961300402432
14.48712137310114,1.205080931465191,-0.502761043490247,0.8371462545573137,0.874875782084745,1.0634641910013283,0.15055995230434932,0.9721737671316304
14.49571535717358,1.2007405584886481,-0.5073335672328689,0.8400503412430385,0.8748414823696249,1.0623838279260833,0.15495109867055945,0.9716405550005309
14.504318837050649,1.1963560575141603,-0.511904090075069,0.8430026477126491,0.8748097346104775,1.061269641192605,0.15953544867899255,0.9710962219412438
14.512932902182408,1.1919268034413268,-0.5164715042807657,0.8460042943612422,0.874780582573111,1.060120115866696,0.16432389283273274,0.9705404935632996
14.521558679653847,1.1874521468916575,-0.5210345741961107,0.8490564420790455,0.8747540721129039,1.0589336505908162,0.16932807938655692,0.9699730934703903
14.530197337564092,1.1829314129867787,-0.5255919240705925,0.8521602941048013,0.8747302512918576,1.0577085514816045,0.1745604773700275,0.9693937440704468
14.538850088704221,1.1783639000275912,-0.5301420245410203,0.8553170979938264,0.8747091705060713,1.0564430255108908,0.18003444577079716,0.9688021675368814
14.547518194576428,1.1737488780607175,-0.5346831776159704,0.8585281477124731,0.8746908826247567,1.055135173317471,0.1857643095814141,0.9681980869438653
14.556202969785646,1.1690855873259793,-0.5392134999657696,0.8617947858657395,0.874675443142105,1.053782981393175,0.1917654434940864,0.9675812276032661
14.564905786871245,1.1643732365607826,-0.5437309043115274,0.8651184060773057,0.874662910343437,1.0523843135752473,0.19805436415319674,0.9669513186330423
14.573628081610115,1.15961100115839,-0.5482330786518477,0.8685004555267487,0.8746533454873684,1.0509369017755728,0.20464883196850525,0.9663080947948661
14.582371358881318,1.1547980211476667,-0.552717463054602,0.871942437669402,0.8746468130058782,1.0494383358602914,0.2115679636673473,0.9656512986409971
14.591137199150019,1.149933398981756,-0.5571812236748178,0.8754459151506558,0.8746433807245438,1.0478860525893277,0.21883235689905564,0.9649806830203005
14.599927265664476,1.145016197106738,-0.5616212236203553,0.8790125129382269,0.8746431201055107,1.046277323509279,0.2264642284122569,0.9642960139995768
14.60874331246724,1.1400454352808151,-0.566033990221983,0.8826439216966372,0.8746461065161947,1.0446092416799053,0.23448756754430888,0.9635970742663458
14.61758719334912,1.1350200876036831,-0.5704156781966192,0.8863419014363884,0.8746524195272184,1.0428787070958379,0.24292830703367657,0.9628836670896217
14.626460871864369,1.129939079226943,-0.5747620280902496,0.8901082854624902,0.8746621432436669,1.0410824106514174,0.2518145134462286,0.9621556209308986
14.635366432604512,1.1248012826784322,-0.5790683193099989,0.8939449846752724,0.8746753666744869,1.039216816463434,0.2611765999205367,0.9614127948091441
14.64430609390685,1.1196055137532521,-0.5833293169038491,0.8978539922625849,0.874692184145712,1.0372781423490043,0.2710475643238686,0.9606550845464907
14.653282222239495,1.1143505268968434,-0.5875392111099189,0.9018373888434116,0.8747126957642596,1.0352623382183008,0.28146325645253484,0.9598824300417242
14.662297348560742,1.1090350099850363,-0.5916915485183758,0.9058973481394699,0.8747370079403899,1.0331650621003894,0.292462678545041,0.9590948237448546
14.671354186980546,1.1036575784037523,-0.5957791534523424,0.9100361432545292,0.8747652339784794,1.0309816534794314,0.30408832409628783,0.958292320541117
14.680455656154857,1.0982167682897332,-0.5997940379145559,0.9142561536743377,0.874797494747823,1.0287071035545596,0.31638656090679945,0.9574750492897837
14.68960490392202,1.0927110287709447,-0.6037272981014953,0.9185598731201885,0.8748339194476755,1.026336021968961,0.3294080654036843,0.9566432263124334
14.698805335813514,1.0871387130022618,-0.6075689950685257,0.9229499184258534,0.8748746464839331,1.023862599464896,0.3432083166540465,0.9557971711838111
14.708060648225846,1.081498067737758,-0.6113080166038629,0.9274290396546818,0.8749198244789224,1.0212805658104998,0.3578481602103608,0.9549373252504859
14.717374867234838,1.0757872211127928,-0.6149319167026169,0.9320001317337725,0.8749696134409717,1.018583142205397,0.3733944540763014,0.9540642733924874
14.726752394296366,1.0700041682131956,-0.6184267281861514,0.9366662479671646,0.8750241861272333,1.0157629871917766,0.389920811818109,0.9531787696544098
14.736198060411914,1.0641467538876073,-0.621776742918137,0.9414306158995034,0.8750837296420848,1.0128121348670083,0.4075084613345214,0.9522817675137596
14.745717190800212,1.0582126520840875,-0.6249642526523255,0.946296656160264,0.8751484473252736,1.0097219238857653,0.4262472423493107,0.95137445573212
14.755315682722083,1.0521993407634345,-0.627969241675858,0.9512680051293967,0.87521856099977,1.006482915333826,0.44623677164111764,0.9504583009645551
14.765000099965127,1.0461040711042005,-0.6307690199279764,0.956348542577289,0.8752943136709952,1.0030847969957255,0.46758781302088265,0.9495350985982411
14.774777788651129,1.03992382926064,-0.6333377819024667,0.9615424258579949,0.8753759727988498,0.9995162707768444,0.49042389984218093,0.948607033683378
14.784657020710068,1.0336552882520926,-0.6356460720266025,0.966854132877436,0.8754638343061041,0.9957649189531016,0.5148832728075778,0.9476767543385493
14.794647173740739,1.0272947465884588,-0.6376601307440352,0.9722885169851034,0.875558227546701,0.9918170433725174,0.5411212168609922,0.946747460721365
14.80475895952519,1.020838048742896,-0.6393410863265859,0.9778508783642135,0.8756595215455897,0.9876574694348126,0.5693129113998677,0.945823013631318
14.815004718754448,1.0142804803219418,-0.6406439440121011,0.9835470586700202,0.8757681329529613,0.9832693032237897,0.5996569529627211,0.9449080681976829
14.825398807712286,1.0076166272116027,-0.6415163039991844,0.989383569115244,0.8758845363571647,0.9786336248061333,0.6323797779092555,0.9440082401164455
14.835958115677618,1.0008401821945494,-0.6418967089556096,0.995367767807701,0.8760092779184555,0.9737290921350521,0.6677413198856361,0.9431303149101106
14.846702773184896,0.9939436728564125,-0.6417124725975561,1.0015081115533444,0.8761429938043169,0.9685314157997961,0.7060424112714953,0.942282515346966
14.857657148532418,0.986918067295921,-0.6408767596791163,1.0078145241615606,0.8762864357962581,0.963012640025172,0.7476347359860624,0.941474849621261
14.868851294255633,0.9797521841371325,-0.639284547219831,1.0142989526438357,0.8764405079885863,0.9571401215833614,0.792934662688382,0.9407195756938636
14.880323124124427,0.9724317772931222,-0.636806841970843,1.0209762375844833,0.8766063213555215,0.9508750166682277,0.8424432511259454,0.9400318401139995
14.892121859821874,0.9649380386731007,-0.6332820302377727,1.027865547726784,0.8767852789367134,0.9441699096246042,0.8967767341735239,0.9394305920794963
14.90431380951582,0.9572450064270436,-0.6285021891011806,1.03499287921663,0.8769792167623167,0.9369648511381802,0.9567159799638435,0.9389399640207465
14.91699283590406,0.9493147180924593,-0.6221897471054976,1.0423957526607937,0.8771906556389815,0.9291801667688594,1.0232936437277516,0.9385915144647486
14.930301398999672,0.9410871617810673,-0.6139533927640838,1.0501329848283294,0.8774233002523347,0.9207019047216464,1.0979655107999873,0.9384282653294805
14.944479642638793,0.9324561420207814,-0.6031914085001312,1.0583082030151427,0.8776831872835859,0.9113475585017949,1.1830034899407242,0.9385131516456879
14.960009559323684,0.9231965443142264,-0.588823802238565,1.0671407634430325,0.8779820136130742,0.9007642872889473,1.2826362081299425,0.9389514793730468
14.978229673061533,0.9126496281072841,-0.5681865116894881,1.0772727701098126,0.8783512416188738,0.8879905527064351,1.4079006495577118,0.9399815623915628
14.994356979807586,0.9036587213407803,-0.5461972321261419,1.0859649068506265,0.8786945049761665,0.8764792701825594,1.5257317237356298,0.9414045155378665
15.01048428655364,0.8950525667356779,-0.5204292692266738,1.0943294413878513,0.8790527594998684,0.864920877958076,1.649136052850917,0.9433423954473601
15.025537048782258,0.887422431993201,-0.49275874965046174,1.101781867546176,0.8794001711196557,0.8542444434956709,1.768139056944066,0.9456339048405104
15.039970935535075,0.880522129487292,-0.46279814633431626,1.1085546880482435,0.8797445740437029,0.844270835085383,1.8842893303646817,0.9482726846133129
15.054075158035063,0.8742207495042422,-0.4301948110628544,1.1147749650591796,0.8800911939876431,0.834945677180741,1.9980858540000794,0.9512596948626748
15.068000452412285,0.8684731902131663,-0.3947523427649024,1.120490875543341,0.8804425604880631,0.826329361042795,2.1088794454881925,0.9545843694873348
15.08183919199316,0.8632723394155398,-0.3563648781448943,1.1257177349073964,0.8808000471751934,0.8185426944181559,2.215385874834839,0.9582270124598242
15.095644762156727,0.858634432101462,-0.31503145316774916,1.1304519266509796,0.8811641612293688,0.8117509199805535,2.315816129589419,0.9621574409414402
15.109428317330782,0.8545930636986789,-0.270918266240284,1.1346758223831186,0.8815343210811439,0.8061542577406074,2.407923959733016,0.9663312279398483
15.1231397195824,0.8511940657519443,-0.22447263389277775,1.1383603633711963,0.881908226419451,0.8019706411083943,2.4890950636245854,0.9706830833600135
15.136643913885122,0.8484840697804756,-0.17655450393945776,1.1414714528061622,0.8822811090453633,0.7993946413452442,2.556650707089604,0.9751202479196803
15.149727198149742,0.8464873149387505,-0.1284386108184059,1.1439865574597785,0.8826458575016366,0.7985270444178681,2.608529947074529,0.9795273346835343
15.162157499434517,0.8451811945863696,-0.08155449426227697,1.145915464017101,0.8829947645775917,0.7993129315094128,2.6440872550862755,0.9837903638670991
15.17373832013124,0.8444931401531354,-0.03719020150172215,1.1473047743680858,0.8833212003358182,0.8015386871305828,2.6643234838720757,0.9878171668047322
15.182881973330723,0.8443142611601294,-0.0019160896664437987,1.148121496544068,0.883579440792126,0.8043476797791672,2.6711840138046297,0.9910313131817134
15.192019328059413,0.8444580039551216,0.033371163856952574,1.1486885492412133,0.8838375996084331,0.808095032967849,2.669887537252519,0.9942742833963161
15.20095990169486,0.8449103073700702,0.06777545039616722,1.1490001202519327,0.8840899848414774,0.8126710271227349,2.660752913444778,0.9974792157549393
15.210978397771939,0.845781132067066,0.10599250079413425,1.1490601106854252,0.8843721754137626,0.8188515723843822,2.641443161277875,1.0011107312737315
15.22182552120757,0.8471525356264029,0.1467378830896472,1.1487756629841264,0.8846764946478715,0.8267570181751117,2.6101204229686403,1.0050933586544646
15.233368207242084,0.8490918923866827,0.18910015090402482,1.148067176151601,0.8849983691776923,0.8364769171221597,2.565605388980764,1.00938976430802
15.245540959991148,0.8516586974488848,0.23236374381809596,1.1468580555069887,0.8853349498089716,0.8480604060473458,2.5072528819229594,1.0139796536349073
15.258315385821728,0.8549072795094504,0.27590096058465413,1.1450694254746687,0.8856842357241184,0.8615011008235466,2.4349195880203247,1.0188429495432245
15.27165057398412,0.8588767416129889,0.31901599881385223,1.1426252255013674,0.886043703739048,0.8766829271914247,2.3491929768475472,1.0239339321570369
15.285361798147767,0.8635392494866901,0.36060293951051553,1.139491648261418,0.886406912509799,0.8932079873016039,2.252385628809275,1.029125751452371
15.298999649479425,0.8687224624690845,0.3990159929412733,1.1357515233365603,0.8867608576173818,0.9102289707055395,2.14966672930696,1.0341727465656816
15.312161148776406,0.8742021280496672,0.4331839732512556,1.1315612259837626,0.8870947345530452,0.9268926068785523,2.0465159302195786,1.038854939212655
15.324785364905416,0.879863219182151,0.46323259611252937,1.1270215850368912,0.8874072197510268,0.9428264989197697,1.9455731611161367,1.0431011651394064
15.336978339042517,0.8856754256677648,0.48972510153485954,1.122174214996538,0.8877012821944232,0.9579529094041908,1.847582260545065,1.0469158445182782
15.348863720582395,0.8916377331663539,0.5131924636716914,1.1170363211466658,0.8879801582749252,0.9722772781064548,1.7526785530166278,1.0503174055974722
15.36055103232046,0.8977596062624312,0.5340582222121908,1.11161453686359,0.8882465404867326,0.9858252756214981,1.6608105194543488,1.053323800004783
15.372137743011736,0.904057293462451,0.5526556697418711,1.1059079927275952,0.8885026379886927,0.9986301120035044,1.5718407046105296,1.055951171264207
15.383717119763896,0.9105546613741965,0.5692517805329542,1.0999076217918764,0.888750358380159,1.0107311122644664,1.4855633987394903,1.0582143409119689
15.395388154163735,0.9172866849620384,0.5840661413185451,1.0935929386976484,0.8889915025883364,1.0221755949482068,1.4016904473113045,1.0601270801845164
15.407270231548324,0.9243069474704901,0.5972860268962724,1.0869249102627245,0.8892280087536881,1.0330237733835137,1.3198046727853732,1.0617018633236996
15.419531563354004,0.9317046357557037,0.6090817380585083,1.0798296144062443,0.8894623798986068,1.0433605972699977,1.2392436485572793,1.062948902398726
15.432462937422693,0.9396511321133102,0.6196332393094129,1.0721532235661706,0.8896987616542638,1.0533300622537691,1.1587662232446119,1.0638736783528535
15.4467664961437,0.9485851877392337,0.6292261617060416,1.0634826048067532,0.8899471972101679,1.063278680466898,1.0751820576812967,1.064469018188338
15.460573887661372,0.9573260797680976,0.636597344439808,1.0549833649276146,0.8901739689105045,1.0718611095362136,0.9998746286819149,1.0646624614507838
15.472884479951027,0.9651959763655179,0.6417467178427827,1.0473353016586384,0.8903653407624832,1.0787199601341233,0.9370887311342204,1.064556837234133
15.485195072240682,0.9731216363772502,0.6456755046082183,1.0396509706491468,0.8905465412064648,1.0848828527484513,0.8782796771830209,1.0642225351919083
15.4966300361005,0.9805209452305603,0.6483268229095038,1.032503226085083,0.8907057859690947,1.0900289877797908,0.8270805706858232,1.0637341460703942
15.507455967893652,0.9875495711919873,0.6500273320137286,1.0257444136702671,0.8908485561360988,1.0944261369938248,0.7815205518272291,1.0631355784771652
15.517857119451294,0.9943161171909838,0.6509811149302631,1.0192715123904295,0.8909784605841252,1.0982483454667333,0.7402966473159265,1.0624531756516526
15.527934616083227,1.0008785536999905,0.6513212892335443,1.013029865343989,0.8910975948871214,1.101603807040748,0.702626857366037,1.061706112073277
15.537753441217736,1.00727328794958,0.651144206810941,1.0069851773987073,0.8912073657908889,1.1045687800335304,0.6679712430845111,1.0609090263386285
15.547358924103069,1.0135252020597167,0.650523708761412,1.0011139133643048,0.8913087937287776,1.1072006851717364,0.6359283057207522,1.060073447226638
15.556784467704402,1.0196523003739264,0.6495185340882621,0.99539888677568,0.8914026582825184,1.1095446366311246,0.6061846680592133,1.0592086397739335
15.566055674771187,1.0256681605250086,0.6481766526541017,0.9898269533560071,0.8914895776568758,1.1116371392708893,0.5784872856087103,1.0583221539046714
15.575192762915353,1.0315833509906256,0.6465380120185289,0.9843876895425766,0.8915700561485459,1.1135083744666523,0.5526266537351398,1.057420202393501
15.5842120750371,1.037406307163282,0.6446363841851086,0.979072583963858,0.8916445143893498,1.1151837069495056,0.528425970362955,1.0565079332908507
15.593127073952955,1.043143901515362,0.6425006641485262,0.9738745167421663,0.8917133096001477,1.1166847282886654,0.5057337760601727,1.055589633065816
15.601949024603122,1.048801830151924,0.640155815870744,0.9687874102775412,0.8917767497006077,1.118030008086317,0.4844187488763573,1.054668882165321
15.610687477763724,1.0543848837552576,0.6376235814446691,0.9638059871361706,0.8918351034593797,1.1192356519591826,0.4643658991433141,1.0537486766775959
15.61935062261892,1.059897142834015,0.6349230254538967,0.9589255974644788,0.8918886079932823,1.1203157268056663,0.4454737099713773,1.0528315251222375
15.627945549822128,1.0653421217665795,0.6320709611991526,0.9541420930078193,0.8919374744342425,1.1212825919506493,0.4276519377900693,1.0519195265345913
15.636478451720627,1.0707228772158333,0.6290822901086323,0.9494517332468598,0.8919818922950766,1.1221471617028744,0.41081988662763025,1.0510144341953502
15.644954777422464,1.076042091166095,0.6259702759600847,0.9448511141841934,0.8920220328897197,1.1229191167636112,0.39490503064190935,1.0501177081514412
15.653379354728312,1.0813021355028842,0.6227467692373166,0.9403371134362629,0.8920580520523131,1.123607076719472,0.37984189809131713,1.0492305588566566
15.661756487291148,1.08650512291415,0.6194223927225732,0.9359068472831531,0.8920900923270596,1.1242187424050354,0.36557115525354095,1.048353983689886
15.670090032974114,1.091652947501283,0.6160066965133956,0.9315576366194454,0.8921182847524083,1.12476101458023,0.3520388457486129,1.0474887976970684
15.67838346770716,1.0967473175215947,0.6125082886243032,0.9272869796394878,0.8921427503298218,1.1252400937343388,0.3391957524648225,1.0466356596073871
15.686639938052979,1.1017897820595988,0.6089349458543627,0.923092529664481,0.8921636012443531,1.1256615646730908,0.32699685741729295,1.045795093947511
15.69486230482966,1.1067817529285862,0.6052937085619537,0.9189720769676873,0.8921809418875423,1.126030468702402,0.31540088084226425,1.0449675099163884
15.70305317961458,1.1117245228098065,0.6015909621785095,0.9149235337217816,0.8921948697213935,1.1263513656084085,0.3043698850165624,1.0441532175492239
15.711214955513851,1.116619280386901,0.597832507709032,0.9109449214158598,0.8922054760133301,1.1266283871702405,0.2938689314868669,1.043352441601903
15.719349833265548,1.1214671230556776,0.5940236230199257,0.9070343602473426,0.8922128464654961,1.1268652835921007,0.2838657827670027,1.042565333509591
15.727459843524336,1.1262690676669345,0.590169116362985,0.9031900601024683,0.8922170617568792,1.1270654639732596,0.2743306413420393,1.0417919817101375
15.73554686599511,1.1310260596599366,0.5862733733164683,0.8994103128266471,0.8922181980129623,1.1272320317259394,0.26523592020547865,1.0410324205738932
15.743612645942811,1.135738980866595,0.5823403981151056,0.8956934855529851,0.8922163272147252,1.127367815687383,0.25655604023436585,1.0402866381420812
15.751658808513064,1.1404086562162243,0.5783738501673321,0.8920380149008429,0.8922115175565767,1.127475397543171,0.2482672505349758,1.0395545828423514
15.759686871214711,1.145035859525043,0.5743770764244492,0.8884424018953021,0.8922038337610209,1.1275571360750776,0.24034746856279088,1.038836169323849
15.767698254836192,1.1496213185111617,0.5703531401656022,0.8849052074944789,0.8921933373564797,1.1276151886630752,0.2327761373683021,1.0381312835335978
15.775694293041408,1.154165719162774,0.5663048466623933,0.8814250486232479,0.8921800869235706,1.1276515304036714,0.22553409772372857,1.037439787135677
15.783676240834124,1.158669709556143,0.562234766122743,0.878000594637361,0.8921641383142459,1.1276679711509632,0.21860347325194543,1.0367615213610615
15.791645282046995,1.1631339032025871,0.5581452542546478,0.8746305641560905,0.8921455448474889,1.127666170741217,0.2119675669628404,1.0360963103633793
15.799602535995424,1.1675588819957023,0.5540384707360444,0.8713137222082776,0.8921243574846597,1.127647652623947,0.20561076782754872,1.0354439641443072
15.807549063409118,1.1719451988153549,0.5499163958389769,0.868048877648411,0.8921006249871006,1.1276138160908442,0.19951846622150923,1.0348042811039107
15.815485871737273,1.1762933798361646,0.5457808454216905,0.8648348808064035,0.8920743940582161,1.1275659472674966,0.19367697722877056,1.034177050263624
15.823413919893163,1.1806039265721688,0.5416334844816706,0.8616706213468878,0.8920457094719703,1.127505229010685,0.18807347094672092,1.0335620532042886
15.83133412254211,1.1848773177106668,0.5374758394121048,0.8585550262983778,0.8920146141893063,1.1274327498349501,0.1826959090080863,1.0329590657522638
15.839247353942449,1.1891140107369416,0.533309309127567,0.85548705825069,0.8919811494640457,1.1273495119765906,0.17753298669569303,1.0323678594485008
15.847154451440826,1.193314443401926,0.5291351751548246,0.8524657136820638,0.8919453549392875,1.1272564386890007,0.1725740800358585,1.0317882028236867
15.85505621863368,1.1974790350363151,0.5249546108126815,0.8494900214132403,0.8919072687354528,1.1271543808520925,0.16780919738602304,1.0312198625054858
15.862953428232794,1.2016081877293705,0.5207686895752055,0.8465590411747894,0.8918669275308924,1.1270441229683812,0.16322893506803474,1.0306626041783464
15.870846824691053,1.2057022874001546,0.516578392689125,0.8436718622674347,0.8918243666357286,1.1269263886093006,0.15882443663818638,1.0301161934121894
15.878737126588113,1.2097617047593103,0.512384616134112,0.8408276023163479,0.8917796200597542,1.1268018453684452,0.15458735546169236,1.0295803963777699
15.886625028826563,1.2137867961863595,0.5081881769774551,0.8380254061012683,0.8917327205748589,1.126671109371264,0.1505098202658345,1.029054980460721
15.894511204639953,1.2177779045218804,0.5039898191917547,0.8352644444625078,0.8916836997726183,1.126534749385701,0.14658440340676396,1.0285397147878073
15.902396307440775,1.2217353597879899,0.49979021898233167,0.83254391327293,0.8916325881174675,1.126393290572896,0.1428040915976351,1.0280343706753698
15.91028097253431,1.2256594798491984,0.49558998966537626,0.8298630324671384,0.8915794149958053,1.1262472179127654,0.13916225887317366,1.0275387220088061
15.918165818692087,1.229550571009617,0.4913896861490525,0.8272210451301741,0.891524208761528,1.126096979335951,0.13565264160302093,1.027052545562658
15.926051449622124,1.2334089285643592,0.48718980904145864,0.8246172166329944,0.8914669967781589,1.1259429885895638,0.13226931536450665,1.026575621267058
15.93393845532234,1.237234837297687,0.48299080843176706,0.8220508338193441,0.8914078054580308,1.125785627862074,0.12900667352642187,1.0261077324285088
15.941827413352017,1.2410285719444787,0.4787930873610479,0.8195212042322756,0.89134666029861,1.125625250189201,0.12585940738851265,1.0256486659091322
15.949718890022726,1.2447903976149337,0.47459700501350965,0.8170276553799996,0.8912835859162327,1.125462181660968,0.12282248775052827,1.0251982122699241
15.957613441501985,1.2485205701788415,0.47040287966007,0.8145695340429894,0.8912186060775793,1.1252967234482123,0.11989114779869418,1.0247561658832605
15.9655116148576,1.2522193366224106,0.46621099136492233,0.8121462056131808,0.8911517437289133,1.1251291536643415,0.11706086719448863,1.0243223250173563
15.973413949042705,1.2558869353770663,0.4620215844781361,0.809757053465252,0.8910830210232935,1.124959729077038,0.11432735727189942,1.023896491896524
15.981320975818887,1.2595235966186382,0.45783486993649786,0.8074014783605268,0.8910124593459838,1.1247886866832906,0.111686547258094,1.0234784727407709
15.989233220643738,1.263129542548765,0.4536510273774791,0.8050788978753304,0.8909400793380089,1.1246162451591735,0.1091345714302165,1.0230680777862777
15.99715120350158,1.2667049876482661,0.44947020709467256,0.8027887458600252,0.8908659009182042,1.1244426061957016,0.1066677571444459,1.022665121290576
16.00507543969987,1.270250138912552,0.4452925318382799,0.800530471921714,0.8907899433037119,1.124267955730099,0.10428261366446004,1.022269421523535
16.01300644064039,1.2737651960726644,0.4411180984699321,0.7983035409279454,0.8907122250289621,1.1240924650812156,0.10197582172749309,1.0218808007458435
16.0209447145402,1.2772503517903868,0.43694697949788425,0.7961074325383469,0.8906327639635037,1.1239162919977206,0.09974422380107832,1.0214990851780565
16.02889076714713,1.2807057918470908,0.43277922448061595,0.7939416407512521,0.8905515773283635,1.1237395816254188,0.09758481496727325,1.0211241049596043
16.036845102413704,1.2841316953098647,0.42861486132852855,0.7918056734753645,0.8904686817113874,1.1235624674012004,0.09549473439939879,1.0207556941010203
16.04480822316277,1.2875282346892458,0.42445389749594864,0.7896990521170077,0.8903840930813246,1.123385071878943,0.09347125737987476,1.0203936904290365
16.052780631726712,1.2908955760802443,0.42029632108183396,0.787621311187803,0.8902978268009246,1.123207507493314,0.09151178782575052,1.0200379355265579
16.060762830580583,1.2942338792950243,0.41614210183666744,0.7855719979271828,0.890209897638909,1.1230298772660818,0.08961385128124315,1.019688274667598
16.068755322953717,1.2975432979802617,0.41199119209104873,0.7835506719437006,0.8901203197810547,1.1228522754598684,0.08777508834868637,1.0193445567487502
16.076758613443857,1.3008239797288628,0.40784352760029474,0.7815569048688176,0.8900291068401901,1.1226747881830401,0.0859932485221332,1.0190066342169495
16.084773208601,1.3040760661720625,0.4036990283283279,0.7795902800313533,0.8899362718655316,1.1224974939502876,0.08426618440355156,1.018674362995614
16.092799617538983,1.3072996930753187,0.39955759914652794,0.7776503921380075,0.8898418273507566,1.1223204642011542,0.08259184626310494,1.0183476024073492
16.10083835251279,1.310494990412089,0.395419130484983,0.7757368469753743,0.8897457852415688,1.122143763781086,0.0809682769339088,1.0180262150963684
16.108889929516607,1.313662082437468,0.39128349891252173,0.7738492611197999,0.8896481569421688,1.1219674513867501,0.07939360700749601,1.0177100669488248
16.1169548688696,1.3168010877477698,0.3871505676671053,0.7719872616631772,0.8895489533210559,1.121791579979058,0.07786605031707866,1.0173990270128603
16.125033695814732,1.3199121193356518,0.38302018712764396,0.7701504859486118,0.8894481847158963,1.1216161971658065,0.07638389968489107,1.017092967417715
16.133126941116267,1.3229952846344768,0.3788921952384932,0.7683385813194337,0.889345860937666,1.1214413455565495,0.07494552291939993,1.0167917632928347
16.14123514167477,1.3260506855585992,0.37476641788050735,0.7665512048773122,0.8892419912738654,1.121267063091377,0.07354935904303815,1.0164952926865434
16.149358841131633,1.329078418528274,0.3706426692062108,0.7647880232558297,0.8891365844911878,1.1210933833461294,0.0721939147407531,1.0162034364855916
16.157498590512375,1.3320785744971635,0.36652075191701944,0.7630487123987048,0.889029648837042,1.1209203358147561,0.0708777610071803,1.0159160783339984
16.16565494886286,1.3350512389643234,0.36240045750869937,0.7613329573530195,0.8889211920405344,1.1207479461714531,0.06959952998788788,1.0156331045530966
16.173828483910345,1.3379964919819602,0.3582815664714089,0.7596404520705743,0.8888112213125245,1.120576236513366,0.06835791199748528,1.015354404061778
16.182019772743203,1.3409144081556899,0.3541638484499479,0.7579708992190444,0.8886997433448489,1.1204052255854124,0.06715165270496985,1.0150798682973683
16.19022940251535,1.3438050566385622,0.35004706236340943,0.7563240100019741,0.888586764308646,1.120234928988348,0.06597955047540822,1.014809391137054
16.19845797116484,1.3466685011141306,0.3459309564916748,0.754699503990064,0.8884722898519417,1.1200653593714862,0.06484045386019742,1.0145428688203575
16.206706088162736,1.3495047997733594,0.34181526852257726,0.7530971089607584,0.8883563250962915,1.11989652661082,0.0637332592248466,1.0142801998722228
16.214974375302962,1.3523140052877618,0.33769972555631267,0.75151656074459,0.8882388746323329,1.11972843797334,0.06265690850503734,1.0140212850265098
16.22326346750109,1.3550961647665936,0.3335840440847821,0.7499576030849289,0.8881199425147093,1.1195610982691175,0.06161038708783997,1.0137660271509898
16.23157401366257,1.3578513197174258,0.3294679299173808,0.7484199875000328,0.8879995322555155,1.1193945099908151,0.06059272180328412,1.013514331172062
16.239906677547268,1.3605795059839811,0.32535107809111247,0.7469034731618481,0.8878776468173131,1.1192286734428545,0.05960297902935855,1.013266104001505
16.248262138715557,1.3632807536883662,0.3212331727241532,0.7454078267761421,0.8877542886044973,1.1190635868593035,0.05864026289377965,1.013021254462751
16.256641093501894,1.3659550871578603,0.3171138868410808,0.743932822474878,0.8876294594537922,1.1188992465122258,0.05770371357400071,1.0127796932184032
16.265044256044366,1.368602524843999,0.31299288215695886,0.7424782417162897,0.8875031606234629,1.11873564681057,0.05679250568690909,1.012541332698204
16.27347235936308,1.3712230792297686,0.30886980882499104,0.7410438731947661,0.8873753927813502,1.118572780390317,0.05590584676441393,1.0123060870277267
16.281926156521774,1.3738167567335517,0.3047443051321215,0.7396295127556128,0.8872461559912065,1.118410638195772,0.05504297580704556,1.0120738719568991
16.290406421819895,1.376383557591151,0.3006159971694997,0.7382349633247217,0.8871154496981242,1.1182492095535146,0.05420316191725439,1.0118446047898886
16.298913952099824,1.3789234757396445,0.2964844984375236,0.7368600348399594,0.8869832727117677,1.1180884822378607,0.05338570300003652,1.0116182043140785
16.307449568096985,1.3814364986781362,0.2923494094217895,0.735504544197691,0.8868496231884997,1.1179284425296476,0.052589924535109016,1.0113945907301938
16.316014115899744,1.3839226073229145,0.2882103171083487,0.7341683152046942,0.8867144986113684,1.117769075267475,0.051815178410950846,1.0111736855818225
16.324608468503563,1.3863817758488526,0.2840667944469095,0.7328511785397327,0.8865778957681755,1.1176103638920787,0.05106084181981024,1.0109554116848518
16.3332335274414,1.3888139715086694,0.27991839977155497,0.7315529717290538,0.8864398107279053,1.1174522904845194,0.0503263162127426,1.0107396930573418
16.341890224575675,1.3912191544506767,0.2757646761388186,0.7302735391245604,0.8863002388141462,1.1172948357969288,0.049611026305097346,1.0105264548477455
16.350579523971476,1.393597277507791,0.2716051506227702,0.7290127318990414,0.8861591745767604,1.117137979277599,0.048914419137747515,1.010315623263614
16.35930242393018,1.3959482859757844,0.2674393335299543,0.7277704080486198,0.8860166117605253,1.116981699089245,0.04823596318562102,1.0101071254988825
16.36805995916708,1.398272117370916,0.263266717543039,0.7265464324074831,0.8858725432709815,1.1168259721210045,0.04757514751377819,1.009900889660282
16.376853203148915,1.400568701165872,0.25908677678649517,0.7253406766752223,0.8857269611372117,1.1166707739941166,0.046931480978667735,1.0096968446925716
16.385683270624998,1.4028379585068411,0.2548989657992203,0.724153019455074,0.8855798564709692,1.1165160790609192,0.046304491471263545,1.0094949203019536
16.394551320349105,1.4050798019041484,0.2507027184164529,0.7229833463068234,0.8854312194221771,1.1163618603974157,0.04569372520184959,1.0092950468778592
16.4034585580288,1.4072941348985482,0.24649744654455416,0.7218315498130135,0.8852810391301597,1.1162080897889368,0.045098746023555285,1.0090971554123986
16.41240623950888,1.4094808516966146,0.2422825388265284,0.7206975296616379,0.8851293036704628,1.1160547377089904,0.04451913479423896,1.0089011774175154
16.42139567424305,1.4116398367795409,0.23805735917380347,0.7195811927428039,0.8849759999963206,1.1159017732904788,0.04395448877344558,1.0087070448387756
16.43042822905234,1.413770964474618,0.23382124516612032,0.7184824532646676,0.8848211138747498,1.115749164289472,0.04340442105528044,1.0085146899660526
16.43950533223241,1.4158740984930638,0.2295735062914714,0.7174012328864398,0.8846646298161803,1.1155968770406202,0.04286856003423403,1.0083240453399818
16.44862847801697,1.4179490914230926,0.22531342202396784,0.7163374608738732,0.8845065309974509,1.1154448764041338,0.04234654890491725,1.0081350436542122
16.457799231479093,1.4199957841830333,0.22104023970263792,0.7152910742744222,0.8843467991767199,1.1152931257031165,0.041838045192577944,1.0079476176520625
16.46701923387941,1.4220140054203327,0.21675317220841633,0.7142620181189794,0.8841854146000814,1.1151415866511156,0.04134272031614343,1.0077617000176184
16.47629020854518,1.4240035708574534,0.21245139540162938,0.7132502456492602,0.8840223558983802,1.1149902192685788,0.0408602591816543,1.0075772232598863
16.485613967365072,1.4259642825824557,0.2081340452822481,0.712255718571564,0.8838575999726763,1.1148389817868576,0.04039035980487253,1.007394119588659
16.494992417901486,1.4278959282615953,0.2038002148738071,0.7112784073479672,0.883691121868268,1.114687830539713,0.03993273296672725,1.0072123207824144
16.50442757129747,1.4297982802854299,0.1994489507508376,0.7103182915185771,0.8835228946340927,1.114536719839442,0.03948710189692825,1.0070317580451909
16.513921551007975,1.4316710948242204,0.19507924919826,0.7093753600665594,0.8833528891669001,1.114385601837084,0.0390532019896718,1.0068523618523426
16.52347660253795,1.4335141107954985,0.1906900519208478,0.7084496118238499,0.8831810740368793,1.1142344263637,0.03863078054880235,1.0066740617822103
16.533095104233222,1.4353270487136904,0.18628024128415432,0.7075410559320079,0.88300741529384,1.114083140751851,0.03821959656740906,1.0064967863334067
16.542779579414884,1.4371096094331877,0.18184863495611556,0.7066497123516862,0.8828318762486518,1.1139316896324958,0.037819420537105325,1.006320462722957
16.552532709890986,1.4388614727387634,0.1773939799370456,0.7057756124429546,0.8826544172292408,1.113780014706522,0.03743003429527859,1.0061450166653976
16.56235735124067,1.4405822957965255,0.17291494580057631,0.7049187996088363,0.8824749953039129,1.1136280544844213,0.037051230904891576,1.0059703721264683
16.572256549946836,1.4422717114084054,0.1684101171147743,0.7040793300293657,0.8822935639705283,1.1134757439924812,0.036682814576985065,1.0057964510509316
16.5822335628928,1.4439293260795798,0.16387798481263008,0.7032572734801213,0.8821100728020481,1.1133230144370339,0.036324600630899005,1.0056231730564205
16.592291879432853,1.4455547178374597,0.15931693642153358,0.7024527142642242,0.8819244670445175,1.1131697928228252,0.035976415502557424,1.0054504550907983
16.602435246623035,1.4471474337872632,0.15472524489077533,0.7016657522634056,0.881736687156646,1.113016001515731,0.0356380968004729,1.0052782110442053
16.61266769806243,1.4487069873421419,0.15010105581927186,0.7008965041367569,0.8815466682826171,1.1128615577418688,0.035309493418823064,1.0051063513095642
16.62299358711411,1.4502328550892096,0.1454423727424499,0.7001451046837505,0.8813543396438669,1.1127063730101285,0.03499046571121363,1.004934782280237
16.63341762529687,1.451724473219481,0.1407470401290656,0.6994117084041012,0.8811596238351297,1.112550352444524,0.034680885735064795,1.0047634057735781
16.64394492687537,1.4531812334423444,0.13601272363378436,0.698696491289989,0.8809624360056587,1.1123933940087758,0.034380637577014116,1.0045921183655997
16.654581060932554,1.4546024782876523,0.1312368870380199,0.6979996528939857,0.8807626829017551,1.1122353876012336,0.034089617772099616,1.0044208106183203
16.665332112560943,1.4559874956784407,0.12641676515566494,0.6973214187248604,0.8805602617401551,1.1120762139922993,0.033807735832027785,1.0042493661762721
16.67620475521742,1.4573355126238687,0.12154933180034684,0.6966620430385315,0.8803550588742096,1.1119157435695803,0.033534914902642224,1.0040776607028865
16.687206336760827,1.4586456878319811,0.11663126170173181,0.6960218121141962,0.880146948205954,1.1117538348477702,0.03327109257819283,1.0039055606208125
16.698344982695943,1.4599171030214193,0.11165888481343274,0.6954010481134664,0.8799357892783708,1.111590332683859,0.03301622190067685,1.0037329216055408
16.709629720848824,1.4611487526017812,0.10662813114751145,0.6948001136708951,0.8797214249690974,1.1114250661257536,0.032770272590039715,1.0035595867721823
16.721070633381455,1.4623395313343948,0.10153446352589643,0.6942194173885742,0.8795036786753285,1.1112578457947322,0.03253323255641619,1.0033853844709006
16.73267904379645,1.4634882194333854,0.09637279487104226,0.6936594204761882,0.8792823508471167,1.1110884606724143,0.032305109767599545,1.0032101255819328
16.74446774942539,1.4645934644018683,0.09113738540291066,0.6931206448508501,0.8790572146730813,1.110916674115501,0.03208593456613974,1.0030336001605649
16.756451313840238,1.465653758647204,0.08582171336832374,0.6926036831226671,0.8788280106486784,1.1107422188555438,0.03187576256390773,1.0028555732263802
16.768646439155802,1.4666674115381602,0.08041831048991221,0.6921092110622558,0.8785944396537684,1.1105647906480487,0.03167467829384909,1.0026757794126286
16.781072447059376,1.4676325140640858,0.07491854940854359,0.6916380033685657,0.8783561540000138,1.110384040087917,0.03148279986330885,1.0024939160654562
16.793751909961177,1.4685468934124382,0.069312364854666,0.6911909539319507,0.8781127456735587,1.1101995618977571,0.031300284967600234,1.0023096342047415
16.80671149433334,1.469408053570958,0.06358788116373476,0.6907691023233435,0.8778637306108488,1.1100108806519797,0.031127338780104517,1.0021225264647922
16.819983110400123,1.4702130960434339,0.0577309045957399,0.6903736691376136,0.8776085272440277,1.1098174313642888,0.03096422450372177,1.0019321106782322
16.833605516729587,1.4709586115405031,0.051724214931389095,0.6900061042501401,0.8773464265323986,1.109618532462352,0.03081127779139853,1.0017378069952567
16.847626620241144,1.471640527889517,0.045546550260476874,0.6896681545403369,0.8770765489721623,1.1094133471430665,0.030668926985847583,1.0015389051273447
16.862106878497503,1.4722538894936394,0.039171105515316114,0.6893619620329545,0.8767977809564583,1.1092008263379847,0.030537722430397023,1.0013345159472258
16.87712452051063,1.4727925248965723,0.03256322887324536,0.6890902117431448,0.8765086770566682,1.1089796213725662,0.0304183805809173,1.0011234972934013
16.89278391435736,1.473248521641976,0.025676730214509245,0.6888563651073446,0.8762073033210087,1.1087479442144792,0.03031185358955177,1.0009043351519864
16.909229687328832,1.4736113475011359,0.018447652363109898,0.6886650505146458,0.8758909727537314,1.1085033318879443,0.03021944569859276,1.0006749432690092
16.926672010203617,1.4738662706670147,0.010783117787986737,0.6885227656300601,0.8755557716536239,1.1082422245352732,0.030143022962053633,1.0004323043779513
16.945434704907978,1.4739912586955346,0.0025401043350221867,0.6884392583327084,0.8751956590953411,1.107959160253744,0.030085428451416766,1.0001717870735112
16.966048273741347,1.4739502845807413,-0.0065156259908422855,0.6884305232023941,0.8748007311417506,1.1076452003261223,0.030051401417557303,0.9998858204352659
16.98935837034712,1.4736790388874594,-0.016757693395641975,0.6885253259795651,0.874355250451652,1.107285928045311,0.030049726005365818,0.9995623078413164
17.011787040809228,1.4731926347513384,-0.02661661306981245,0.6887215082840414,0.8739279540880609,1.1069354441928438,0.03008503923886815,0.9992504036974463
17.030902623244355,1.472603493128454,-0.03502422962538742,0.688970106492871,0.8735649858204009,1.106632539779827,0.030143872519682716,0.9989836730538124
17.050018205679482,1.4718535781952475,-0.04343803894050702,0.689293811269395,0.8732032789547959,1.1063254697678646,0.03022937788391398,0.9987158605794695
17.067905765053805,1.4710061097129459,-0.051318254764189636,0.6896649577704138,0.8728660759350316,1.1060339413438955,0.03033381490391147,0.9984639286998971
17.084231770372195,1.470109530243078,-0.058517444595096585,0.6900615057173697,0.8725594795976016,1.1057640369502009,0.030450019805903245,0.9982326352357711
17.099745664276,1.4691485861271585,-0.0653655018462172,0.6904896615994667,0.8722692513575417,1.1055039883992561,0.03057918580899622,0.9980115081402302
17.114710697668205,1.4681209166926954,-0.07197849094130918,0.6909502829865328,0.8719903945527525,1.105249626330447,0.030721363939344597,0.9977968000913368
17.129143845053157,1.4670359693940271,-0.07836382737314239,0.691439037779029,0.871722540098896,1.1050008310145456,0.030875125353997314,0.9975882604484908
17.143112523277168,1.4658981245491798,-0.0845512013869101,0.6919538897238873,0.8714643843264763,1.1047566118877423,0.0310397785734595,0.9973849285563141
17.15668478208383,1.4647097339541741,-0.09057063379721075,0.6924937498306879,0.8712146249949939,1.1045159202820574,0.03121497057558502,0.9971858253114101
17.1699104072111,1.4634730492766894,-0.09644410523568936,0.6930575997101196,0.8709723088485851,1.1042779854990734,0.03140040215015459,0.9969902271641815
17.18282887124814,1.4621900402295602,-0.10218905983528097,0.6936445663240329,0.8707366810075906,1.1040421891271057,0.031595843166119825,0.9967975545310072
17.195472736732956,1.4608623862618204,-0.10781990452402643,0.6942539217490497,0.8705071201819172,1.1038080121094498,0.031801128065466235,0.9966073237050515
17.207869123524084,1.4594915492875804,-0.113348653106911,0.6948850474000479,0.8702831101900553,1.1035750137403293,0.032016141291489164,0.9964191264954453
17.22004088541159,1.4580788172815342,-0.1187854431942892,0.6955374122369566,0.8700642172287487,1.103342814479781,0.03224080810414569,0.9962326138422175
17.232007503086376,1.456625334163371,-0.12413892869375222,0.6962105577436178,0.8698500726532077,1.1031110828038806,0.03247508821707553,0.9960474833452001
17.24378575100239,1.4551321227696077,-0.12941657295095266,0.6969040864217803,0.8696403601185612,1.1028795253758468,0.032718971008375675,0.9958634699390997
17.255390204237507,1.4536001028261407,-0.1346248715834315,0.6976176528228859,0.8694348058077394,1.1026478795656727,0.03297247186536574,0.995680338795642
17.266833629869158,1.4520301052207798,-0.13976952456669597,0.6983509564546453,0.869233170887357,1.1024159076629325,0.033235629365998505,0.9954978798332391
17.2781272930726,1.450422883543013,-0.14485557084089432,0.6991037360720852,0.8690352456083219,1.1021833923405946,0.033508503080410555,0.9953159034145762
17.289281199530574,1.4487791235381222,-0.14988749492331818,0.6998757650234873,0.8688408446347593,1.1019501330523378,0.03379117184572225,0.9951342369316762
17.300304289598266,1.4470994509433674,-0.15486931231246462,0.7006668474132565,0.8686498033033799,1.1017159431362675,0.034083732408456344,0.9949527220634864
17.311204595361453,1.4453844380641667,-0.15980463857653698,0.7014768149003328,0.8684619745983044,1.1014806474618177,0.03438629835490625,0.9947712125511265
17.321989369034178,1.4436346093224826,-0.1646967458399938,0.7023055240133623,0.8682772266787728,1.101244080494508,0.034698999276468225,0.9945895723727041
17.332665188737554,1.4418504459937744,-0.16954860932153987,0.7031528538737929,0.8680954408429704,1.1010060846905596,0.03502198012322957,0.9944076742338267
17.3432380463708,1.4400323902785255,-0.17436294599434968,0.7040187042528602,0.867916509837179,1.1007665091518501,0.03535540071371663,0.9942253983080368
17.353713421265287,1.438180848805447,-0.17914224699258752,0.7049029939129011,0.8677403364393713,1.100525208485937,0.03569943537932181,0.9940426311752755
17.364096342150262,1.436296195698455,-0.183888804872161,0.7058056591675851,0.8675668322679592,1.1002820418356458,0.0360542727166705,0.9938592649237483
17.374391439868027,1.434378775232218,-0.18860473680183634,0.7067266526473536,0.8673959167693785,1.1000368720400646,0.03642011544170444,0.9936751963802286
17.384602992276427,1.4324289041805467,-0.1932920043126815,0.7076659422189141,0.8672275163561757,1.0997895649077187,0.036797180325265993,0.9934903264494735
17.39473496282963,1.4304468738807166,-0.19795243026365064,0.7086235100466821,0.8670615636672064,1.0995399885787505,0.03718569820543107,0.9933045595414185
17.404791033870982,1.4284329520606827,-0.2025877134771328,0.7095993517729411,0.8668979969299265,1.0992880129610991,0.03758591406784515,0.9931178030717737
17.41477463553481,1.4263873844559047,-0.20719944143942526,0.7105934758033952,0.8667367594075807,1.0990335092270318,0.03799808718946935,0.9929299670232755
17.424688970849882,1.4243103962656771,-0.21178910132424333,0.7116059026736357,0.8665777989195285,1.0987763493623566,0.038422491336664255,0.9927409635597874
17.434537037790744,1.4222021934373748,-0.2163580896709681,0.712636664501949,0.8664210674208483,1.0985164057554078,0.03885941502097338,0.9925507066819643
17.44432164860533,1.4200629638267994,-0.22090772085887028,0.7136858045049824,0.8662665206344573,1.0982535508223,0.03930916180421283,0.9923591119204912
17.454045446876567,1.4178928782375253,-0.22543923457985557,0.7147533765747832,0.8661141177271338,1.0979876566608353,0.039772050653615346,0.9921660960601134
17.463710922622997,1.4156920913571958,-0.22995380244328226,0.7158394449084691,0.8659638210235064,1.097718594728646,0.040248416344898105,0.9919715768902713
17.47332042572429,1.413460742599416,-0.23445253383873396,0.7169440836863585,0.8658155957525588,1.0974462355409296,0.04073860991316858,0.9917754729781535
17.48287617786963,1.4111989568682581,-0.23893648114283225,0.7180673767902787,0.8656694098227273,1.0971704483850708,0.04124299914987131,0.9915777034615508
17.492380283262094,1.4089068452448936,-0.2434066443734225,0.7192094175624144,0.8655252336212614,1.0968911010479419,0.04176196914788,0.9913781878579356
17.501834738213404,1.4065845056103563,-0.2478639753492646,0.7203703085979298,0.8653830398351576,1.0966080595540186,0.04229592289382974,0.9911768458879998
17.511241439758646,1.4042320232136123,-0.25230938141150866,0.7215501615669326,0.8652428032911333,1.0963211879123087,0.04284528190785383,0.9909735973118633
17.520602193448855,1.4018494711810747,-0.2567437287773365,0.7227490970678884,0.8651045008117692,1.096030347868887,0.043410486934039004,0.9907683617754023
17.529918720383886,1.3994369109821634,-0.2611678455515935,0.7239672445053806,0.8649681110864639,1.0957353986644234,0.04399199868083916,0.9905610586660649
17.539192663594523,1.396994392850121,-0.26558252444461994,0.725204741992787,0.8648336145552004,1.095436196794414,0.04459029861433807,0.9903516069764063
17.548425593843913,1.394521956163324,-0.26998852522645705,0.726461736277446,0.8647009933037603,1.0951325957708677,0.045205889806047284,0.9901399251743856
17.5576190149096,1.3920196297916865,-0.27438657694374097,0.7277383826861912,0.8645702309691945,1.0948244458842198,0.04583929783721266,0.9899259310795191
17.566774368415683,1.3894874324078512,-0.27877737992977314,0.7290348450916259,0.8644413126542843,1.0945115939638548,0.046491071763015125,0.9897095417437708
17.575893038244555,1.386925372771328,-0.2831616076193987,0.730351295895203,0.8643142248503336,1.094193883136743,0.047161785138127924,0.9894906733368816
17.584976354594776,1.3843334499817495,-0.28753990819815406,0.731687916029285,0.8641889553671421,1.0938711525823597,0.047852037108334806,0.9892692410349572
17.59402559770971,1.3817116537069545,-0.29191290609538534,0.7330448949755043,0.8640654932696283,1.093543237283268,0.04856245357076267,0.9890451589120176
17.60304200131111,1.3790599643877361,-0.2962812033355676,0.7344224307987086,0.8639438288204606,1.0932099677703804,0.04929368840648548,0.9888183398339909
17.612026755771293,1.3763783534197913,-0.30064538076200265,0.735820730196454,0.863823953428085,1.0928711698617704,0.05004642478990191,0.9885886953545836
17.620981011037603,1.3736667833181493,-0.3050059991374487,0.7372400085615418,0.863705859599826,1.0925266643945446,0.050821376578268566,0.988356135612917
17.62990587937509,1.3709252078525707,-0.3093636001517012,0.738680490063878,0.8635895408990643,1.0921762669472184,0.05161928978987039,0.9881205692314836
17.638802437873977,1.3681535721774012,-0.31371870730814033,0.7401424077396439,0.8634749919070945,1.0918197875544253,0.05244094416974594,0.9878819032159574
17.64767173081717,1.3653518129338111,-0.31807182673361883,0.7416260035995835,0.8633622081883097,1.091457030410082,0.05328715485519643,0.9876400428545934
17.65651477188499,1.3625198583370344,-0.32242344789862276,0.7431315287501215,0.8632511862589418,1.0910877935594958,0.05415877414397234,0.9873948916179435
17.665332546192808,1.3596576282558488,-0.3267740442434225,0.7446592435237063,0.8631419235593272,1.0907118685802102,0.0550566933696803,0.9871463510591573
17.674126012237206,1.3567650342651596,-0.3311240737452771,0.7462094176288443,0.8630344184286767,1.0903290402480057,0.055981844897648125,0.9868943207129699
17.68289610370116,1.3538419796918368,-0.33547397940020673,0.7477823303094469,0.8629286700829263,1.0899390861894753,0.05693520424306469,0.9866386979948343
17.691643731152105,1.3508883596472943,-0.33982418963366107,0.7493782705172217,0.8628246785951859,1.0895417765191282,0.05791779232179641,0.986379378099395
17.700369783658147,1.3479040610420225,-0.3441751186502924,0.7509975371000355,0.8627224448784441,1.0891368734591456,0.05893067784467819,0.9861162538976989
17.709075130317956,1.3448889625867644,-0.3485271667181825,0.7526404390041044,0.8626219706705593,1.0887241309410909,0.05997497986375702,0.9858492158333575
17.71776062169254,1.3418429347877092,-0.3528807203789672,0.7543072954863295,0.8625232585216382,1.0883032941892061,0.06105187047854992,0.9855781518181406
17.72642709118932,1.3387658399212614,-0.35723615260624086,0.7559984363449959,0.8624263117831927,1.087874099281936,0.06216257771875069,0.9853029471256175
17.735075356371922,1.335657532000001,-0.36159382289607,0.7577142021629216,0.8623311345993757,1.087436272691715,0.06330838861189045,0.9850234842837325
17.7437062202068,1.3325178567286098,-0.36595407729194007,0.7594549445640851,0.8622377319001508,1.0869895308013149,0.06449065244966011,0.9847396429661495
17.75232047226887,1.3293466514439756,-0.37031724835199703,0.7612210264873364,0.8621461093961466,1.086533579394216,0.06571078426952631,0.984451299881747
17.760918889903905,1.326143745042163,-0.3746836550538447,0.7630128224761901,0.862056273575232,1.0860681131176215,0.06697026856647656,0.9841583286625071
17.76950223933308,1.322908957899639,-0.3790536026255913,0.7648307189810079,0.8619682317009705,1.0855928149172496,0.06827066324895208,0.9838605997504198
17.7780712767459,1.3196421017733564,-0.3834273823224179,0.7666751146826453,0.8618819918124775,1.085107355439675,0.06961360386337893,0.9835579802820454
17.786626749332473,1.316342979699686,-0.3878052711191628,0.7685464208268539,0.8617975627262112,1.0846113924029657,0.07100080809932272,0.9832503339726014
17.795169396318126,1.3130113858699008,-0.39218753134616224,0.7704450615824884,0.861714954039074,1.0841045699300471,0.07243408060588077,0.9829375209976305
17.803699949959526,1.309647105499024,-0.39657441024217077,0.7723714744146116,0.8616341761332766,1.0835865178447455,0.073915318136074,0.9826193978738783
17.81221913652425,1.3062499146810636,-0.4009661394297782,0.7743261104769771,0.8615552401827745,1.0830568509268974,0.07544651504754676,0.9822958173389624
17.820727677259185,1.3028195802296758,-0.40536293430980835,0.7763094350250451,0.8614781581612729,1.0825151681234684,0.0770297691878413,0.9819666282299057
17.82922628934394,1.2993558595069374,-0.40976499336584515,0.7783219278486176,0.8614029428518851,1.0819610517130558,0.07866728819329127,0.9816316753610794
17.837715686839186,1.2958585002373693,-0.4141724973765267,0.7803640837263784,0.8613296078584072,1.0813940664200448,0.08036139623572224,0.9812907994016125
17.84619658163505,1.2923272403061257,-0.4185856085300437,0.7824364129036679,0.8612581676182312,1.0808137584746518,0.08211454125344371,0.980943836752531
17.854669684393905,1.2887618075446636,-0.42300446942896214,0.7845394415922748,0.8611886374170161,1.0802196546156009,0.0839293027040914,0.9805906194244499
17.863135705501012,1.2851619194993602,-0.4274292019824866,0.7866737124956283,0.8611210334050792,1.079611261030546,0.08580839988423793,0.9802309749159152
17.871595356021647,1.2815272831845232,-0.4318599061746918,0.7888397853593369,0.8610553726156083,1.0789880622299968,0.08775470086182219,0.9798647260931793
17.880049348675914,1.2778575948159383,-0.43629665870271533,0.7910382375501968,0.8609916729847071,1.078349519849291,0.08977123207456518,0.9794916910718183
17.88849839881836,1.274152539531411,-0.4407395114651123,0.7932696646606788,0.8609299533734789,1.077695071374452,0.09186118864685323,0.9791116831016922
17.896943225444137,1.270411791089931,-0.4451884898973923,0.7955346811447698,0.8608702335920958,1.0770241287848672,0.09402794549078243,0.9787245104554587
17.905384552221847,1.2666350115501859,-0.4496435911389898,0.797833920985724,0.8608125344259935,1.076336077106725,0.09627506925838827,0.9783299763218913
17.91382310855457,1.262821850928663,-0.45410478201499976,0.8001680383965912,0.8607568776643233,1.0756302728705744,0.09860633121878813,0.9779278787053958
17.922259630667767,1.2589719468390255,-0.45857199681262045,0.8025377085535065,0.8607032861308266,1.074906042466082,0.10102572114018295,0.9775180103334921
17.93069486274263,1.2550849241054496,-0.4630451348407489,0.804943628367288,0.8606517837171768,1.0741626803847695,0.10353746227025225,0.9771001585733178
17.939129558097918,1.2511603943494896,-0.4675240577506532,0.8073865172948194,0.8606023954189711,1.0733994473420168,0.10614602751371051,0.9766741053591862
17.947564480407895,1.2471979555574046,-0.472008586584888,0.8098671181870961,0.8605551473746524,1.0726155682703202,0.10885615691062565,0.9762396271343509
17.95600040499405,1.243197191611804,-0.4764984985452434,0.8123861981852145,0.8605100669073654,1.0718102301705081,0.11167287654544047,0.9757964948080013
17.96443812016927,1.2391576717987969,-0.4809935234359706,0.8149445496586947,0.8604671825701313,1.070982579811904,0.11460151901133793,0.9753444737318474
17.97287842865614,1.2350789502820814,-0.4854933397576657,0.8175429911928428,0.8604265241944938,1.0701317212676102,0.11764774558139242,0.9748833236989886
17.981322149087834,1.230960565541557,-0.4899975704160042,0.8201823686281646,0.860388122942904,1.0692567132710853,0.12081757024984965,0.9744127989689617
17.989770117594162,1.2268020397770396,-0.49450577800176004,0.8228635561529815,0.8603520113651715,1.0683565663795265,0.12411738582203077,0.973932648323777
17.998223189488503,1.2226028782716274,-0.49901745960013616,0.8255874574543093,0.8603182234592802,1.06743023992695,0.12755399225542935,0.9734426151597979
18.006682241065466,1.218362568712167,-0.5035320410783829,0.8283550069303212,0.8602867947369424,1.06647663874885,0.13113462747467095,0.9729424376214321
18.015148171518646,1.2140805804649195,-0.5080488707934977,0.8311671709673534,0.8602577622943073,1.0654946096587434,0.13486700090718334,0.9724318487835873
18.023621904996475,1.2097563638004554,-0.5125672126587107,0.8340249492871467,0.8602311648882636,1.064482937654071,0.13875933001780172,0.971910576890444
18.03210439280439,1.2053893490671872,-0.5170862384932966,0.8369293763665892,0.8602070430188633,1.0634403418279925,0.14282038014754236,0.9713783456599475
18.040596615791223,1.2009789457980975,-0.521605019586022,0.8398815229421621,0.8601854390183787,1.06236547095768,0.14705950801112175,0.9708348746630241
18.049099586899455,1.1965245417657266,-0.5261225173598408,0.8428824975911345,0.8601663971477435,1.0612568987442483,0.1514867092201888,0.9702798797918424
18.057614353946995,1.1920255019557948,-0.5306375730591142,0.8459334484113485,0.8601499637009635,1.060113118665846,0.1561126702865198,0.9697130738279134
18.066142002631373,1.1874811674700458,-0.5351488963244082,0.8490355647948202,0.8601361871184028,1.058932538411548,0.1609488255744828,0.9691341671278415
18.0746836597989,1.1828908543430743,-0.5396550525299001,0.8521900793076843,0.8601251181098133,1.0577134738537912,0.1660074197556593,0.9685428684439781
18.083240497004244,1.178253852267737,-0.5441544487289847,0.8553982696825481,0.8601168097881543,1.0564541425150684,0.17130157637708554,0.9679388859012701
18.09181373440719,1.1735694232134688,-0.5486453180414669,0.8586614609365059,0.8601113178153618,1.0551526564771423,0.17684537324350907,0.967321928153779
18.10040464502984,1.1688367999359248,-0.5531257022760364,0.8619810276184691,0.8601087005614213,1.053807014679278,0.18265392538733521,0.9666917057500837
18.10901455943982,1.1640551843550964,-0.5575934325723247,0.8653583962042962,0.8601090192782478,1.0524150945400585,0.1887434765262817,0.966047932738681
18.11764487089714,1.1592237457961516,-0.5620461077951382,0.8687950476465095,0.8601123382901245,1.0509746428349547,0.195131500006942,0.9653903285521535
18.12629704104244,1.1543416190675577,-0.5664810703911214,0.8722925200993201,0.860118725202695,1.0494832657482498,0.2018368103923197,0.9647186202126568
18.13497260618124,1.149407902366595,-0.5708953793552898,0.8758524118288964,0.8601282511328086,1.0479384180131917,0.2088796869892997,0.9640325449108025
18.143673184271627,1.1444216549761275,-0.5752857799222304,0.8794763843377119,0.8601409909618911,1.0463373910359308,0.2162820108298886,0.9633318530153266
18.152400482686105,1.1393818947411236,-0.5796486695072139,0.8831661657144313,0.8601570236159092,1.0446772998941063,0.22406741679964773,0.9626163115846605
18.161156306882326,1.1342875952820595,-0.5839800593713573,0.8869235542435709,0.8601764323755345,1.0429550690774336,0.23226146289898225,0.9618857084595885
18.16994257011472,1.1291376829093656,-0.5882755313833908,0.8907504223046536,0.8601993052207203,1.0411674168233431,0.2408918189072046,0.9611398570317293
18.17876130432828,1.12393103320516,-0.5925301891361856,0.894648720589265,0.8602257352145783,1.0393108378829539,0.24998847705719823,0.9603786018003783
18.187614672460203,1.118666467197773,-0.5967386025744007,0.8986204826951881,0.8602558209324717,1.0373815845167378,0.25958398780212383,0.9596018248452763
18.19650498233144,1.1133427470907624,-0.6008947450952397,0.9026678301306669,0.8602896669431155,1.0353756455059038,0.26971372417768413,0.9588094533730818
18.205434702427194,1.1079585714524258,-0.6049919219318532,0.906792977804203,0.8603273843499816,1.0332887229158283,0.2804161789317441,0.9580014685174199
18.21440647988941,1.1025125697732634,-0.6090226883840733,0.9109982400758938,0.860369091402872,1.031116206311645,0.2917332992848944,0.9571779156089699
18.223423161106755,1.0970032962817633,-0.6129787561776999,0.9152860374608862,0.8604149141915086,1.0288531440768185,0.3037108650466593,0.9563389161738026
18.232487815392616,1.0914292228708082,-0.616850885896047,0.9196589041070101,0.860464987435585,1.0264942114190552,0.31639891689401617,0.9554846819665513
18.241603762336013,1.08578873096145,-0.6206287629909751,0.9241194961916629,0.8605194553888418,1.024033674574873,0.3298522429013777,0.9546155314075235
18.25077460357761,1.080080102068848,-0.6243008543552594,0.9286706014358215,0.8605784728789241,1.021465350621659,0.34413093305872144,0.9537319088653654
18.260004259905436,1.0743015067990425,-0.6278542417453615,0.9333151499676602,0.8606422065097503,1.0187825621959306,0.35930101346983523,0.952834407323321
18.26929701483766,1.068450991903074,-0.6312744275004973,0.9380562268575583,0.8607108360600355,1.015978086254045,0.3754351745042268,0.9519237950790633
18.27865756615697,1.062526464916091,-0.6345451068961676,0.9428970867375848,0.8607845561203263,1.0130440958175082,0.39261361038334164,0.9510010472740915
18.288091087262615,1.0565256757710648,-0.6376479000397764,0.9478411710465509,0.8608635780224085,1.0099720933907745,0.4109249918113768,0.9500673832328348
18.297603300792456,1.0504461945579133,-0.6405620343579594,0.9528921286435582,0.86094813213069,1.0067528343879442,0.43046759873302065,0.9491243108224519
18.3072005676967,1.0442853843386108,-0.6432639662358421,0.9580538407807487,0.861038470585993,1.003376238451463,0.4513506474267482,0.9481736793489915
18.316889996006754,1.0380403675274432,-0.6457269270416157,0.9633304518068784,0.8611348706212001,0.9998312859082514,0.4736958558156384,0.9472177428989901
18.326679575025988,1.0317079837746836,-0.6479203742241422,0.9687264075210542,0.8612376386087146,0.9961058957177947,0.4976393041206491,0.9462592365580802
18.336578342775926,1.0252847364671709,-0.6498093218565824,0.9742465038948926,0.8613471150571823,0.9921867799986304,0.5233336664514304,0.9453014686439103
18.346596597591915,1.018766723738166,-0.6513535160663626,0.9798959500729814,0.8614636808580757,0.9880592683725975,0.5509509152571258,0.9443484330610503
18.35674616939196,1.0121495479746274,-0.6525064078985946,0.9856804514254446,0.8615877652066831,0.9837070925735197,0.580685639244313,0.9434049472405991
18.367040773116564,1.0054281949025137,-0.653213857055503,0.9916063212948218,0.8617198558091697,0.9791121175077572,0.612759173281467,0.9424768230851283
18.377496477892283,0.9985968685995164,-0.6534124709125189,0.9976806347569398,0.8618605122805305,0.9742539981620875,0.6474248288107742,0.9415710812269562
18.3881323432845,0.9916487610238761,-0.6530274376110141,1.0039114454202132,0.8620103841091474,0.9691097306677309,0.6849746573108838,0.9406962233320462
18.398971305576623,0.984575720269251,-0.6519696376221625,1.0103081004994172,0.8621702353742741,0.9636530461358481,0.7257484256454916,0.9398625840868124
18.410041444227737,0.9773677613938015,-0.6501316923739926,1.0168817100246463,0.8623409796971365,0.9578535649435763,0.770145881614634,0.9390827966106822
18.421377862254865,0.970012314439173,-0.6473823838496521,1.0236458746450545,0.8625237315045216,0.9516755633997168,0.8186441778082322,0.9383724248405684
18.433025601774705,0.9624930162254106,-0.6435584520694501,1.0306178644467952,0.862719884537633,0.9450760812195851,0.8718238152744459,0.9377508546250712
18.445044410642268,0.9547876637315587,-0.638451909336148,1.0378206295193002,0.8629312386553902,0.9380018357420251,0.9304095944789899,0.9372426116157216
18.457517093043812,0.9468644994505022,-0.6317890709912606,1.0452864685229428,0.8631602192344258,0.9303837929283925,0.9953402766624538,0.9368794413017987
18.470565533713643,0.9386748332884846,-0.6231926371334285,1.053064341950141,0.8634102929610613,0.9221266430634837,1.0678992254357602,0.9367039013007114
18.484385578361753,0.9301364511018171,-0.6121038790228468,1.0612363516844703,0.8636868618499594,0.9130855614301988,1.1499941357378207,0.936776418860961
18.49933836081711,0.9210889035508755,-0.5975897323716584,1.0699621837596023,0.8639995778116135,0.9030043691261666,1.2448820016674425,0.9371921323802941
18.516265646539406,0.9111362619294172,-0.577699316654868,1.079635483853278,0.8643702859869696,0.8912988948906669,1.3596678750325102,0.9381357929048513
18.533286571693225,0.9015019365386528,-0.5536520383991178,1.0890700020850124,0.8647605636039367,0.8793407879783892,1.482362144959832,0.9396429236765336
18.550307496847044,0.8923138585727582,-0.5252111091097745,1.0981309086203968,0.8651678807423033,0.8673657638609462,1.611239347516367,0.9417531222264883
18.565735448676293,0.8844358888785642,-0.4953909651509416,1.1059516409137122,0.8655512188100037,0.8566776991201939,1.731998291592508,0.9442097583674253
18.580387212861396,0.8774077383443429,-0.46335519179221474,1.1129757007567962,0.8659271139059167,0.8468568425731356,1.8485548120539526,0.9470266395212174
18.59464620624389,0.8710442194829141,-0.42861818384443817,1.1193850442217044,0.8663033707080238,0.8377953041319499,1.9619520485205584,0.9502109785708108
18.608687439846115,0.8652862580913799,-0.3909645128933335,1.1252424512316213,0.8666832511979542,0.8295477753839803,2.0715850050920683,0.9537514983547891
18.622607182757058,0.8601232625253,-0.3503167570133327,1.1305670632717773,0.8670682672305751,0.8222410562654604,2.1760773490176337,0.9576246855406778
18.636449232144074,0.8555721642353412,-0.30675203843432114,1.1353542151697702,0.8674586294295659,0.8160488596493258,2.273490496667698,0.9617930233511631
18.65020131445273,0.8516680135512639,-0.2605807039862419,1.1395829705266833,0.8678529757234941,0.8111739790674327,2.361433816524391,0.9661999628131286
18.663779040456134,0.8484539465150911,-0.21246026277877708,1.1432225161482144,0.8682477795546557,0.8078175884568343,2.437276781414786,0.9707635077526295
18.677020879768456,0.8459629949478384,-0.16345506789122438,1.1462449799957275,0.8686371183231508,0.8061236993075711,2.4986430721136186,0.9753756365881759
18.68972321931281,0.8441937281747754,-0.11489925445966506,1.1486453400717402,0.8690137133757253,0.8061141310536425,2.544151206380035,0.9799178385862818
18.701697268528637,0.843097252443965,-0.0681093544240724,1.1504540063957152,0.8693707349805826,0.8076599426824965,2.5739117848604844,0.9842851269002955
18.71277991553773,0.842585118991614,-0.024249405032463152,1.1517305678008678,0.8697022743811402,0.8104994930438123,2.589414285516271,0.9883909722910582
18.721181281694474,0.8425216958901117,0.009160583445192334,1.152440990729759,0.8699539333817838,0.8135767570457236,2.593223938920254,0.9915414752331768
18.729577010435747,0.8427387696847514,0.04253667301316209,1.1529270537923306,0.8702054224217748,0.8174545734740524,2.590130015774402,0.9947221177040874
18.73869031516318,0.8432909185317212,0.07859425474026618,1.1531987199554914,0.870478103296601,0.8225665132355171,2.5790167679970275,0.9982115387116682
18.74879081126254,0.8442849692292924,0.11814829782533039,1.1531847056308726,0.870779563725632,0.8293073607377011,2.5574798652694315,1.0021246111908741
18.75966788534791,0.8457985662996081,0.16001376922756516,1.152793680830147,0.871102813130803,0.8377794875632629,2.5239031843792925,1.006391857244866
18.771210382662517,0.8478967382013644,0.2033274231290761,1.1519452250000661,0.8714436599400078,0.8480540921131972,2.477275042082249,1.0109761871101024
18.783364568846885,0.8506375520184067,0.2473910040714327,1.1505608455462735,0.8717994447426797,0.8601595021769258,2.4170929732812914,1.0158528492873624
18.79610540474152,0.85407329322928,0.2915689717267547,1.1485602134719513,0.8721681671892507,0.8740622600799678,2.3433629581059865,1.0209923298825698
18.809379802652064,0.8582356534195633,0.3351127279295994,1.1458705630349828,0.8725468451838185,0.8896000637021464,2.2569079125461746,1.0263308485865492
18.82296986894465,0.863076651200375,0.3768171529238332,1.1424747550787362,0.872927811070921,0.9062997522260283,2.160429246961868,1.0317127016996124
18.836426560472397,0.8684082117001198,0.41507055758087075,1.1384771900524981,0.8732974622053437,0.9232892662944078,2.059184318558123,1.0368787715207792
18.84941398569184,0.8740225733819422,0.4490235957062906,1.1340329127433721,0.8736463056459649,0.9398058828305549,1.9580588471652323,1.0416311792640227
18.861909283007765,0.8798228090255414,0.47890890764894284,1.1292334616617632,0.8739739526503255,0.9555483966733541,1.8592326384454454,1.0459168208505634
18.87402061426522,0.8857853283369013,0.505288003289165,1.1241162256125625,0.8742835409017691,0.9704605680125384,1.7633115280375617,1.0497456640150409
18.88586778953552,0.891912420989064,0.5286737283893791,1.1186959153705789,0.8745783323886477,0.9845547028610359,1.6703921644964361,1.0531384490245759
18.89755938817998,0.8982172365071162,0.5494770068697192,1.1129759940078223,0.8748610886638041,0.99786151396347,1.5803970999487156,1.0561150725619946
18.909196371947786,0.9047214528483031,0.568024615465845,1.1069506190722342,0.8751341619196521,1.0104200413954367,1.4931546955991126,1.0586935068158043
18.920881435023592,0.9114575578044232,0.5845819407086617,1.1006025455732407,0.8753997053783151,1.0222773626255421,1.408405085910853,1.0608901349540731
18.93273280168923,0.9184752280118783,0.5993720944444499,1.0938970557415653,0.8756599402112852,1.0334924461832125,1.3257659651861269,1.062719798083504
18.944909244711063,0.925855909726788,0.6125941082541839,1.0867678479556158,0.8759175871935617,1.0441461473101106,1.244636449537172,1.0641951775328167
18.957670709433607,0.9337512563744792,0.6244502867866222,1.0790795748123547,0.8761768671182049,1.0543691715405954,1.1639270321663837,1.0653249576031742
18.971593240847703,0.9425227218875555,0.6352294783010938,1.07049133131952,0.8764470482034499,1.0644490652312424,1.0810416284463586,1.066108321552754
18.98631395822137,0.9519438886110332,0.6443939259490157,1.0612423761946905,0.8767182141739047,1.0739437479474372,0.999284813260313,1.0664778544787248
18.998670222002893,0.9599452080220672,0.650476777479142,1.053388115547639,0.876934285150457,1.0810456035171645,0.9352540330594095,1.0664664464713889
19.011026485784416,0.9680133213003876,0.6552258309695255,1.0454848057843247,0.8771398356678609,1.087410233670384,0.875297794695396,1.0661989897728852
19.022498932770922,0.9755503657724571,0.6585458503438703,1.0381278378289174,0.8773213016699278,1.092707015879367,0.8231489986363577,1.065751214155066
19.033324499656313,0.9826924349172371,0.6608000338081597,1.0311878165506976,0.8774843007631857,1.097204806624697,0.7769215423866193,1.0651764802008894
19.043706332344108,0.989560755460906,0.662227491959741,1.024548644966126,0.8776331632879498,1.1010963607321618,0.7351896241022186,1.0645056870691676
19.053752825818886,0.996218096965163,0.6629802874016236,1.0181506414635177,0.8777703274286414,1.1044988334682997,0.6971195676412164,1.0637609068855913
19.063532659757648,1.002703268065912,0.6631670160291195,1.0119569729706066,0.8778974031124744,1.107493902851329,0.6621430877044269,1.062958821336639
19.073093322727196,1.00904252754271,0.6628701705080571,1.0059426320199685,0.87801554524254,1.1101426609338665,0.6298408880251516,1.062112483642995
19.082469593996972,1.0152547398844056,0.6621549539378945,1.0000894961123181,0.8781256288116381,1.1124928839368833,0.5998874160975408,1.061232337152949
19.091688007212,1.0213540530581509,0.661074354484097,0.9943837844347055,0.8782283430795811,1.1145830947878823,0.5720207903621093,1.060326864345305
19.100769436962633,1.027351430500341,0.6596723260354249,0.9888146169560142,0.8783242471915104,1.1164450526419034,0.5460248101587274,1.0594030283935858
19.109730705002654,1.0332555905713543,0.6579859077811605,0.9833731400207653,0.8784138053133651,1.1181053836089228,0.5217174316983315,1.0584665884178637
19.118585631726,1.0390736139626333,0.6560467040543071,0.9780519671714116,0.8784974099976697,1.1195867045193046,0.4989429882195839,1.0575223328893326
19.127345754098457,1.0448113533895427,0.6538819560418186,0.9728448062280425,0.8785753983687696,1.1209084288782005,0.4775667134818929,1.05657425733857
19.136020832783736,1.0504737195141776,0.6515153412029941,0.9677462019947667,0.8786480637097175,1.1220873637207633,0.45747075348758004,1.0556257026974452
19.144619220633288,1.0560648862418343,0.6489675842667952,0.9627513536153604,0.8787156639872357,1.12313816338812,0.4385511788315921,1.0546794649324671
19.15314813688039,1.0615884416918056,0.6462569338367339,0.9578559817509018,0.8787784282700013,1.1240736821395405,0.42071569277629844,1.0537378832032165
19.161613875349857,1.0670475015063574,0.6433995406571476,0.9530562299530897,0.8788365616569271,1.1249052532346668,0.4038818370180769,1.0528029116130078
19.17002196538972,1.0724447954263558,0.6404097623184436,0.9483485900593515,0.8788902491266091,1.1256429132993415,0.3879755622509601,1.0518761781945034
19.178377298164907,1.0777827344589752,0.6373004118957186,0.9437298448409813,0.8789396585891537,1.1262955851337078,0.3729300719784498,1.050959033818182
19.186684227141427,1.0830634637184846,0.6340829631268771,0.9391970232485161,0.8789849433379042,1.1268712283983486,0.35868487479153865,1.0500525930376678
19.194946648989628,1.088288904495281,0.6307677214182699,0.9347473650237759,0.8790262440422204,1.12737696508135,0.3451849984226273,1.0491577684154778
19.20316806943399,1.093460788119655,0.6273639676240313,0.9303782923677139,0.879063690384407,1.1278191848962402,0.33238033117558746,1.048275299524175
19.211351657376596,1.0985806834920144,0.6238800798815983,0.9260873869946474,0.8790974024171828,1.128203634514887,0.3202250649929461,1.0474057775626928
19.21950028976867,1.1036500196604253,0.620323637580884,0.9218723713529752,0.879127491699117,1.1285354936390866,0.30867722061133707,1.0465496663363116
19.227616589114298,1.1086701044899978,0.6167015106463983,0.9177310930990399,0.8791540622518742,1.1288194402539842,0.2976982397179757,1.0457073202003835
19.23570295503644,1.1136421402100352,0.6130199366493078,0.9136615121436831,0.8791772113730462,1.1290597069120016,0.2872526323497617,1.0448789994557777
19.243761591044336,1.1185672364624646,0.6092845877442036,0.9096616897379588,0.879197030331025,1.1292601295233975,0.2773076702064304,1.0440648835917008
19.251794527348935,1.1234464213082156,0.605500629057957,0.9057297792107245,0.8792136049626158,1.1294241898412023,0.2678331184929477,1.043265082706377
19.259803640438808,1.1282806505763798,0.601672769833637,0.9018640180357332,0.8792270161899939,1.1295550526077305,0.25880100027896474,1.042479647374854
19.267790669950884,1.1330708158401197,0.5978053084123585,0.8980627209925889,0.8792373404702348,1.1296555981544885,0.2501853885284125,1.0417085771918808
19.275757233301025,1.1378177512672776,0.5939021719298277,0.8943242742184114,0.8792446501881837,1.129728451110173,0.24196222178126559,1.0409518281772825
19.283704838404223,1.142522239516899,0.5899669514785999,0.8906471300109925,0.8792490140013604,1.1297760057603705,0.2341091402188039,1.0402093192062138
19.291634894813026,1.1471850168558588,0.586002933334879,0.8870298022437716,0.8792504971441131,1.1298004485147182,0.2266053393257335,1.0394809375958198
19.299548723477145,1.151806777597777,0.5820131267863489,0.8834708623112202,0.8792491616969007,1.1298037778643666,0.21943143888418598,1.0387665439663485
19.3074475653591,1.1563881779877636,0.5780002889812299,0.8799689355074715,0.8792450668256409,1.1297878221542923,0.21256936532054815,1.038065976470918
19.315332589041706,1.160929839599901,0.57396694718537,0.8765226977859971,0.8792382689952152,1.1297542554461044,0.20600224578536844,1.0373790544800308
19.323204897484686,1.1654323523286547,0.5699154187555021,0.8731308728375284,0.8792288221605794,1.1297046117070024,0.19971431254235925,1.036705581790538
19.33106553403982,1.1698962770285484,0.5658478291043826,0.8697922294446352,0.87921677793838,1.1296402975270272,0.19369081646820835,1.0360453494211455
19.338915487820245,1.1743221478496357,0.5617661278935665,0.8665055790767621,0.8792021857615436,1.1295626035387338,0.18791794862717887,1.0353981380475783
19.346755698509515,1.178710474311317,0.5576721036552736,0.8632697736935517,0.8791850930189351,1.129472714689848,0.18238276902082412,1.0347637201229456
19.354587060686658,1.1830617431522692,0.5535673970162877,0.860083703728155,0.8791655451818616,1.1293717194994384,0.17707314172985747,1.0341418617224802
19.36241042771633,1.1873764199795176,0.5494535126828879,0.8569462962332863,0.8791435859189805,1.1292606184114018,0.17197767577711662,1.0335323241479735
19.37022661525774,1.191654950742827,0.5453318303196432,0.8538565131704496,0.879119257200942,1.1291403313445103,0.1670856711150715,1.0329348653215666
19.378036404453173,1.195897763064699,0.5412036144306198,0.8508133498200322,0.8790925993958637,1.1290117045256776,0.16238706920596316,1.032349240993706
19.38584054481583,1.2001052674337949,0.5370700233558119,0.8478158333063849,0.8790636513566755,1.1288755166829525,0.1578724077479475,1.031775205789452
19.393639756852515,1.2042778582788587,0.5329321174723604,0.8448630212251594,0.8790324505012059,1.1287324846653553,0.1535327791391603,1.0312125141127357
19.401434734466473,1.208415914945451,0.5287908666719934,0.8419540003566508,0.878999032885702,1.128583268548498,0.1493597923111409,1.0306609209247624
19.409226147140213,1.212519802573485,0.5246471571990947,0.8390878854661966,0.8789634332725409,1.1284284762787486,0.14534553762709979,1.0301201824135837
19.41701464195056,1.2165898729018443,0.5205017978962935,0.8362638181726787,0.8789256851925913,1.128268667901801,0.14148255454428726,1.0295900565660496
19.424800845408217,1.2206264649944165,0.5163555259279394,0.8334809658887413,0.8788858210028481,1.1281043594172842,0.13776380180186157,1.029070303655742
19.432585365153038,1.2246299059028172,0.5122090120238032,0.8307385208215632,0.878843871939735,1.1279360262957931,0.13418262989966162,1.02856068665618
19.44036879152181,1.2286005112733525,0.5080628652865538,0.8280356990285644,0.8787998681684609,1.1277641066909154,0.130732755664314,1.0280609715882552
19.44815169899274,1.2325385858993723,0.5039176376076968,0.8253717395267932,0.8787538388288297,1.1275890043755525,0.12740823872455675,1.0275709278104528
19.455934647529926,1.2364444242300743,0.49977382772152595,0.8227459034479626,0.878705812077758,1.1274110914283513,0.12420345972641725,1.0270903282581578
19.463718183826327,1.2403183108342009,0.49563188493546717,0.8201574732397299,0.8786558151288463,1.1272307106937935,0.12111310014562991,1.026618949638977
19.471502842464567,1.2441605208277011,0.4914922125602939,0.8176057519065928,0.8786038742891988,1.1270481780366464,0.11813212355936795,1.0261565725889183
19.47928914699872,1.247971320266254,0.4873551710688872,0.8150900622893439,0.8785500149937443,1.1268637844096616,0.11525575825878258,1.0257029817945738
19.487077610967408,1.2517509665071922,0.48322108100539585,0.8126097463795696,0.8784942618372407,1.126677797751334,0.11247948109181785,1.0252579660853824
19.49486873884656,1.2554997085443715,0.47909022566500487,0.8101641646663962,0.878436638604129,1.1264904647289034,0.10979900243661377,1.0248213184996746
19.50266302693177,1.2592177873106787,0.47496285357195067,0.8077526955184372,0.8783771682965191,1.126302012340654,0.10721025222086066,1.0243928363286745
19.510460964197176,1.2629054359703114,0.4708391807510351,0.805374734586052,0.8783158731601429,1.1261126493889473,0.1047093668909389,1.0239723211391465
19.5182630330715,1.2665628801719537,0.4667193928423501,0.8030296942422303,0.8782527747088893,1.125922567836649,0.1022926772779466,1.0235595787807787
19.52606971021221,1.2701903383010087,0.4626036470329267,0.8007170030369214,0.8781878937474529,1.125731944055292,0.0999566972672336,1.023154419376486
19.533881467202065,1.273788021694712,0.4584920738603667,0.7984361051876843,0.8781212503928304,1.1255409399760001,0.09769811323487577,1.0227566573018878
19.541698771249287,1.2773561348578713,0.45438477885924994,0.7961864600820048,0.8780528640941362,1.1253497041496647,0.09551377417013715,1.022366111151712
19.549522085831132,1.280894875650758,0.4502818440945246,0.7939675418090637,0.8779827536513448,1.1251583727254013,0.09340068245135652,1.0219826036979969
19.557351871321522,1.284404435467744,0.4461833295717973,0.7917788387086611,0.8779109372327303,1.1249670703532713,0.09135598521624087,1.0216059618395683
19.565188585596808,1.2878849994034736,0.4420892745380093,0.7896198529389786,0.8778374323911408,1.1247759110176678,0.0893769662857878,1.0212360165444798
19.573032684611416,1.2913367464026142,0.4379996986862575,0.7874901000652282,0.8777622560792752,1.124584998807334,0.08746103860447892,1.0208726027870485
19.58088462296675,1.2947598494032801,0.4339146032611974,0.7853891086625086,0.8776854246638268,1.124394428626635,0.08560573715455363,1.0205155594794268
19.588744854456397,1.2981544754662369,0.429833972081787,0.7833164199374117,0.8776069539387229,1.124204286853297,0.08380871231547492,1.0201647293995149
19.59661383259441,1.3015207858926796,0.4257577724850614,0.781271587366227,0.8775268591374707,1.1240146519467382,0.08206772363600139,1.0198199591156645
19.604492011140675,1.3048589363362837,0.4216859561903199,0.7792541763459192,0.8774451549445313,1.1238255950106806,0.08038063398748958,1.0194810989083614
19.612379844613418,1.3081690769048169,0.4176184600950041,0.7772637638604287,0.8773618555058725,1.1236371803138632,0.0787454040748155,1.0191480026899584
19.62027778878728,1.3114513522504234,0.41355520700867077,0.775299938162452,0.877276974438777,1.1234494657722458,0.07716008728100444,1.0188205279231217
19.62818630119531,1.3147059016559712,0.4094961063207197,0.7733622984659168,0.87719052484076,1.123262503395274,0.07562282481953839,1.0184985355377005
19.63610584162223,1.3179328591116974,0.4054410546131901,0.7714504546523234,0.8771025192977715,1.1230763396993113,0.07413184117660389,1.0181818898470405
19.644036872592455,1.3211323533833281,0.40138993622116953,0.7695640269899048,0.8770129698916894,1.122891016090694,0.07268543982346726,1.0178704584639713
19.65197985986388,1.3243045080757447,0.39734262373922785,0.7677026458628935,0.8769218882070194,1.1227065692205016,0.07128199917939791,1.0175641122163912
19.659935272910772,1.3274494416850862,0.39329897848608203,0.7658659515147951,0.876829285337022,1.1225230313135501,0.06991996881194348,1.0172627250633897
19.667903585429315,1.3305672676522253,0.3892588509138924,0.7640535937977904,0.8767351718889154,1.122340430472858,0.0685978658535968,1.016966174010932
19.67588527582216,1.3336580943998426,0.3852220809875339,0.7622652319383988,0.8766395579886852,1.1221587909623474,0.06731427162853366,1.016674339028966
19.68388082771256,1.336722025372589,0.3811884985111289,0.7605005343077488,0.876542453284939,1.1219781334683254,0.06606782846784232,1.0163871029682772
19.691890730444925,1.3397591590629219,0.3771579234264413,0.7587591782063312,0.8764438669523366,1.1217984753422627,0.06485723670848721,1.0161043514788852
19.699915479605885,1.3427695890353755,0.3731301660684216,0.7570408496555627,0.8763438076942163,1.1216198308254839,0.06368125185926561,1.0158259729288621
19.70795557756143,1.345753403946789,0.3691050273825357,0.7553452431974057,0.8762422837444788,1.1214422112572227,0.06253868192441335,1.0155518583239418
19.71601153398999,1.3487106875543646,0.36508229911619583,0.7536720617064219,0.8761393028690013,1.1212656252676452,0.061428384878161754,1.0152819012286969
19.72408386644021,1.351641518721812,0.3610617639718318,0.7520210162081583,0.8760348723662417,1.1210900789563378,0.06034926627703931,1.0150159976884081
19.732173100908486,1.3545459714208314,0.35704319572607734,0.7503918257052503,0.8759289990671013,1.1209155760574012,0.05930027700259224,1.0147540461519202
19.740279772422102,1.3574241147221215,0.3530263593238725,0.7487842170142793,0.8758216893342452,1.1207421180923776,0.058280411128672986,1.0144959473960071
19.748404425655153,1.3602760127850018,0.3490110109355913,0.7471979246080579,0.875712949060537,1.1205697045113252,0.05728870390253657,1.0142416044504463
19.756547615554684,1.363101724836671,0.34499689798998845,0.7456326904681712,0.8756027836668939,1.1203983328233218,0.056324229836072166,1.0139909225245967
19.764709908002743,1.365901305149336,0.3409837591716781,0.7440882639429727,0.8754911980992298,1.1202279987165926,0.05538610089777517,1.0137438089347108
19.772891880495227,1.368674803007505,0.3369713243939752,0.742564401615128,0.8753781968247464,1.1200586961693808,0.05447346480210184,1.013500173032653
19.781094122854626,1.371422262670414,0.3329593147399375,0.7410608671757448,0.8752637838273508,1.1198904175518143,0.0535855033888094,1.0132599261355137
19.789317237974146,1.374143723327547,0.32894744237408324,0.7395774313060383,0.8751479626022349,1.1197231537194476,0.05272143108769662,1.0130229814562726
19.797561842603553,1.3768392190494696,0.3249354104208906,0.7381138715651427,0.8750307361494727,1.1195568940988092,0.051880493463090455,1.0127892540352372
19.805828568156144,1.37950877872592,0.3209229128211979,0.736669972288268,0.8749121069669302,1.1193916267658781,0.05106196583596019,1.0125586606728865
19.814118061570202,1.3821524260008575,0.31690963415125334,0.7352455244897284,0.8747920770420193,1.1192273385172944,0.05026515197619445,1.0123311198631844
19.82243098621941,1.3847701792009164,0.31289524940816277,0.7338403257726378,0.8746706478423649,1.1190640149348745,0.0494893828621576,1.0121065517276029
19.830768022854006,1.3873620512499523,0.30887942377146205,0.7324541802490181,0.8745478203056509,1.1189016404441867,0.04873401550583311,1.0118848779503515
19.839129870613085,1.3899280495808106,0.3048618123221633,0.7310868984641521,0.8744235948280571,1.1187401983667755,0.04799843183658326,1.0116660217137563
19.84751724808953,1.3924681760364113,0.30084205972912353,0.7297382973292849,0.8742979712515462,1.1185796709667732,0.047282037642534656,1.0114499076343495
19.855930894449447,1.3949824267588429,0.2968197999026433,0.7284082000631713,0.8741709488499737,1.1184200394921706,0.0465842615666941,1.011236461699623
19.864371570632905,1.3974707920724028,0.29279465560322776,0.7270964361391506,0.8740425263136132,1.118261284210564,0.04590455415309855,1.0110256112048173
19.8728400606209,1.3999332563534979,0.28876623801358237,0.7258028412413484,0.8739127017323121,1.118103384439933,0.04524238694217228,1.010817284690157
19.881337172789664,1.402369797891117,0.2847341462644781,0.7245272572278725,0.8737814725769492,1.1179463185743541,0.04459725161156145,1.010611411878075
19.889863741339944,1.404780388731419,0.2806979669211648,0.7232695321042216,0.8736488356793761,1.1177900641050933,0.04396865916163951,1.010407923610748
19.8984206278487,1.4071649945169233,0.2766572734085406,0.722029520001252,0.873514787210095,1.117634597636472,0.04335613914051079,1.010206751786876
19.907008722897643,1.4095235743038228,0.27261162539745565,0.7208070811661509,0.873379322654364,1.117479894897548,0.04275923891058752,1.010007829298852
19.915628947833497,1.4118560803693336,0.26856056812688084,0.7196020819600053,0.8732424367858662,1.117325930748813,0.04217752295142585,1.0098110899690742
19.92428225665673,1.4141624580037861,0.26450363166430146,0.7184143948645735,0.873104123637968,1.1171726791841678,0.04161057219820041,1.009616468485571
19.93296963803542,1.4164426452821528,0.26044033010664114,0.7172438985008092,0.8729643764726039,1.117020113328428,0.04105798341516649,1.009423900337102
19.94169211748184,1.4186965728202414,0.25637016070480173,0.7160904776562446,0.872823187746172,1.1168682054298225,0.04051936860093801,1.009233321746934
19.950450759692966,1.420924163510258,0.2522926029121051,0.7149540233237829,0.872680549072393,1.116716926847672,0.03999435442513251,1.009044669605418
19.95924667107932,1.4231253322360664,0.2482071173460435,0.7138344327515325,0.8725364511817179,1.1165662480349392,0.03948258169460527,1.008857881400906
19.968081002486947,1.4252999855627664,0.24411314466190226,0.7127316095062205,0.872390883877177,1.1164161385157134,0.03898370484890973,1.0086728951490331
19.97695495214296,1.4274480214010365,0.24001010432497238,0.7116454635497312,0.8722438359861531,1.116266566857228,0.038497391483283405,1.0084896493198336
19.98586976886803,1.4295693286485984,0.2358973932621823,0.7105759113273682,0.8720952953073261,1.116117500635807,0.03802332189714695,1.008308082761941
19.99482675554204,1.4316637867962854,0.2317743844005115,0.7095228758739454,0.8719452485529858,1.1159689063970786,0.03756118866951238,1.008128134624322
20.0038272728641,1.433731265498956,0.2276404250740369,0.7084862869372951,0.8717936812860001,1.1158207496098531,0.037110696259742636,1.0079497442748422
20.012872743498672,1.435771624121158,0.2234948352585521,0.7074660811139724,0.8716405778498616,1.115672994612234,0.036671560630143464,1.007772851214025
20.0219646565417,1.4377847112295328,0.21933690566527955,0.7064622020109389,0.871485921292878,1.1155256045511641,0.03624350889517485,1.0075973949855652
20.031104572439972,1.439770364048657,0.2151658956336867,0.7054746004245146,0.8713296932842265,1.1153785413132495,0.03582627899223769,1.0074233150811482
20.04029412837962,1.441728407867488,0.21098103081753086,0.7045032345427099,0.8711718740215438,1.1152317654466886,0.03541961937552031,1.0072505508395717
20.049535044208916,1.4436586553927366,0.20678150063584186,0.703548070172409,0.8710124421288932,1.1150852360733228,0.035023288732346836,1.0070790413392252
20.05882912892568,1.4455609060357706,0.2025664554764647,0.7026090809976402,0.8708513745445386,1.1149389107903065,0.034637055723448246,1.0069087252836206
20.06817828788028,1.4474349451419142,0.19833500358521605,0.7016862488641127,0.8706886463958741,1.1147927455590518,0.034260698743972307,1.006739540877544
20.077584530704762,1.4492805431379812,0.1940862076377664,0.7007795641015037,0.8705242308612569,1.114646694581286,0.033894005708817954,1.0065714256940395
20.087049980127983,1.4510974546009978,0.18981908092380528,0.6998890258814894,0.8703580990159129,1.1145007101596558,0.03353677386023779,1.006404316529714
20.096576881753055,1.4528854172291679,0.18553258311124696,0.6990146426202649,0.8701902196605122,1.1143547425416986,0.0331888096000296,1.0062381492475316
20.10616761497601,1.4546441507109285,0.18122561551223523,0.6981564324269222,0.8700205591292138,1.1142087397442915,0.0328499283455754,1.0060728586044199
20.11582470515426,1.4563733554680027,0.17689701580476108,0.6973144236087401,0.8698490810751992,1.1140626473568074,0.03251995441279022,1.0059083780624059
20.1255508373088,1.4580727112732073,0.17254555208537978,0.6964886552321867,0.8696757462286048,1.1139164083185218,0.03219872092408412,1.0057446395790781
20.13534887144608,1.459741875698662,0.16816991621786936,0.6956791777602916,0.8695005121252561,1.1137699626686972,0.03188606974793405,1.0055815733766211
20.14522185993333,1.4613804824016545,0.1637687162873708,0.6948860537617573,0.8693233327984188,1.1136232472625762,0.03158185146657734,1.0054191076829764
20.155173067110823,1.4629881391974733,0.15934046808242736,0.6941093587151796,0.8691441584302063,1.113476195450133,0.03128592537911482,1.0052571684430311
20.165205991619256,1.4645644259042132,0.1548835853963766,0.6933491819141686,0.8689629349540215,1.1133287367100255,0.030998159540214575,1.0050956789930445
20.175324391865377,1.4661088919151064,0.15039636896524264,0.692605627493176,0.8687796036003568,1.113180796231861,0.030718430839766254,1.0049345596926516
20.185532315155168,1.4676210534490919,0.14587699381298466,0.6918788155958026,0.8685941003763743,1.113032294438198,0.03044662512917652,1.0047737275072959
20.195834131298305,1.4691003904437194,0.1413234946545936,0.6911688837005308,0.8684063554647019,1.1128831464335478,0.030182637397033755,1.0046130955298964
20.206234571389604,1.4705463430040013,0.1367337490526228,0.6904759881426319,0.868216292528643,1.1127332613688155,0.029926372005302154,1.0044525724324642
20.216738772967894,1.4719583073504832,0.13210545780558422,0.6898003058561067,0.8680238279020147,1.1125825417021773,0.029677742990955835,1.0042920618310553
20.227352332659667,1.473335631141246,0.12743612209005964,0.6891420363916407,0.8678288696435286,1.1124308823383189,0.029436674449089966,1.0041314615493961
20.238081368165094,1.474677608077644,0.12272301655002893,0.6885014042487427,0.8676313164219486,1.1122781696166726,0.02920310100589179,1.0039706627555947
20.24893259154819,1.4759834716259816,0.11796315748470144,0.6878786615961566,0.8674310561963725,1.1121242801171476,0.028976968401801525,1.003809548945613
20.259913396392307,1.4772523876546289,0.11315326502600467,0.6872740914685649,0.867227964645095,1.1119690792423094,0.02875823420847211,1.0036479947389256
20.271031962509248,1.4784834457761165,0.10828971770701558,0.6866880115302575,0.8670219032758778,1.1118124195177008,0.028546868701894906,1.0034858644361202
20.282297382371958,1.4796756490458987,0.10336849761758064,0.6861207785593539,0.8668127171417833,1.1116541385434915,0.028342855933919258,1.0033230102825341
20.29371981538742,1.4808279016378818,0.09838512349783655,0.685572793817365,0.8666002320511053,1.1114940565006834,0.0281461950443797,1.0031592703550531
20.305310677749883,1.481938993945216,0.09333456841991064,0.6850445095453862,0.8663842511303792,1.1113319730888627,0.02795690187819386,1.0029944659677958
20.317082878667712,1.4830075844027895,0.08821115738591233,0.684536436893299,0.866164550543635,1.111167663724857,0.027775010987582005,1.0028283984511297
20.329051117477423,1.4840321770435918,0.08300843856193509,0.6840491557132626,0.8659408741031928,1.111000874772481,0.02760057813365401,1.0026608451085983
20.34123226229616,1.4850110934612493,0.07771901921181852,0.683583326795502,0.8657129263950593,1.1108313174775917,0.027433683438691892,1.0024915540737016
20.353645839300984,1.485942437281777,0.07233435374588401,0.6831397073730215,0.8654803638878519,1.110658660149544,0.027274435406629344,1.0023202376752527
20.36631467512645,1.4868240484418216,0.06684446550263376,0.6827191710716322,0.8652427832490648,1.1104825179200837,0.02712297611985107,1.0021465637400604
20.379265755344665,1.4876534432850657,0.06123757502792306,0.6823227340411006,0.8649997057181458,1.1103024390891085,0.026979488067011427,1.0019701439868989
20.392531394993846,1.4884277344592096,0.05549959334462499,0.6819515898853058,0.8647505557822327,1.1101178865492425,0.026844203286614465,1.0017905182229796
20.406150871999706,1.4891435212705075,0.04961341497502576,0.6816071574538128,0.864494631396325,1.1099282119213485,0.0267174158868123,1.001607132317895
20.420172767282363,1.4897967354057102,0.04355790528627186,0.6812911480564399,0.864231061289414,1.1097326185754677,0.026599499654936826,1.0014193066834147
20.43465842116051,1.4903824167212503,0.037306405025132106,0.6810056631013998,0.8639587418648671,1.1095301071112917,0.02649093362929608,1.001226189763092
20.449687223394108,1.4908943746353096,0.03082444183187196,0.6807533414946972,0.863676240575822,1.1093193920417592,0.026392340688195084,1.0010266869064028
20.465365048462516,1.4913246524448833,0.02406608150036365,0.6805375927887273,0.8633816417976955,1.1090987690687806,0.02630454859815195,1.0008193470217177
20.481838349221114,1.491662630803482,0.01696783190723055,0.6803629874784468,0.8630722892955034,1.1088658933363247,0.026228692379086475,1.0006021732406007
20.499318883756786,1.4918934215733641,0.009437946728145404,0.680235957014949,0.862744334616791,1.108617389678778,0.02616639882782632,1.000372290593683
20.518128535149437,1.4919947569403436,0.0013370297194704034,0.680166153845891,0.8623919200647203,1.1083481416590935,0.02612014964963333,1.0001253424581475
20.53877335876019,1.4919305832864995,-0.007554062070632864,0.6801692765276824,0.8620058391155737,1.1080500881485482,0.026094061969352562,0.9998544855306287
20.56192666792995,1.4916402299062987,-0.017527416515023427,0.6802720359513869,0.8615739433392546,1.10771221844273,0.026095460504873113,0.9995505426489443
20.582972170026544,1.4911759313280109,-0.026596671758280226,0.6804565614848208,0.8611825653360539,1.1074013287618014,0.02612489808609478,0.9992736856942308
20.601879446948736,1.4905959974452967,-0.03474924971538576,0.6806964690301561,0.86083207807645,1.1071185809899142,0.026174338868952485,0.9990241567778181
20.62078672387093,1.4898618664341832,-0.04290778094235752,0.6810067222173488,0.8604827921301922,1.1068322953041276,0.02624572260208418,0.9987736380339233
20.63831814355137,1.4890432736131913,-0.05047916491557396,0.6813574430036378,0.8601601101169618,1.106563306068869,0.026331726886676027,0.9985401481506498
20.654389625565212,1.4881761802220381,-0.057426545180626724,0.6817324497024617,0.8598653941629641,1.1063134885061177,0.02642753283380565,0.9983248929388865
20.66974220957855,1.4872435476528094,-0.06406979116953822,0.6821386645040011,0.8595849151747542,1.1060718009923487,0.026534420602652587,0.9981180629533791
20.684574322664492,1.486245618587716,-0.07049469578412855,0.6825758281328977,0.8593149897783954,1.1058352869000057,0.026652163215364035,0.9979169745315415
20.698887958382407,1.4851921668576744,-0.07670205922839018,0.6830395746373755,0.8590555340081566,1.1056040455444596,0.02677950341962137,0.9977215913319758
20.712749643038155,1.4840872419520896,-0.08272061292185649,0.683528065277677,0.8588052932277376,1.1053771423105418,0.02691588625478889,0.9975310167049666
20.726225261245844,1.4829330672119219,-0.08857885800291003,0.6840402956133204,0.8585630368063728,1.1051536131277186,0.027061020238826297,0.9973443538388295
20.73936206990096,1.4817318712829024,-0.09429725264777478,0.684575281354826,0.8583278808287967,1.1049327649977567,0.027214645405151592,0.9971609530384962
20.752197778273526,1.4804856003259965,-0.09989213751913702,0.6851321788027601,0.8580991207662919,1.1047140386972916,0.027376559602066905,0.9969802907877692
20.76476373649179,1.4791959060815174,-0.10537711347429599,0.6857102867331697,0.8578761722786595,1.104496961622853,0.02754661547430514,0.9968019270079983
20.77708615981099,1.4778642257134427,-0.11076356795863537,0.6863090085781522,0.8576585478891605,1.1042811314538217,0.027724707305124725,0.996625489038952
20.789187207365046,1.4764918255009751,-0.11606113961150231,0.6869278312781509,0.8574458366166473,1.1040662012309492,0.02791076325036995,0.9964506574328913
20.801085817463985,1.4750798301301682,-0.12127807822919026,0.6875663109984496,0.8572376882434565,1.1038518676807592,0.028104740028382424,0.9962771549155216
20.81279833321528,1.4736292454449154,-0.12642151438675867,0.6882240620745548,0.8570338015311277,1.1036378624689525,0.028306618878641582,0.9961047381099214
20.824338981025594,1.4721409762130808,-0.1314976656828517,0.6889007484044538,0.856833915208858,1.1034239455009478,0.02851640246979758,0.9959331911978327
20.835720241852545,1.4706158402336023,-0.13651199677974857,0.6895960766361954,0.856637800983145,1.1032098997145483,0.02873411250529753,0.9957623209936233
20.84695314294282,1.4690545797131949,-0.14146934518450005,0.6903097906946057,0.8564452580457266,1.1029955269787763,0.028959787850594023,0.9955919530659582
20.858047489669055,1.4674578705835106,-0.14637402121720713,0.6910416673179174,0.85625610870993,1.1027806448263888,0.02919348305533716,0.9954219286492837
20.86901205187563,1.4658263302080299,-0.15122988837489285,0.6917915123826183,0.8560701949041067,1.1025650838185654,0.029435267184282063,0.9952521021551372
20.87985471500321,1.4641605238468571,-0.156040428513015,0.6925591578362935,0.8558873753283376,1.1023486853994833,0.029685222888228238,0.9950823391483578
20.890582603930326,1.4624609701082067,-0.16080879526655825,0.6933444591251022,0.855707523125192,1.1021313001290387,0.029943445670669724,0.9949125146832017
20.901202185213105,1.4607281456000172,-0.16553785815680933,0.6941472930117146,0.8555305239572828,1.1019127862151126,0.03021004331096102,0.9947425119246974
20.911719352250568,1.4589624889135409,-0.17023023933603443,0.6949675557185554,0.8553562744065618,1.1016930082815193,0.03048513541892018,0.9945722209952594
20.922139496668755,1.4571644040698,-0.17488834438788678,0.6958051613326871,0.8551846806331489,1.1014718363261724,0.030768853097341172,0.9944015380032893
20.932467568566132,1.4553342635187445,-0.17951438832238178,0.6966600404283397,0.8550156572439447,1.101249144832473,0.031061338696054135,0.9942303642188313
20.942708127756756,1.4534724107495844,-0.1841104176875718,0.6975321388782579,0.8548491263310013,1.1010248120034214,0.031362745646868896,0.9940586053677661
20.952865387563204,1.4515791625820147,-0.18867832946590943,0.6984214168202061,0.8546850166502864,1.100798719097138,0.031673238367526224,0.9938861710241769
20.962943252395352,1.4496548111965482,-0.19321988728700085,0.6993278477505035,0.8545232629174161,1.100570749846914,0.031992992224818544,0.9937129740847044
20.97294535026961,1.447699625920984,-0.19773673545658849,0.700251417735993,0.8543638051989332,1.1003407899486346,0.03232219355404814,0.9935389303091761
20.982875060996985,1.4457138548247428,-0.20223041111382198,0.7011921247197256,0.8542065883851458,1.1001087266061558,0.03266103972657665,0.9933639579181979
20.992735540789003,1.4436977261346258,-0.20670235484105143,0.7021499779136753,0.8540515617306192,1.099874448123465,0.03300973926363914,0.9931879772374824
21.0025297437983,1.4416514495016242,-0.21115391994815386,0.7031249972643289,0.8538986784524935,1.0996378435366185,0.03336851199209754,0.9930109103821665
21.01226044104308,1.4395752171395801,-0.21558638062480534,0.7041172129811792,0.8537478953781419,1.0993988022791747,0.03373758923933245,0.9928326809751905
21.021930237110183,1.4374692048485638,-0.22000093913109434,0.7051266651219592,0.8535991726347912,1.099157213875325,0.034117214065939344,0.9926532138943864
21.031541584978534,1.4353335729304633,-0.22439873217451486,0.7061534032310901,0.8534524733747704,1.0989129676555032,0.03450764153600234,0.9924724350435531
21.04109679915768,1.4331684670232512,-0.2287808365554644,0.7071974860187392,0.8533077635324968,1.0986659524923406,0.03490913902136372,0.9922902711452429
21.050598067444334,1.4309740188461246,-0.23314827421382336,0.7082589810843131,0.853165011607785,1.0984160565516898,0.03532198654254612,0.9921066495507754
21.06004746136631,1.4287503468907856,-0.23750201670314153,0.7093379646674922,0.8530241884737446,1.09816316705896,0.0357464771411424,0.9919214980671782
21.069446945658935,1.4264975570234861,-0.24184298924636488,0.7104345214440325,0.8528852672034783,1.0979071700734973,0.036182917291744374,0.991734744795322
21.078798386684255,1.4242157430562872,-0.24617207432779495,0.7115487443381915,0.8527482229164213,1.0976479502748555,0.03663162734393349,0.9915463179817634
21.088103560097075,1.4219049872493774,-0.2504901149576397,0.7126807343703917,0.8526130326393272,1.0973853907541449,0.03709294200315689,0.9913561458790462
21.097364157739776,1.4195653607769878,-0.2547979175976562,0.7138306005244789,0.8524796751817894,1.097119372812,0.03756721084598279,0.9911641566153981
21.10658179392222,1.417196924144125,-0.2590962548172542,0.7149984596409602,0.8523481310236514,1.0968497757597995,0.038054798874050805,0.9909702780712246
21.11575801110789,1.4147997275709467,-0.2633858676871768,0.716184436328156,0.8522183822136937,1.0965764767243453,0.038556087105313684,0.9907744377624422
21.124894285104904,1.412373811339586,-0.26766746795412755,0.7173886628939733,0.8520904122778953,1.0962993504538636,0.03907147320565083,0.9905765627290424
21.133992029797387,1.409919206111579,-0.2719417400105887,0.7186112792944571,0.8519642061365189,1.0960182691248683,0.03960137216136323,0.9903765794285179
21.143052601487348,1.4074359332128605,-0.27620934269051944,0.7198524331008109,0.8518397500288125,1.0957331021482817,0.04014621699551735,0.9901744136330052
21.152077302871533,1.4049240048933853,-0.2804709109004214,0.7211122794815776,0.8517170314447902,1.0954437159744272,0.040706459529128054,0.9899699903298974
21.161067386690288,1.402383424563719,-0.28472705710125706,0.7223909811989844,0.8515960390633991,1.095149973896072,0.04128257118926099,0.9897632336253909
21.17002405908806,1.3998141870087053,-0.28897837265806087,0.7236887086195839,0.8514767626963696,1.0948517358485328,0.041875043866800486,0.9895540666503596
21.178948482733315,1.3972162785743394,-0.2932254290782074,0.7250056397413653,0.851359193236966,1.0945488582054053,0.04248439082779255,0.989342411467644
21.187841779674997,1.3945896773432176,-0.29746877912579384,0.7263419602297847,0.8512433226138165,1.0942411935707776,0.04311114767801053,0.989128188981501
21.196705034001287,1.3919343532877915,-0.3017089578416984,0.7276978634683355,0.8511291437488263,1.0939285905657934,0.043755873386543395,0.9889113188478683
21.20553929431543,1.3892502684038823,-0.30594648347488457,0.7290735506226668,0.851016650518887,1.0936108936089683,0.044419151371523476,0.9886917193852238
21.214345576028578,1.386537376830916,-0.3101818583233536,0.7304692307151782,0.8509058377212929,1.0932879426901712,0.04510159065029977,0.988469307486184
21.223124863498345,1.3837956249561763,-0.3144155694969183,0.731885120711682,0.8507967010424096,1.092959573137102,0.0458038270587988,0.9882439985292717
21.23187811202737,1.3810249515039041,-0.31864808960715585,0.733321445619949,0.8506892370293409,1.0926256153735432,0.046526524544294644,0.9880157062906184
21.240606249723765,1.3782252876135412,-0.3228798773838362,0.7347784385981482,0.8505834430645053,1.092285894669019,0.047270376535187945,0.987784342855636
21.24931017926521,1.375396556898213,-0.32711137823647196,0.736256341078051,0.8504793173425497,1.0919402308779633,0.04803610739518917,0.9875498185296859
21.257990779534733,1.3725386754975288,-0.3313430247439086,0.7377554028959576,0.8503768588499432,1.09158843816921,0.04882447396364989,0.9873120417486541
21.26664890717148,1.3696515521145438,-0.3355752370912566,0.7392758824368674,0.8502760673466778,1.0912303247436839,0.04963626719050071,0.9870709189883655
21.27528539803138,1.3667350880416516,-0.3398084234500401,0.7408180467896985,0.8501769433501027,1.0908656925399483,0.050472313870801054,0.9868263546730335
21.283901068563146,1.3637891771767339,-0.34404298030237507,0.7423821719131292,0.8500794881207941,1.090494336926829,0.05133347848520244,0.9865782510826664
21.292496717126483,1.3608137060231704,-0.3482792927205258,0.7439685428157472,0.8499837036501249,1.0901160463813182,0.05222066515540264,0.9863265082587267
21.30107312521541,1.357808553688956,-0.35251773458163166,0.7455774537427156,0.8498895926499312,1.0897306021526332,0.05313481971788296,0.9860710239091581
21.309631058656905,1.3547735918631287,-0.3567586687500739,0.7472092083808617,0.849797158543469,1.089337777908616,0.05407693193069717,0.9858116933108241
21.318171268726765,1.3517086847916342,-0.3610024471967022,0.7488641200707415,0.8497064054582971,1.088937339366107,0.055048037815758,0.9855484092110721
21.326694493233088,1.3486136892370815,-0.36524941107745407,0.7505425120343141,0.8496173382205217,1.0885290439021444,0.056049222150963696,0.9852810617270263
21.33520145754667,1.345488454431418,-0.3694998907586592,0.7522447176137521,0.8495299623506247,1.0881126401458527,0.05708162111988079,0.9850095382432555
21.34369287559452,1.342332822017442,-0.3737542057944198,0.7539710805239505,0.8494442840607029,1.0876878675491664,0.05814642513151949,0.9847337233074017
21.35216945081952,1.339146625979514,-0.3780126648547522,0.7557219551189394,0.8493603102530912,1.087254455935005,0.05924488182231758,0.9844534985237363
21.360631877100626,1.3359296925670396,-0.38227556559860554,0.7574977066706446,0.8492780485204358,1.0868121250218559,0.060378299252276835,0.984168742444898
21.369080839660793,1.3326818402018061,-0.38654319450214114,0.759298711665326,0.8491975071469592,1.0863605839219603,0.06154804931259159,0.9838793304610235
21.37751701592919,1.3294028793830501,-0.3908158266218918,0.7611253581104911,0.8491186951112638,1.085899530613252,0.06275557135535603,0.9835851346874624
21.38594107640027,1.3260926125752588,-0.39509372531039805,0.7629780458610194,0.8490416220902783,1.085428651381172,0.06400237606730946,0.9832860238497857
21.39435368547,1.322750834087141,-0.39937714187028184,0.7648571869603505,0.8489662984645724,1.0849476202295518,0.06529004960283082,0.9829818631668797
21.402755502242968,1.3193773299454943,-0.40366631513897483,0.7667632059950977,0.8488927353251133,1.084456098258983,0.06662025799423074,0.9826725142325079
21.4111471813581,1.3159718777459006,-0.4079614710235245,0.7686965404737939,0.8488209444810779,1.0839537330078624,0.06799475186765556,0.9823578348938418
21.41952937377428,1.3125342465044698,-0.4122628219502497,0.7706576412167052,0.8487509384692836,1.0834401577571484,0.06941537147841598,0.9820376791292752
21.42790272756475,1.3090641964920877,-0.4165705662483132,0.772646972767711,0.8486827305648463,1.0829149907935698,0.07088405209800835,0.9817118969240136
21.436267888712585,1.3055614790547863,-0.4208848874570531,0.7746650138268836,0.8486163347931959,1.0823778346289932,0.0724028297789964,0.9813803341439936
21.44462550188961,1.3020258364284436,-0.42520595354100793,0.7767122576996774,0.8485517659436458,1.0818282751741692,0.07397384752399334,0.9810428324091517
21.452976211262733,1.298457001530172,-0.4295339160277704,0.7787892127735564,0.848489039584229,1.0812658808609659,0.07559936189881576,0.9806992289647509
21.461320661278116,1.2948546977479114,-0.4338689090348047,0.7808964030103502,0.8484281720782617,1.0806902017128521,0.07728175011583528,0.9803493565531505
21.4696594974756,1.2912186387068592,-0.43821104820320983,0.7830343684674358,0.8483691806023033,1.0801007683565915,0.07902351763556886,0.9799930432844893
21.477993367305885,1.2875485280249628,-0.44256042951430463,0.7852036658414611,0.8483120831658159,1.0794970909729504,0.08082730632335103,0.9796301125079905
21.486322920960763,1.2838440590538813,-0.446917127983402,0.7874048690374867,0.8482568986325328,1.0788786581814758,0.08269590320871474,0.9792603826841997
21.494648812221445,1.2801049146039543,-0.451281196221348,0.789638569765251,0.8482036467436029,1.0782449358543336,0.08463224989859883,0.9788836672587601
21.502971699336634,1.276330766648597,-0.45565266285674727,0.7919053781662101,0.8481523481425497,1.0775953658532975,0.08663945270204988,0.9784997745381727
21.511292245915996,1.2725212760152833,-0.4600315307967472,0.7942059234680356,0.8481030244022639,1.076929364685464,0.0887207935233362,0.9781085075692513
21.519611121860976,1.268676092054022,-0.4644177753218144,0.7965408546729938,0.8480556980540224,1.076246322070133,0.09087974159458832,0.9777096640225786
21.5279290043162,1.264794852291796,-0.46881134198791274,0.7989108412761347,0.8480103926187813,1.0755455994116965,0.09311996611629098,0.977303036082156
21.536246578675215,1.2608771820583031,-0.4732121443342091,0.8013165740232685,0.8479671326407098,1.0748265281688556,0.09544534989389601,0.9768884103413596
21.544564539614637,1.2569226940958382,-0.4776200613609195,0.8037587657020984,0.8479259437232899,1.0740884081146147,0.09786000405160222,0.9764655677083135
21.55288359218323,1.252930988142046,-0.4820349347671614,0.806238151974564,0.8478868525680294,1.0733305054766091,0.10036828392675409,0.9760342833216237
21.561204452939315,1.2489016504896802,-0.4864565659186074,0.8087554922491432,0.8478498870160349,1.0725520509492739,0.10297480624951662,0.9755943264792981
21.56952785114813,1.2448342535191113,-0.4908847125213611,0.8113115705970482,0.8478150760926193,1.0717522375670379,0.10568446772843014,0.9751454605831771
21.577854530049187,1.2407283551999841,-0.4953190849743819,0.8139071967159834,0.8477824500551566,1.070930218426843,0.10850246517475072,0.9746874431016338
21.58618524819203,1.236583498564297,-0.4997593423627786,0.8165432069415138,0.8477520404444732,1.0700851042484663,0.1114343173084098,0.9742200255544606
21.594520780845073,1.2323992111504571,-0.5042050880534001,0.8192204653077764,0.8477238801400523,1.0692159607594744,0.11448588840521229,0.9737429535240483
21.60286192151221,1.2281750044028983,-0.5086558648653957,0.8219398646689673,0.8476980034192692,1.0683218058873714,0.11766341397329143,0.9732559666959634
21.611209483528725,1.2239103730435938,-0.5131111497492744,0.8247023278728883,0.8476744460211307,1.0674016067465215,0.1209735286436921,0.9727587989362386
21.619564301778173,1.2196047943970518,-0.5175703479393106,0.8275088090000453,0.8476532452147878,1.0664542763988634,0.12442329650649024,0.9722511784096262
21.627927234526474,1.2152577276733614,-0.5220327865128761,0.8303602946672488,0.8476344398732931,1.065478670370394,0.12802024413212987,0.9717328277465677
21.636299165391517,1.2108686132031132,-0.5264977072941618,0.8332578054016265,0.8476180705530565,1.064473582901335,0.1317723965531394,0.9712034642665154
21.64468100545665,1.206436871623543,-0.5309642590253929,0.8362023970874497,0.8476041795795312,1.0634377429069837,0.13568831650822855,0.9706628002671083
21.65307369556067,1.2019619030030007,-0.5354314887312358,0.8391951624963733,0.8475928111396854,1.0623698096210916,0.13977714729668006,0.9701105433886505
21.66147820875874,1.197443085911438,-0.5398983321699491,0.8422372328981839,0.8475840113819575,1.0612683678957726,0.14404865961323474,0.9695463970675189
21.66989555299715,1.1928797764197658,-0.5443636032771237,0.8453297797656895,0.8475778285243892,1.0601319231232489,0.1485133028005768,0.9689700610909817
21.678326774017062,1.188271307026214,-0.5488259824774484,0.8484740165774496,0.8475743129717862,1.058958895744984,0.1531822609953126,0.9683812322700169
21.68677295849674,1.183616985512103,-0.553284003719188,0.851671200719043,0.847573517442837,1.0577476153113272,0.15806751469634966,0.9677796052498294
21.695235237508278,1.1789160936941447,-0.5577360401005038,0.8549226355078233,0.847575497108228,1.0564963140417145,0.1631819083876519,0.9671648734763083
21.70371479026593,1.1741678860955962,-0.5621802878805391,0.8582296723285849,0.847580309740972,1.0552031198448026,0.16853922486812095,0.9665367303471345
21.71221284824475,1.1693715885046163,-0.5666147486942519,0.8615937129044653,0.8475880158802884,1.0538660487390206,0.1741542670832995,0.9658948705734485
21.720730699709456,1.164526396410742,-0.5710372097370717,0.8650162117123624,0.8475986790106004,1.052482996613627,0.18004294833306572,0.9652389917855709
21.72926969468515,1.159631473317509,-0.5754452216436846,0.8684986785470921,0.8476123657573984,1.0510517302658344,0.1862223918353103,0.964568796422782
21.737831250451276,1.1546859489036445,-0.5798360737673388,0.8720426812565897,0.8476291461020125,1.0495698776349247,0.19271104078875156,0.9638839939503073
21.746416857618843,1.1496889170200342,-0.5842067665032403,0.8756498486603806,0.847649093617623,1.0480349171495487,0.1995287802162563,0.9631843034562194
21.75502808687148,1.1446394335015655,-0.5885539802496453,0.8793218736694038,0.8476722857292044,1.0464441660922914,0.2066970720585017,0.9624694566889125
21.763666596456517,1.1395365137739348,-0.5928740405316731,0.8830605166247099,0.8476988040004982,1.044794767874615,0.21423910519412392,0.9617392016065659
21.772334140555923,1.1343791302150041,-0.5971628787500585,0.8868676088877537,0.8477287344517006,1.0430836780958512,0.2221799623348295,0.9609933065197491
21.7810325786357,1.1291662092547203,-0.6014159879004687,0.8907450566975135,0.8477621679120203,1.0413076492525706,0.23054680599344227,0.9602315649266577
21.789763885953114,1.1238966281574296,-0.6056283725291172,0.8946948453394005,0.847799200412158,1.039463213934554,0.2393690861153237,0.9594538011526311
21.79853016537625,1.118569211454057,-0.6097944920334751,0.8987190436540976,0.8478399336224755,1.0375466663309816,0.24867877232262425,0.9586598769301459
21.807333660747343,1.1131827269566832,-0.6139081962808755,0.9028198089409439,0.8478844753438478,1.0355540418352915,0.25851061424165667,0.9578496990759281
21.81617677203481,1.1077358812933045,-0.6179626523135017,0.9069993923075604,0.8479329400593978,1.0334810945111503,0.2689024339315278,0.9570232284531881
21.825062072583602,1.1022273148780422,-0.6219502606833092,0.9112601445354388,0.8479854495569797,1.031323272141482,0.27989545513291114,0.9561804904406249
21.83399232882946,1.0966555962186977,-0.6258625596735552,0.9156045225429104,0.8480421336342285,1.0290756885390255,0.2915346748759058,0.9553215871727136
21.842970522939712,1.0910192154296257,-0.6296901153229562,0.9200350965551036,0.8481031309005809,1.0267330927377563,0.30386928401298396,0.9544467118652791
21.851999878917255,1.0853165768046558,-0.6334223947252026,0.9245545581036118,0.848168589693635,1.0242898346239793,0.31695314443761696,0.9535561656053431
21.861083892875442,1.0795459902393245,-0.6370476195573187,0.9291657290337121,0.8482386691314455,1.0217398264720925,0.33084533231713587,0.9526503770565968
21.870226368302053,1.0737056612748812,-0.6405525960917909,0.93387157171581,0.8483135403270315,1.0190764997607211,0.34561075846885414,0.9517299256315345
21.879431457405634,1.0677936794304845,-0.6439225171180575,0.9386752007495393,0.8483933877983079,1.0162927564980797,0.3613208794419526,0.9507955687924671
21.888703709870267,1.0618080044294071,-0.6471407300868657,0.9435798965086822,0.8484784111147826,1.013380914130963,0.37805451576870464,0.9498482742947373
21.89804813076334,1.0557464497720659,-0.650188464399932,0.9485891210140424,0.8485688268338996,1.010332642881132,0.3958987977234521,0.9488892583653639
21.907470249785163,1.049606662974302,-0.653044508910433,0.9537065367529537,0.8486648707942942,1.0071388940830803,0.414950263757084,0.9479200310504807
21.916976204793453,1.043386101510463,-0.6556848282997852,0.9589360293246111,0.8487668008538874,1.0037898176929505,0.43531614336025826,0.9469424502596813
21.92657284340795,1.037082003206949,-0.6580821037355365,0.9642817350798549,0.8488749001876265,1.0002746666341054,0.45711586462791726,0.9459587864334865
21.93626784783931,1.0306913493323746,-0.6602051788340115,0.9697480754073925,0.8489894812981104,0.996581684906679,0.4804828385703869,0.9449718002730498
21.94606988992359,1.0242108179459832,-0.6620183858903883,0.9753397999930659,0.8491108909460335,0.9926979753611265,0.505566588388772,0.943984836663891
21.955988826002724,1.0176367240509783,-0.6634807188366975,0.9810620423860704,0.8492395162845574,0.9886093415473397,0.5325353147642342,0.9430019388690292
21.966035945260348,1.0109649415364397,-0.6645448072214039,0.9869203927635466,0.849375792595557,0.9843000958233997,0.56157902133413,0.9420279883744728
21.976224291087423,1.0041907994951493,-0.6651556276664956,0.9929209951897493,0.8495202131964421,0.9797528225218727,0.592913373647745,0.94106887763446
21.98656908428537,0.997308941713789,-0.6652488624362207,0.9990706804883536,0.8496733423493013,0.9749480796665073,0.6267845399200012,0.9401317256918568
21.997088291756544,0.9903131318756577,-0.6647487732137658,1.0053771521686294,0.8498358324232896,0.9698640140967988,0.6634753806929363,0.9392251507564126
22.00780341073776,0.9831959752011917,-0.6635653913121148,1.0118492546937514,0.8500084472812689,0.9644758493883976,0.7033135565451388,0.9383596201040717
22.01874057307316,0.9759485138312206,-0.6615907150329711,1.0184973675631195,0.8501920949180966,0.9587551843994625,0.7466824283944986,0.9375479087989661
22.02993216245643,0.968559610807482,-0.6586934104524287,1.0253340108353108,0.8503878746787505,0.9526689878074489,0.7940362657571965,0.9368057156024236
22.04141927258597,0.9610149775488112,-0.6547111533216019,1.0323748094044598,0.8505971482359274,0.9461780883561558,0.8459223838720222,0.9361525179077425
22.053255630759775,0.9532955604943912,-0.6494390425703396,1.0396401044589267,0.8508216516109235,0.9392347731643426,0.903015148009813,0.9356128106488897
22.065514258927443,0.9453746943811706,-0.64261099957283,1.0471578132316066,0.8510636831967239,0.9317786895228848,0.9661718762721853,0.9352180081978149
22.07829972250159,0.937212666400039,-0.6338674627108043,1.0549689117238774,0.8513264456084003,0.9237292142299874,1.0365331069570802,0.9350096035026968
22.091773208555246,0.9287451826742896,-0.622692878136392,1.0631390948113861,0.851614737909619,0.914969548046086,1.1157243541124497,0.9350450286527223
22.106212211203996,0.9198550362321606,-0.6082744801645532,1.0717874458300998,0.8519365867609737,0.9053080732725571,1.2063315462765851,0.93541042057296
22.12218617704121,0.910286913798231,-0.5891011343188288,1.0811726920631846,0.8523080187899807,0.894362478838904,1.3132981368830408,0.9362560446433177
22.14105694694992,0.8994204192126772,-0.5616735207422894,1.0919257706146384,0.852767191569176,0.8812335280687402,1.4480698341785485,0.937917158679721
22.156786829536276,0.8907935844675862,-0.5345242004480594,1.1005341640152893,0.8531663117542788,0.8702905477194485,1.5663342734830774,0.9398949202958115
22.172516712122633,0.8826262356687355,-0.5032147940607705,1.1087466644723927,0.8535797223402369,0.8595360808223402,1.6885643198692852,0.9424389047270348
22.187411942056816,0.8753764627178869,-0.46956064482176874,1.116096237570725,0.8539837334667971,0.8497194592131597,1.8062999705601064,0.9453775103478544
22.201815717333744,0.8688702425873339,-0.4332179414718947,1.1227538933210963,0.8543853269500403,0.8407685406304004,1.9200916326997786,0.9487008498373383
22.215944200782104,0.8630228686375253,-0.39392620712736204,1.1288080831391485,0.8547889325748224,0.8327159859001395,2.029542919664611,0.9523986792765866
22.229904021833413,0.857815038414777,-0.35162432016355427,1.1342862650109575,0.8551963468357379,0.8256848237162464,2.133281986219597,0.9564445399665815
22.24373505107445,0.853260486456617,-0.3064507346027096,1.1391858416146003,0.8556076011502753,0.819848283390668,2.2293118637965774,0.9607946414312589
22.257412244763422,0.8493916388250854,-0.25881984672760455,1.1434861451524523,0.8560208095962903,0.8154028398643256,2.315203201310732,0.9653828760089662
22.270838204914266,0.8462451163979531,-0.209510607912814,1.147158990272154,0.8564318058695495,0.8125283430370769,2.388410431873745,0.9701165519207438
22.2838535573427,0.8438407118253859,-0.15965831415213025,1.1501850458720306,0.8568343971181751,0.8113296340318664,2.4468473847973025,0.97488140910841
22.29627934558427,0.8421605383333705,-0.11056456768849679,1.1525720559957715,0.8572217178772061,0.8117846114599876,2.4895473800460715,0.979560888318596
22.30795753658459,0.8411436733918346,-0.06345807676991819,1.1543607992845715,0.8575876197976464,0.8137336410377601,2.5169468609589756,0.9840549630298816
22.31762918307716,0.8407205046004202,-0.024002431478793954,1.1555041101430894,0.8578915177439759,0.8165108123769966,2.529787276439998,0.9878384587832969
22.32586774605212,0.8406617551958642,0.009749644461635391,1.1562336007976233,0.8581506759592172,0.8197249122172996,2.5334965957512736,0.9911020805706972
22.334101533425073,0.8408809084346568,0.043469580807280084,1.1567356171999963,0.8584096817260239,0.8237211237364358,2.5305089847869446,0.9943999098414866
22.343086416740537,0.8414361975899695,0.0800916091927097,1.1570215790061416,0.8586920124137335,0.8289694927915441,2.519664643693477,0.9980390078817374
22.35304526694627,0.8424343233167777,0.12026746144799566,1.1570151888093134,0.859004190478193,0.8358450841933484,2.498603956372992,1.0021209714113128
22.363770660320935,0.8439531021276623,0.1627944507516223,1.1566225023255345,0.8593390094901701,0.8444416747361407,2.4657388044686424,1.006571387709391
22.375152626817776,0.8460576670761268,0.20679433224045038,1.1557610993622522,0.8596921482962688,0.8548231367421177,2.4200768496036305,1.0113485080282691
22.387137211523118,0.8488059851619215,0.251554483940662,1.1543510814734699,0.8600608607042862,0.8670106490354704,2.3611310227193694,1.0164226864038604
22.39969938084545,0.8522502584619274,0.2964290154814715,1.1523112026682625,0.8604431106376358,0.8809646454463286,2.2889133494431597,1.0217595158460118
22.412792631619585,0.8564241140215181,0.34067812114025603,1.1495670663576925,0.860836036168179,0.8965249961125102,2.2041960544533734,1.0272921019465966
22.42622673475217,0.8612895458607246,0.38315044775790685,1.1460949989144402,0.8612324519748916,0.9132476289166478,2.1094427884944325,1.0328671448744262
22.43958691006727,0.8666733459297886,0.4222672662825876,1.1419895335683876,0.8616190275379645,0.9302998416093022,2.0095662170117725,1.0382264791495492
22.45252636897846,0.8723658068825834,0.45708608484083074,1.1374083143798484,0.8619853645962022,0.9469024343050354,1.9094601482412141,1.0431582056986533
22.464996905570437,0.8782601008522731,0.48775731146802914,1.132451843180467,0.8623302610720688,0.9627206202170575,1.8114888019946993,1.047597438394822
22.477096650341203,0.8843282578821614,0.5148270292415844,1.1271620868880088,0.8626567036706291,0.9776853918669729,1.7163505082778359,1.0515519035080592
22.48894432952249,0.8905723018891175,0.5388174030703259,1.1215547116589042,0.8629680743534389,0.9918078375998512,1.6241671308614964,1.0550437669260158
22.500651085072253,0.8970072450183482,0.560152876686508,1.1156320319673514,0.8632673276097571,1.005121313144873,1.5348583688665274,1.0580950187170384
22.512323104025498,0.9036585010977546,0.579173468483802,1.109385093940973,0.8635570487070833,1.0176692536907723,1.4482328421424013,1.0607256125359352
22.524072126348212,0.910565063390982,0.5961575857223161,1.1027906623289596,0.8638396925593248,1.029504961143267,1.3639913011626434,1.0629535951452045
22.536032969341953,0.917788478615557,0.611343101620694,1.0958025510096718,0.8641179353509114,1.0406971386549604,1.28167598169951,1.0647950229594154
22.54839921229808,0.9254347513108354,0.6249508666708,1.0883301831436274,0.8643953334475808,1.0513452173384135,1.200523899995079,1.06626308560408
22.561522739150817,0.9337192283230563,0.6372308657982607,1.0801747129648738,0.8646781180981948,1.0616275011452772,1.119007472151423,1.0673654982458918
22.576370409133155,0.943268573663569,0.6486621318950073,1.0707308598343779,0.8649834933674259,1.0720370555252254,1.0326200067893982,1.0680953506516426
22.589229090291806,0.9516626086434071,0.6566374476175422,1.062416939008462,0.8652353924511088,1.0800551861590104,0.9628059822784395,1.0683302657709532
22.602087771450456,0.9601486121423894,0.6629922606400215,1.0540204396603394,0.8654756048574406,1.0872074991286123,0.8975462253725419,1.0682413717530053
22.614005725794094,0.968078573576131,0.6675655132967965,1.0461964686280327,0.8656878270777426,1.093117896032389,0.8410059492058793,1.067906701349738
22.625073258659047,0.9754855352441278,0.6707789315197068,1.0389183380641052,0.8658759716361013,1.0980338342338218,0.7917724611963519,1.067407696930075
22.63560569814653,0.9825628191335478,0.6729918235013892,1.031998491719404,0.8660470799564337,1.1022388661561962,0.7477249913087042,1.066787478671447
22.6457506001958,0.9893980097435396,0.6744086785015921,1.0253527861809864,0.8662046271169708,1.1058861980191461,0.7077717736076029,1.066074755577992
22.655594814831286,0.996041246499961,0.6751677535307709,1.018933287506302,0.8663507486891406,1.1090765296681977,0.671216587011614,1.0652905354025395
22.665195903760097,1.0025249736094457,0.6753707455666003,1.0127089634872948,0.8664869130755507,1.111882711843528,0.6375649344456993,1.0644509341037451
22.674594835900965,1.008871799394507,0.6750963175906229,1.0066580603481377,0.8666142008818973,1.114360487956471,0.6064423804990831,1.0635686772107322
22.683822225442608,1.015098304283918,0.6744074044436765,1.0007644415050072,0.8667334452225943,1.1165541171590414,0.5775530046761813,1.0626540059107554
22.692901777298353,1.021217115624207,0.67335559410368,0.9950156120301527,0.866845310716885,1.1184996685400623,0.5506556918627797,1.061715270872334
22.701852353681083,1.0272381357764495,0.6719839536507045,0.9894015615483259,0.8669503416805434,1.1202271095371494,0.5255494599303626,1.060759344576471
22.710689291441835,1.033169314859365,0.6703289530308079,0.9839140442370765,0.8670489933211952,1.1217617096367223,0.5020638150864957,1.0597919201816997
22.719425282322526,1.0390171605271428,0.6684218304192342,0.9785461093237252,0.8671416528807185,1.1231250274350313,0.4800521067634347,1.0588177353678718
22.728070984016167,1.044787087425714,0.6662895939692093,0.9732917830312614,0.8672286545039678,1.1243356301289587,0.4593867719153408,1.0578407443075968
22.73663545777508,1.0504836643700752,0.6639557769398937,0.9681458462765159,0.8673102900161195,1.1254096334603574,0.43995582380062837,1.0568642524943845
22.745126490046772,1.0561107938047947,0.6614410198609353,0.9631036751574278,0.8673868169338979,1.1263611167576935,0.42166019119802417,1.0558910242017265
22.753550834157295,1.0616718450333857,0.6587635279355195,0.9581611238742603,0.867458464549633,1.127202448430231,0.4044116570206098,1.0549233692892688
22.76191439539263,1.0671697550328199,0.6559394362810232,0.9533144370890079,0.867525438637612,1.1279445455954804,0.3881312307859539,1.0539632141145276
22.770222375090594,1.072607106017965,0.6529831056762868,0.948560183168678,0.8675879251535145,1.1285970841834607,0.372747842417004,1.0530121600068152
22.778479384446165,1.077986185988784,0.6499073649686281,0.9438952025419842,0.8676460931835457,1.1291686710915119,0.3581972788849675,1.0520715318708576
22.786689535573583,1.0833090366211395,0.6467237118826727,0.9393165671679812,0.8677000973251363,1.1296669867755542,0.344421307609957,1.0511424188589944
22.794856515194276,1.0885774915782844,0.6434424809464443,0.9348215483182387,0.8677500796302305,1.130098904471039,0.33136694582923243,1.0502257086068583
22.80298364487359,1.0937932074748173,0.6400729851009592,0.9304075906621773,0.86779617120751,1.130470590702425,0.3189858456522949,1.0493221161974122
22.811073930731936,1.098957689146238,0.6366236360074892,0.926072291181761,0.8678384935555612,1.1307875906411269,0.3072337719409502,1.0484322087711093
22.819130104809467,1.1040723104441614,0.6331020469465393,0.9218133818387687,0.8678771596813375,1.1310549010686533,0.29607015555542854,1.0475564265173307
22.827154659743396,1.1091383314792118,0.6295151213638849,0.9176287151893328,0.8679122750455929,1.1312770331082578,0.2854577084228071,1.0466951006397127
22.83514987805264,1.1141569130268207,0.6258691294797611,0.9135162523281453,0.8679439383676839,1.1314580664425355,0.27536208977230026,1.045848468775512
22.84311785702467,1.1191291286401983,0.6221697749021828,0.9094740526974257,0.8679722423150462,1.1316016963934816,0.2657516150989668,1.0450166882640302
22.851060529983137,1.1240559748928465,0.61842225281565,0.9055002654036904,0.8679972740973663,1.131711274979332,0.2565970010901779,1.0441998475904166
22.858979684579978,1.1289383800993023,0.6146313010140255,0.9015931217513509,0.8680191159815227,1.1317898468583567,0.24787114100583826,1.043397976273105
22.86687697858872,1.1337772117671074,0.610801244837884,0.8977509287840241,0.8680378457400931,1.131840180907736,0.23954890605976292,1.042611053422939
22.874753953617333,1.1385732830034925,0.6069360368777987,0.8939720636510283,0.8680535370439315,1.131864798058137,0.23160696909418563,1.0418390151617416
22.882612047072797,1.1433273580520085,0.6030392921643201,0.8902549686577014,0.8680662598073451,1.1318659959013588,0.22402364748379666,1.0410817610596028
22.890452602623554,1.1480401570858219,0.5991143194613922,0.8865981468981298,0.8680760804928431,1.1318458705051742,0.21677876273473512,1.0403391597281302
22.898276879405262,1.1527123603872589,0.5951641491617203,0.8830001583678059,0.8680830623813173,1.1318063358019095,0.20985351460340307,1.039611053682059
22.90608606013967,1.1573446119996356,0.5911915582229581,0.8794596164889397,0.8680872658124529,1.1317491408614946,0.2032303679307374,1.038897263568419
22.91388125832514,1.1619375229328874,0.587199092509741,0.8759751849852024,0.868088748399422,1.1316758853138302,0.19689295063967197,1.0381975918464144
22.921663524620193,1.1664916739838953,0.583189086859521,0.8725455750590944,0.868087565221253,1.1315880331472332,0.19082596157907536,1.0375118259904175
22.92943385253356,1.1710076182291012,0.5791636831394413,0.8691695428280112,0.8680837689957535,1.1314869250777984,0.18501508707295009,1.0368397412773136
22.93719318350858,1.175485883232894,0.575124846528843,0.8658458869861326,0.8680774102354231,1.1313737896577836,0.17944692519725547,1.0361811032117307
22.94494241148121,1.1799269730111634,0.5710743802280102,0.8625734466625293,0.8680685373884344,1.131249753268599,0.1741089169331477,1.0355356696350537
22.952682386978346,1.1843313697827509,0.5670139387678772,0.8593510994510555,0.8680571969664572,1.1311158491247704,0.16898928345710773,1.0349031925580041
22.960413920803806,1.1886995355311183,0.5629450400780687,0.8561777595953663,0.8680434336608697,1.130973025399251,0.16407696892830406,1.0342834197521562
22.968137787376378,1.193031913408718,0.5588690764383799,0.8530523763050389,0.8680272904486542,1.1308221525660886,0.15936158819664792,1.0336760961291445
22.975854727748313,1.1973289289963862,0.5547873244377005,0.8499739321936691,0.868008808689136,1.1306640300450614,0.15483337894338184,1.0330809649348935
22.98356545234694,1.2015909914386496,0.5507009540398422,0.8469414418235311,0.8679880282125463,1.1304993922222921,0.15048315781112506,1.0324977687811754
22.99127064346826,1.2058184944682733,0.5466110368482997,0.8439539503469363,0.8679649874012793,1.1303289139121777,0.14630228013706142,1.031926250534666
22.998970957550615,1.2100118173332712,0.5425185536496737,0.8410105322345156,0.8679397232645967,1.1301532153182627,0.14228260294467415,1.031366154080904
23.006667027255425,1.2141713256390743,0.5384244013051265,0.8381102900810798,0.8679122715074299,1.1299728665439563,0.13841645088661717,1.0308172249782226
23.014359463365345,1.2182973721097548,0.5343293990584937,0.8352523534858882,0.8678826665938975,1.1297883916985125,0.13469658487146,1.0302792110158074
23.022048856538312,1.2223902972875218,0.5302342943064665,0.8324358779934837,0.8678509418059803,1.1296002726379712,0.13111617312062127,1.0297518626862363
23.029735778911952,1.2264504301660046,0.5261397678923895,0.8296600440978199,0.8678171292978816,1.1294089523772488,0.12766876444857153,1.0292349335843811
23.03742078558228,1.2304780887690248,0.5220464389632021,0.8269240563010524,0.8677812601464436,1.129214838204998,0.12434826356546988,1.0287281807410453
23.045104415975985,1.2344735806838618,0.5179548694259755,0.8242271422204002,0.8677433643979443,1.1290183045294946,0.12114890822383458,1.0282313648989285
23.052787195117997,1.2384372035488775,0.5138655680449181,0.8215685517427276,0.8677034711116272,1.1288196954811804,0.11806524805543836,1.0277442507386063
23.060469634802057,1.2423692454987274,0.5097789942122601,0.8189475562241096,0.8676616084002662,1.128619327294706,0.11509212495622304,1.0272666070608576
23.06815223468421,1.2462699855767208,0.5056955614160614,0.8163634477274471,0.8676178034679617,1.128417490490578,0.11222465488570271,1.0267982069300903
23.07583548330437,1.2501396941161391,0.5016156404325101,0.8138155382964966,0.8675720826454002,1.1282144518748443,0.10945821096570672,1.0263388277839305
23.083519859031373,1.2539786330875855,0.4975395622724526,0.8113031592677311,0.8675244714228496,1.1280104563735946,0.10678840777692362,1.0258882515139276
23.091205830953285,1.2577870564228766,0.4934676208951974,0.8088256606125607,0.8674749944809859,1.127805728716715,0.10421108675138444,1.0254462645201818
23.09889385971262,1.2615652103146484,0.48940007571206956,0.8063824103100237,0.8674236757197452,1.1276004749844573,0.10172230257615147,1.0250126577436267
23.10658439828815,1.2653133334920914,0.48533715389893645,0.8039727937491745,0.8673705382853735,1.1273948840290013,0.09931831052987333,1.0245872266790885
23.11427789273678,1.2690316574789988,0.4812790525288312,0.8015962131566817,0.8673156045957473,1.1271891287816802,0.09699555467699576,1.0241697713712117
23.121974782883772,1.2727204068280122,0.47722594054743317,0.799252087053091,0.867258896364198,1.1269833674561829,0.09475065685860368,1.023760096396425
23.129675502991052,1.2763797993451327,0.47317796059071626,0.7969398497282797,0.8672004346217643,1.1267777446559961,0.09258040641166985,1.0233580108315636
23.1373804823788,1.2800100462920907,0.4691352306715606,0.79465895074359,0.8671402397381733,1.1265723923949293,0.09048175057022567,1.022963328212459
23.145090146021847,1.283611352576686,0.46509784573639723,0.7924088544537281,0.8670783314415088,1.1263674310376182,0.08845178549235161,1.0225758664830915
23.152804915126467,1.28718391693323,0.46106587910036073,0.7901890395467203,0.8670147288366195,1.1261629701666052,0.08648774786643725,1.0221954479365885
23.160525207662825,1.2907279320813139,0.45703938378422787,0.7879989986088348,0.8669494504225634,1.1259591093827945,0.08458700706137359,1.0218218991506525
23.16825143890021,1.294243584884539,0.4530183937379519,0.785838237700567,0.8668825141087927,1.1257559390436565,0.08274705777013719,1.0214550509163045
23.175984021901055,1.297731056488513,0.449002924982438,0.7837062759561618,0.8668139372305179,1.125553540945397,0.08096551312286626,1.021094738163144
23.183723368013258,1.3011905224560358,0.4449929766568632,0.7816026451951752,0.8667437365629972,1.125351988952733,0.0792400982271377,1.0207407998801736
23.191469887335597,1.30462215288769,0.4409885319919109,0.7795268895529625,0.866671928335029,1.1251513495811505,0.07756864411173567,1.020393079034209
23.199223989179206,1.3080261125379398,0.4369895592036431,0.777478565123534,0.8665985282415111,1.1249516825349248,0.07594908204107224,1.0200514224855395
23.206986082506464,1.3114025609181397,0.43299601232378554,0.7754572396196427,0.8665235514552894,1.1247530412048972,0.07437943817903962,1.0197156809023113
23.214756576375216,1.314751652398506,0.4290078319575997,0.7734624920424904,0.8664470126380894,1.1245554731285736,0.07285782857295584,1.019385708673012
23.222535880354123,1.3180735362938176,0.4250249459921332,0.771493912369851,0.8663689259509034,1.1243590204163103,0.07138245444302163,1.0190613638189814
23.230324404954636,1.3213683569523123,0.4210472702362028,0.7695511012506494,0.8662893050634367,1.1241637201451913,0.06995159774816771,1.018742507905489
23.238122562033386,1.3246362538275989,0.4170747090201889,0.7676336697176935,0.8662081631631098,1.1239696047242187,0.06856361701884815,1.0184290059536818
23.24593076521007,1.3278773615525965,0.4131071557365804,0.7657412389069659,0.8661255129632026,1.1237767022319702,0.06721694343102597,1.018120726351876
23.253749430269227,1.3310918100017495,0.409144493341157,0.7638734397913131,0.866041366710496,1.123585036729599,0.06591007711144786,1.0178175407677839
23.261578975569343,1.3342797243510884,0.4051865948062913,0.7620299129226089,0.8659557361922007,1.123394628550505,0.06464158365526324,1.0175193240609808
23.2694198224476,1.337441225130916,0.4012333235354916,0.7602103081851803,0.8658686327423226,1.1232054945687417,0.06341009084447526,1.0172259541963151
23.277272395624827,1.3405764282727097,0.39728453373981265,0.7584142845592782,0.865780067247448,1.123017648447653,0.06221428555374965,1.0169373121582628
23.28513712361407,1.343685445151288,0.39334007077712063,0.7566415098937298,0.865690050151933,1.1228311008701606,0.061052910831315935,1.0166532818662761
23.293014439132406,1.3467683826217172,0.38939977145692023,0.7548916606878217,0.8655985914625245,1.1226458597520603,0.0599247631441554,1.0163737500912697
23.300904779522128,1.3498253430529474,0.38546346431004275,0.753164421881045,0.8655057007523627,1.122461930439481,0.058828689776506814,1.0160986063731836
23.308808587163888,1.3528564243510388,0.3815309698340426,0.751459486654502,0.8654113871645878,1.122279315892045,0.05776358637471426,1.015827742940312
23.31672630991863,1.3558617199858485,0.37760210069794836,0.7497765562358926,0.8653156594151364,1.1220980168519588,0.05672839462452493,1.0155610546292155
23.32465840155482,1.3588413190039266,0.3736766619299186,0.7481153397176048,0.8652185257952576,1.1219180320010491,0.0557221000587251,1.015298438806817
23.332605322207126,1.3617953060448391,0.36975445106661714,0.7464755538779949,0.8651199941732115,1.1217393581055572,0.054743729981316984,1.0150397952931332
23.34056753882922,1.3647237613462273,0.36583525828443303,0.744856923013893,0.8650200719956139,1.1215619901504421,0.05379235150613356,1.0147850262860114
23.34854552566518,1.3676267607463783,0.3619188665019571,0.743259178779197,0.8649187662881439,1.12138592146336,0.052867069700102264,1.014534036287034
23.35653976474094,1.3705043756841426,0.3580050514544475,0.7416820600294923,0.8648160836556004,1.1212111438290695,0.051967025825029906,1.0142867320286657
23.3645507463618,1.3733566731904838,0.35409358174850536,0.7401253126756442,0.8647120302814949,1.1210376475951997,0.05109139567386093,1.0140430224030659
23.372578969633473,1.3761837158774395,0.3501842188895986,0.73858868954299,0.8646066119269681,1.120865421769626,0.050239387994050325,1.0138028183920684
23.38062494300393,1.378985561922692,0.3462767172850075,0.7370719502369593,0.8644998339290676,1.1206944541101163,0.049410242993535296,1.0135660329984582
23.388689184815824,1.381762265045503,0.3423708242282347,0.7355748610172365,0.864391701198531,1.1205247312069582,0.04860323092574029,1.0133325811788365
23.396772223887535,1.3845138744796393,0.3384662798571119,0.7340971946772246,0.8642822182168429,1.120356238558692,0.04781765074738944,1.013102379777562
23.404874600127773,1.3872404349439609,0.33456281708426444,0.7326387304283193,0.8641713890324969,1.1201889606413158,0.04705282884480293,1.0128753474616645
23.41299686515904,1.3899419866013893,0.33066016151278804,0.7311992537938087,0.8640592172568025,1.1200228809718964,0.046308117827357415,1.0126514046574426
23.421139582987415,1.3926185650180685,0.3267580313198953,0.7297785565058906,0.8639457060587298,1.1198579821661947,0.045582895381017875,1.012430473487677
23.42930333068451,1.3952702011102087,0.32285613712582945,0.72837643641234,0.8638308581592625,1.1196942459913917,0.04487656318195475,1.012212477710448
23.437488699129137,1.3978969210932246,0.31895418182603597,0.7269926973848989,0.8637146758245989,1.119531653413281,0.044188545862974334,1.0119973426582505
23.445696293768286,1.400498746418612,0.31505186040670224,0.7256271492369819,0.8635971608587603,1.1193701846390796,0.04351829003366515,1.0117849951785383
23.45392673541283,1.403075693702562,0.3111488597369803,0.7242796076483778,0.8634783145953976,1.119209819155804,0.04286526335018059,1.0115753635752416
23.462180661096532,1.4056277746539243,0.30724485832498843,0.7229498940928277,0.8633581378883836,1.1190505357639822,0.04222895363001084,1.011368377550585
23.47045872497025,1.4081549959909914,0.30333952605168474,0.7216378357738729,0.8632366311015827,1.1188923126074657,0.04160886801192442,1.0111639681479117
23.478761599248003,1.4106573593508498,0.2994325238753101,0.720343265566845,0.8631137940975613,1.118735127199282,0.04100453215765446,1.0109620676951192
23.487089975204867,1.413134861189584,0.29552350350702805,0.7190660219677486,0.8629896262252316,1.1185789564437574,0.040415489493465975,1.0107626097487283
23.495444564249254,1.4155874926781542,0.291612107047807,0.7178059490464065,0.8628641263060897,1.1184237766546805,0.03984130048830889,1.0105655290380433
23.503826099041326,1.4180152395834573,0.28769796660039965,0.7165628964091487,0.8627372926194575,1.1182695635702495,0.039281541969034356,1.010370761410128
23.512235334702666,1.4204180821457237,0.28378070383586,0.7153367191651542,0.862609122886049,1.1181162923641488,0.03873580646809929,1.010178243774544
23.520673050083445,1.4227959949399016,0.27985992953099137,0.7141272779026488,0.8624796142503555,1.1179639376535464,0.038203701604830505,1.009987914048675
23.529140049126084,1.4251489467297662,0.27593524305907424,0.712934438670333,0.8623487632612541,1.1178124735034698,0.037684849496480655,1.0097997111027708
23.53763716232146,1.4274769003105519,0.2720062318363539,0.7117580729660618,0.8622165658508799,1.1176618734277963,0.037178886198437754,1.0096135747048605
23.546165248253534,1.4297798123359198,0.26807247072676177,0.7105980577347437,0.8620830173118176,1.1175121103870487,0.03668546117293374,1.0094294454656372
23.55472519527143,1.43205763313656,0.26413352138740553,0.7094542753716266,0.8619481122719904,1.1173631567825013,0.03620423678318218,1.0092472647825694
23.56331792325047,1.4343103065162668,0.2601889315731735,0.7083266137379509,0.8618118446678349,1.117214984447319,0.035734887814579945,1.009066974784045
23.57194438552388,1.4365377695432548,0.2562382343634439,0.7072149661798905,0.8616742077144595,1.1170675646335149,0.035277101017846826,1.0088885182719483
23.580605570917186,1.4387399523140738,0.2522809473428143,0.7061192315619875,0.8615351938738408,1.1169208679959566,0.03483057467760122,1.0087118386641212
23.589302505973098,1.4409167777082275,0.24831657169615906,0.7050393143058472,0.861394794819645,1.116774864572065,0.03439501820134592,1.008536879934993
23.5980362573249,1.4430681611169769,0.2443445912380068,0.7039751244421827,0.8612530013993203,1.116629523758012,0.033970151731101156,1.0083635865553209
23.606807934270414,1.4451940101536767,0.24036447135306516,0.7029265776723583,0.8611098035926047,1.1164848142806318,0.03355570577502125,1.0081919034300708
23.615618691548264,1.4472942243392592,0.2363756578479128,0.7018935954424236,0.8609651904663939,1.1163407041651299,0.033151420859182455,1.0080217758345353
23.624469732347062,1.4493686947630315,0.23237757570066975,0.7008761050293559,0.8608191501254451,1.116197160698147,0.03275704719843313,1.0078531493481755
23.633362311581003,1.4514173037184195,0.22836962769436459,0.6998740396395075,0.8606716696583389,1.1160541503857604,0.03237234438536611,1.007685969785721
23.642297739432923,1.4534399243047806,0.22435119293435865,0.698887338523396,0.860522735078648,1.1159116389064345,0.031997081098099324,1.0075201831256009
23.651277385216748,1.4554364199973253,0.2203216252273105,0.6979159471056025,0.860372331260428,1.115769591058186,0.03163103482546297,1.0073557354349136
23.660302681589997,1.4574066441806828,0.21628025130887507,0.6969598171317162,0.8602204418674821,1.1156279706995458,0.031273991609464334,1.0071925727905375
23.669375129159878,1.4593504396430792,0.2122263689016737,0.6960189068335483,0.8600670492756347,1.1154867406836888,0.030925745804629853,1.007030641195783
23.678496301514755,1.4612676380239016,0.20815924459042065,0.6950931811158337,0.859912134487441,1.115345862785272,0.030586099854572314,1.006869886492202
23.68766785075783,1.4631580592151805,0.20407811148109622,0.6941826117638602,0.859755677037996,1.1152052976188707,0.030254864084723283,1.0067102542654558
23.69689151357645,1.465021510705885,0.19998216663062324,0.6932871776770589,0.8595976548912289,1.1150650045485027,0.029931856512245066,1.0065516897448767
23.706169117937723,1.4668577868674983,0.19587056820812979,0.6924068651289265,0.8594380443250946,1.1149249415869158,0.0296169026723931,1.0063941376954637
23.715502590482668,1.468666668172215,0.19174243235734512,0.6915416680570462,0.8592768198043764,1.114785065283551,0.02930983546183981,1.0062375423013799
23.72489396467903,1.4704479203297112,0.18759682973516803,0.6906915883894867,0.8591139538400177,1.1146453306002668,0.02901049500030583,1.0060818470402708
23.73434538993363,1.4722012933514081,0.18343278163951562,0.6898566364028266,0.8589494168314646,1.1145056907718451,0.028718728507909772,1.0059269945454516
23.74385914165351,1.4739265205055345,0.1792492557333933,0.6890368311287857,0.8587831768921441,1.114366097151387,0.028434390203299017,1.005772926456578
23.753437632531888,1.475623317175634,0.175045161245799,0.6882322008027933,0.8586151996532304,1.1142264990365054,0.028157341219191112,1.0056195832547739
23.76308342512286,1.4772913795882738,0.1708193436240774,0.6874427833700921,0.8584454480445215,1.1140868434752607,0.02788744953971913,1.0054669040817066
23.77279924599839,1.4789303834100915,0.16657057851170437,0.6866686270485058,0.8582738820472303,1.1139470750474973,0.02762458995812314,1.00531482653856
23.78258800163299,1.4805399821783052,0.16229756499112585,0.6859097909639593,0.8581004584160766,1.1138071356192991,0.027368644059080027,1.0051632864632774
23.792452796421095,1.4821198055624156,0.157998917918177,0.685166345858779,0.8579251303634857,1.113666964064544,0.027119500224326812,1.0050122176805223
23.802396952995398,1.4836694574016338,0.15367315927877778,0.6844383748977396,0.8577478472028666,1.1135264959508748,0.026877053668523877,1.0048615517226398
23.812424035466538,1.4851885135206677,0.14931870830211008,0.6837259745692029,0.8575685539399249,1.113385663180911,0.026641206502770277,1.004711217513097
23.822537875851108,1.4866765192493836,0.14493387021956966,0.6830292557147455,0.8573871908072265,1.1132443935844811,0.02641186783504185,1.0045611410095372
23.832742604473662,1.488132986630015,0.14051682333405738,0.682348344692974,0.8572036927279861,1.1131026104501898,0.026188953907225733,1.0044112447958933
23.84304268498076,1.489557391241229,0.13606560413001728,0.6816833847083906,0.85701798869767,1.1129602319866467,0.025972388276443294,1.0042614476156264
23.853442954857016,1.4909491685705771,0.131578090046713,0.6810345373345844,0.8568300010675001,1.1128171706999863,0.025762102047285268,1.004111663834716
23.8639486726253,1.4923077098618265,0.1270519794128168,0.6804019842627801,0.8566396447087008,1.1126733326699572,0.02555803416158197,1.0039618028191195
23.874565573049782,1.4936323573247114,0.12248476798370385,0.6797859293241976,0.8564468260338834,1.1125286167047803,0.025360131757248487,1.0038117682100272
23.885299932150375,1.4949223985877804,0.11787372131418802,0.6791866008368759,0.8562514418431634,1.112382913347716,0.025168350607478924,1.0036614570736924
23.896158644210633,1.4961770602296147,0.11321584204186898,0.6786042543475067,0.8560533779559063,1.112236103702683,0.024982655656750754,1.00351075889809
23.907149313648958,1.4973955001897818,0.10850783086444764,0.6780391758529494,0.8558525075766371,1.1120880580360917,0.024803021673019468,1.0033595543997844
23.91828036547884,1.4985767988060898,0.10374603963172446,0.6774916856094183,0.8556486893282467,1.1119386340993875,0.02462943404084431,1.0032077140935332
23.929561178993513,1.4997199481257737,0.09892641458865385,0.676962142680369,0.8554417648693527,1.1117876751029765,0.024461889731071232,1.003055096565786
23.94100225145167,1.5008238390981652,0.09404442689635255,0.676450950388851,0.8552315559739697,1.111635007241377,0.024300398483604248,1.0029015463655997
23.95261539971,1.5018872460109725,0.0890949870669137,0.6759585629485046,0.8550178609309296,1.1114804366506081,0.024144984268953496,1.0027468914124429
23.964414012047296,1.5029088074623358,0.08407233812244935,0.6754854935723614,0.8548004500427137,1.1113237456171752,0.023995687094854185,1.002590939764943
23.9764133656875,1.503887002764225,0.0789699209115203,0.6750323245316798,0.8545790599449977,1.1111646878080568,0.023852565268619397,1.0024334755541129
23.988631032735277,1.5048201223407196,0.07378020196207577,0.6745997197753855,0.8543533863381754,1.1110029821859355,0.023715698254505622,1.0022742537927924
24.00108740658473,1.5057062300495008,0.06849445029378563,0.674188440991882,0.8541230745538335,1.1108383051356663,0.023585190328639084,1.0021129936549635
24.013806395337472,1.5065431144219446,0.06310244348422736,0.6737993683921231,0.8538877071184532,1.1106702801142447,0.023461175325424053,1.0019493696353627
24.026816352137455,1.5073282244156327,0.05759207338859063,0.6734335280873845,0.8536467870552857,1.1104984637928481,0.02334382290399781,1.0017829997039631
24.040151349053154,1.508058582952869,0.05194880636698102,0.6730921289221319,0.8533997150036327,1.1103223271183262,0.02323334698969043,1.0016134291054626
24.053852961578396,1.5087306676649472,0.04615492728644473,0.6727766132622519,0.8531457571459318,1.110141228829892,0.02313001742222708,1.0014401076891255
24.067972836193153,1.509340241734055,0.0401884519561371,0.6724887290130881,0.8528839990341642,1.1099543774147527,0.023034176476051972,1.0012623573208825
24.082576496349475,1.5098821057666587,0.03402151520560731,0.6722306352362644,0.8526132771138902,1.1097607747824794,0.022946263095051045,1.0010793236137365
24.097749180699775,1.510349719226393,0.02761789849110135,0.6720050632854452,0.8523320736547277,1.10955912992584,0.022866849895748113,1.0008899019228308
24.113605141738113,1.5107345950290714,0.02092909218031653,0.671815574587088,0.8520383494045856,1.1093477213849667,0.022796702496667303,1.0006926194961367
24.1303030324379,1.5110252760113374,0.013887779135226111,0.6716669969330084,0.8517292668268327,1.1091241692563318,0.02273688046031829,1.0004854403767305
24.148072016192174,1.5112054917265318,0.006396772847042717,0.671566212227776,0.8514007212735469,1.1088850461838682,0.022688921687587574,1.00026543373424
24.167253923722516,1.5112506444166054,-0.0016888650591408696,0.6715236678495241,0.8510465883315137,1.1086252383513733,0.022655205854451924,1.0000282351016812
24.188336566368672,1.511121357629274,-0.010576112290149875,0.6715562061111832,0.8506581589986918,1.108337365846396,0.022639689450928733,0.9997675982068492
24.211599879347858,1.510761233177349,-0.02038526801495636,0.6716885026772887,0.850230719032427,1.108016496602446,0.022648722954256077,0.999479719237627
24.2304865797441,1.5103009898154984,-0.028352713899047713,0.6718703670365155,0.8498847488306236,1.107753057200656,0.022676292564937233,0.9992453807370841
24.24937328014034,1.5096902246477801,-0.03632494163549738,0.6721190985884634,0.8495398562064284,1.1074867898292897,0.02272210341608963,0.9990103211879697
24.267827948468046,1.5089479356709203,-0.04412071313282126,0.6724268964207798,0.8492040123790456,1.107223569589749,0.022784634719013337,0.9987796761026754
24.284550784969486,1.5081510032433056,-0.051191013757908625,0.672761258216881,0.8489007720965309,1.106982130359256,0.022856628368549157,0.9985695801601854
24.30014697176514,1.5073011590064658,-0.057791059925382235,0.6731207810259396,0.8486189717288549,1.1067543095556487,0.02293707027416249,0.9983725856275001
24.315228865205675,1.5063813916060662,-0.06417978670236157,0.6735123963384378,0.8483474584938072,1.1065314195986113,0.023027232813168177,0.9981810009200671
24.329805366297897,1.5054008329294695,-0.07036099185727722,0.6739321251927464,0.8480860333113566,1.1063134096661174,0.02312610628954341,0.99799467932846
24.343884650960604,1.5043681320800193,-0.07633807166796573,0.6743761954441383,0.8478345037764435,1.1061002684406904,0.023232730837521816,0.9978135146803735
24.357542491998007,1.5032858848138249,-0.0821430887480822,0.6748434481220756,0.8475914717319721,1.105890960257658,0.0233467857395642,0.9976365428058487
24.370837274598454,1.502156209349995,-0.08780077546038303,0.6753329568885644,0.8473558618225788,1.1056846766828234,0.02346803546115836,0.997463012560657
24.383810569853253,1.5009812937502212,-0.09332875365691565,0.6758437830379147,0.8471269065753388,1.1054808421272568,0.023596260921110022,0.9972923840066422
24.396496754199404,1.4997629814964,-0.09874161063175042,0.6763751494403649,0.8469039725984687,1.1052789742350435,0.02373129686328944,0.9971242064978681
24.408924689852242,1.498502838677913,-0.10405160837722476,0.676926408974048,0.8466865293738848,1.1050786615324737,0.02387302159881621,0.9969580975391079
24.421118650908102,1.4972022343154425,-0.10926907282366186,0.6774970078104063,0.8464741317253808,1.104879552046954,0.024021346032148925,0.9967937314454737
24.43309927809765,1.4958623773168374,-0.11440279649946165,0.6780864679881777,0.8462664020652862,1.1046813407466651,0.024176207972595776,0.9966308274692582
24.444884304483455,1.4944843432829114,-0.11946034468016554,0.6786943747545217,0.8460630169145795,1.104483759947552,0.024337568008020335,0.9964691407535989
24.45648910196607,1.4930690957373907,-0.12444828594017436,0.6793203665784769,0.8458636967473278,1.1042865720949357,0.024505406306464826,0.9963084555160887
24.467927103743353,1.491617502743512,-0.12937237039795027,0.6799641273511101,0.8456681981420652,1.104089564174341,0.024679720155171142,0.9961485797724239
24.47921013518479,1.49013035010894,-0.13423766934143072,0.6806253802029298,0.8454763076363371,1.1038925433249414,0.024860522046318983,0.9959893411970792
24.490348675677936,1.4886083520785842,-0.13904868574000917,0.6813038825136751,0.8452878368641944,1.1036953333608972,0.025047838168600206,0.9958305838416676
24.50135206823361,1.4870521600920827,-0.1438094427219017,0.6819994218398627,0.8451026186647113,1.103497771979256,0.02524170721159289,0.9956721655024897
24.51222868886811,1.4854623700531462,-0.1485235550831236,0.6827118125480366,0.8449205039378953,1.1032997084967289,0.025442179411976403,0.9955139555882536
24.52298608481726,1.483839528418339,-0.15319428764688345,0.683440893007194,0.8447413590797954,1.1031010019957632,0.025649315792017416,0.9953558333753887
24.53363108818953,1.482184137359892,-0.15782460325823336,0.6841865232198217,0.8445650638737923,1.1029015197934138,0.025863187550268,0.9951976865690992
24.544169910360658,1.4804966591507704,-0.1624172026528199,0.6849485828202827,0.8443915097399496,1.1027011361619943,0.026083875579929743,0.9950394101037878
24.554608220751177,1.4787775199484534,-0.16697455773247244,0.6857269693577468,0.8442205982742932,1.1024997312547369,0.02631147008819666,0.9948809051380828
24.564951213186554,1.4770271130563681,-0.17149893959971838,0.6865215968255033,0.8440522400189546,1.1022971901931753,0.026546070303413116,0.994722078204199
24.575203662101956,1.4752458017604242,-0.1759924423045009,0.6873323943908185,0.8438863534210144,1.1020934022867854,0.026787784255344716,0.9945628404836413
24.58536997039843,1.4734339218155819,-0.18045700306468357,0.6881593052900066,0.8437228639463951,1.1018882603611848,0.02703672861725433,0.9944031071867918
24.59545421046932,1.4715917836280437,-0.18489441960199698,0.6890022858670128,0.8435617033207237,1.1016816601745039,0.02729302860280375,0.9942427970173339
24.605460159598184,1.4697196741708327,-0.18930636510103174,0.6898613047376599,0.8434028088749638,1.1014734999056668,0.027556817912267464,0.9940818317063269
24.615391330501293,1.467817858700049,-0.19369440111449038,0.6907363420482959,0.8432461229810287,1.1012636797055162,0.027828238718576783,0.9939201356068222
24.62525099798175,1.4658865822648828,-0.19805998882639714,0.6916273888316523,0.8430915925599483,1.1010521012964876,0.028107441694188114,0.9937576353362577
24.635042222187288,1.463926071059846,-0.20240449887867631,0.6925344464374933,0.8429391686531292,1.100838667615161,0.028394586072247076,0.9935942594608695
24.64476786899841,1.461936533637916,-0.20672921998353755,0.6934575260292727,0.8427888060469633,1.100623282490552,0.028689839739695806,0.9934299382154664
24.65443062798785,1.4599181619986663,-0.21103536650810428,0.6943966481402213,0.8426404629426518,1.1004058503521061,0.028993379360761212,0.9932646032529716
24.664033028325008,1.4578711325611016,-0.2153240851896267,0.695351842284378,0.8424941006643984,1.1001862759621022,0.029305390530037462,0.9930981874188958
24.67357745285095,1.4557956070476614,-0.21959646107491596,0.6963231466102968,0.8423496834015773,1.0999644641699688,0.029626067951904485,0.9929306245481624
24.683066150603544,1.4536917332836248,-0.22385352280266047,0.6973106075954765,0.8422071779797895,1.099740319684469,0.029955615646344923,0.9927618492806567
24.692501248017784,1.451559645917038,-0.22809624732407952,0.6983142797792047,0.8420665536567016,1.0995137468604135,0.030294247181226707,0.9925917968924948
24.701884758960233,1.4493994670703634,-0.2323255641285879,0.6993342255286943,0.8419277819396782,1.0992846494978488,0.030642185930249498,0.9924204031410889
24.711218593714566,1.4472113069381876,-0.23654235902287055,0.7003705148318576,0.8417908364229191,1.0990529306523806,0.03099966535522644,0.9922476041226653
24.720504567088554,1.4449952643273976,-0.24074747753630538,0.7014232251185097,0.841655692641099,1.098818492453787,0.03136692931426969,0.9920733361398352
24.729744405743105,1.4427514271465878,-0.24494172799497685,0.702492441106961,0.8415223279376299,1.0985812359315177,0.03174423239592188,0.9918975355779581
24.73893975479853,1.4404798728586004,-0.24912588428621643,0.703578254669517,0.8413907213463692,1.0983410608466395,0.03213184027807442,0.991720138789783
24.748092183864383,1.4381806688844625,-0.2533006883773582,0.7046807647226094,0.8412608534843297,1.0980978655273548,0.03253003011485486,0.9915410819861048
24.75720319248571,1.435853872981032,-0.2574668525830573,0.7058000771310581,0.8411327064552141,1.0978515467089534,0.032939090949016786,0.9913603011329597
24.766274215136,1.4334995335784444,-0.26162506163824395,0.7069363046332434,0.8410062637616512,1.0976019993754234,0.03335932415355307,0.9911777318532364
24.775306625770398,1.4311176900897067,-0.265775974580992,0.7080895667814465,0.8408815102257285,1.0973491166028386,0.033791043901892664,0.9909933093327441
24.7843017419829,1.4287083731958468,-0.2699202264633509,0.7092599898958352,0.8407584319169963,1.0970927894037905,0.034234577667569994,0.9908069682301684
24.79326082884702,1.4262716050984443,-0.274058429924946,0.7104477070362211,0.8406370160866627,1.0968329065710234,0.034690266756498056,0.9906186425895709
24.80218510240413,1.4238073997605478,-0.2781911766112333,0.7116528579815494,0.8405172511083076,1.096569354521591,0.03515846686972323,0.9904282657564044
24.811075732920212,1.4213157631137414,-0.28231903849054246,0.712875589228087,0.8403991264233169,1.0963020171383322,0.035639548702597154,0.9902357702947587
24.819933847850756,1.4187966932567848,-0.28644256904066784,0.7141160539940826,0.8402826324917299,1.0960307756105616,0.03613389857756643,0.9900410879072621
24.82876053462023,1.4162501806246302,-0.29056230435293495,0.715374412241433,0.8401677607469492,1.0957555082709949,0.03664191911667557,0.989844149355563
24.837556843164215,1.4136762081496157,-0.29467876412838157,0.7166508307038334,0.8400545035549049,1.0954760904304979,0.03716402995179357,0.9896448843826275
24.84632378830728,1.4110747514008801,-0.29879245259876075,0.7179454829284374,0.839942854176607,1.0951923942085044,0.037700668477605295,0.9894432216354145
24.855062351957695,1.4084457787133764,-0.302903859362353,0.7192585493255862,0.839832806734252,1.0949042883596474,0.03825229064760235,0.9892390885884429
24.863773485175088,1.4057892512953643,-0.30701346015969144,0.7205902172323185,0.839724356180086,1.0946116380947453,0.03881937181802181,0.989032411467073
24.87245811007107,1.4031051233312224,-0.3111217175692571,0.721940680981462,0.8396174982684643,1.0943143048973678,0.039402407639078804,0.9888231151715389
24.881117121605058,1.4003933420654424,-0.31522908165122293,0.7233101419835366,0.8395122295302564,1.0940121463337467,0.04000191499945585,0.9886111232003176
24.889751389252158,1.3976538478788194,-0.31933599052720385,0.7246988088161644,0.8394085472498333,1.093705015856671,0.0406184330249544,0.9883963575734994
24.898361758581544,1.3948865743486423,-0.32344287091303214,0.7261068973253103,0.8393064494441144,1.0933927626017599,0.04125252413655077,0.988178738755239
24.906949052732795,1.392091448300079,-0.3275501385974565,0.7275346307349484,0.8392059348437877,1.0930752311763055,0.04190477516999677,0.9879581855756746
24.91551407379666,1.3892683898500062,-0.33165819886857395,0.7289822397647027,0.8391070028765775,1.092752261440145,0.04257579856056819,0.9877346151521873
24.92405760413059,1.3864173124362835,-0.3357674469012407,0.7304499627592567,0.8390096536521683,1.0924236882771083,0.043266233598822076,0.9875079428092798
24.932580407592116,1.3835381228404955,-0.33987826809612365,0.7319380458256743,0.8389138879489566,1.092089341357238,0.04397674776004788,0.987278081997519
24.941083230717446,1.3806307211974997,-0.3439910383821818,0.7334467429822927,0.838819707202289,1.091749044888312,0.04470803811387255,0.9870449442108681
24.949566803829736,1.3776950009990978,-0.3481061244737665,0.7349763163156712,0.8387271134943431,1.0914026173567468,0.04546083281747802,0.9868084389028199
24.95803184209271,1.3747308490886996,-0.35222388408836747,0.7365270361474493,0.838636109545452,1.0910498712567485,0.04623589269875573,0.9865684734009492
24.966479046515225,1.3717381456468576,-0.3563446661262359,0.7380991812114481,0.8385466987067975,1.0906906128068745,0.04703401293545586,0.9863249528197328
24.974909104924023,1.3687167641632052,-0.3604688108186873,0.7396930388436622,0.8384588849542821,1.0903246416526207,0.04785602483804494,0.9860777799711631
24.98332269287059,1.3656665714084173,-0.3645966498267948,0.7413089051782789,0.8383726728839316,1.0899517505557306,0.04870279773961076,0.9858268552741186
24.991720474518054,1.3625874273914809,-0.36872850631101173,0.7429470853577409,0.8382880677083362,1.0895717250675492,0.049575241004190244,0.9855720766612134
25.000103103483852,1.359479185312183,-0.3728646949579873,0.7446078937519605,0.838205075254386,1.089184343186577,0.05047430615894292,0.9853133394838137
25.00847122367201,1.3563416914976345,-0.37700552197917103,0.74629165419297,0.8381237019619626,1.0887893749978002,0.05140098916205639,0.9850505364142258
25.016825470039294,1.3531747853446767,-0.3811512850514897,0.7479987002136765,0.8380439548841438,1.088386582295369,0.05235633280943426,0.9847835573467757
25.02516646937445,1.349978299239857,-0.38530227323683847,0.7497293753062045,0.8379658416881451,1.0879757181839114,0.05334142929847058,0.9845122892953673
25.033494841040635,1.3467520584763613,-0.3894587668532368,0.7514840331898691,0.8378893706575105,1.0875565266595932,0.054357422954296214,0.9842366162890636
25.041811197696216,1.3434958811632884,-0.39362103730240394,0.7532630380916058,0.8378145506954107,1.0871287421690123,0.055405513131557615,0.9839564192652669
25.050116146002086,1.3402095781250185,-0.3977893468548243,0.7550667650404886,0.8377413913289941,1.086692089144189,0.056486957305189565,0.983671575960289
25.058410287312437,1.3368929527926354,-0.40196394838760424,0.7568956001756996,0.8376699027148389,1.0862462815123346,0.05760307436337646,0.9833819607974388
25.066694218362333,1.3335458010828418,-0.4061450850783726,0.7587499410709166,0.8376000956454183,1.0857910221781546,0.05875524811918563,0.9830874447722577
25.07496853192832,1.3301679112746063,-0.4103329900395028,0.7606301970699386,0.8375319815568104,1.0853260024782607,0.05994493105360404,0.982787895335795
25.083233817509747,1.326759063864991,-0.41452788591263534,0.7625367896443122,0.8374655725372838,1.084850901603304,0.0611736483138973,0.9824831762743634
25.091490661970635,1.3233190314291892,-0.4187299843886849,0.764470152759585,0.8374008813372973,1.0843653859891667,0.06244300197764501,0.9821731475880144
25.099739650207486,1.319847578458769,-0.42293948568157336,0.7664307332651864,0.8373379213804147,1.0838691086715038,0.06375467561222303,0.9818576653655757
25.10798136580199,1.3163444611954083,-0.4271565779296926,0.76841899129889,0.8372767067755201,1.0833617086036211,0.06511043914613314,0.9815365816578724
25.116216391681238,1.312809427451379,-0.4313814365308301,0.7704354007113375,0.8372172523302013,1.0828428099339664,0.06651215407972481,0.9812097443485424
25.124445310776025,1.309242216421277,-0.4356142233995056,0.7724804495087138,0.8371595735654301,1.0823120212411377,0.06796177906018046,0.980876997023042
25.13266870668899,1.3056425584805533,-0.4398550861458808,0.774554640316745,0.8371036867315126,1.0817689347228712,0.06946137585137811,0.9805381788357219
25.14088716437521,1.3020101749701238,-0.4441041571701467,0.7766584908671608,0.8370496088253621,1.0812131253356914,0.0710131157305586,0.980193124375178
25.14910127082384,1.2983447779726038,-0.44836155265828215,0.7787925345041383,0.8369973576092472,1.0806441498826802,0.072619286343828,0.979841663528795
25.157311615763515,1.2946460700707032,-0.4526273714819481,0.780957320716954,0.8369469516309386,1.080061546044246,0.0742822990619695,0.9794836213460184
25.165518792374307,1.2909137440959177,-0.45690169398372255,0.7831534156949348,0.8368984102454584,1.0794648313491788,0.076004696874079,0.9791188179016689
25.173723398030848,1.2871474828570098,-0.46118458064961804,0.7853814029116879,0.8368517536383744,1.0788535020800467,0.07778916286849116,0.9787470681588912
25.181926035045805,1.283346958862828,-0.46547607064091884,0.7876418837309345,0.8368070028509236,1.0782270321106133,0.07963852934329618,0.9783681818338816
25.190127311464167,1.2795118340170337,-0.4697761801984902,0.7899354780481044,0.8367641798067876,1.077584871666645,0.08155578761057206,0.9779819632610377
25.19832784186484,1.2756417593052225,-0.47408490088240657,0.792262824956581,0.8367233073408942,1.076926446007969,0.08354409854356236,0.9775882112615284
25.206528248204332,1.2717363744591343,-0.478402197649065,0.7946245834486774,0.836684409230183,1.0762511540233899,0.085606803938584,0.9771867190149093
25.21472916068998,1.2677953076044126,-0.48272800674161503,0.7970214331485906,0.8366475102265534,1.0755583667330935,0.08774743875940402,0.9767772739357244
25.222931218696676,1.2638181748861634,-0.4870622333814555,0.7994540750819231,0.8366126360920855,1.0748474256906346,0.08996974434489653,0.9763596575560608
25.231135071722232,1.2598045800754085,-0.491404749236701,0.8019232324810922,0.8365798136367322,1.0741176412774454,0.0922776826640129,0.9759336454161021
25.239341380396226,1.2557541141502755,-0.49575538965143756,0.8044296516316323,0.8365490707586082,1.0733682908805555,0.09467545171577503,0.9754990069640775
25.2475508175336,1.2516663548571956,-0.5001139506046106,0.8069741027574646,0.8365204364871215,1.0725986169455135,0.09716750217525436,0.9750555054684875
25.255764069257054,1.2475408662414889,-0.5044801853817362,0.8095573809530632,0.8364939410290811,1.0718078248927951,0.09975855540644218,0.9746028979441598
25.263981836175507,1.2433771981549138,-0.5088538009198271,0.8121803071592874,0.836469615818082,1.070995080888434,0.1024536229643122,0.974140935096022
25.27220483464234,1.2391748857298066,-0.5132344538015757,0.8148437291908623,0.8364474935673588,1.0701595094552867,0.10525802773255835,0.973669361283014
25.280433798085102,1.2349334488256574,-0.5176217458535485,0.8175485228134513,0.8364276083264406,1.0693001909133295,0.10817742684852666,0.9731879145068493
25.288669478423493,1.2306523914415652,-0.5220152193117824,0.8202955928760826,0.8364099955418804,1.0684161586338372,0.11121783659132527,0.972696326429586
25.296912647589973,1.2263312010892495,-0.5264143515115045,0.8230858745041203,0.8363946921223974,1.067506396091109,0.11438565942775832,0.972194322424774
25.305164099148122,1.2219693481315972,-0.5308185490413214,0.8259203343514291,0.8363817365088407,1.0665698336960756,0.11768771342456481,0.9716816216689246
25.31342465003282,1.2175662850770554,-0.535227141310766,0.8287999719198537,0.8363711687493692,1.0656053453914947,0.121131264269473,0.9711579372792924
25.32169514241821,1.213121445829911,-0.5396393734625163,0.8317258209480227,0.8363630305803255,1.0646117449886323,0.1247240601637294,0.970622976506142
25.329976445733443,1.2086342448894476,-0.5440543985592055,0.834698950876161,0.8363573655133215,1.0635877822218027,0.1284743698843623,0.9700764409880588
25.33826945882859,1.2041040765010174,-0.5484712689550095,0.8377204683870869,0.8363542189291316,1.062532138497129,0.13239102434057132,0.9695180270814732
25.346575112325553,1.1995303137451032,-0.552888926767907,0.8407915190348612,0.8363536381790251,1.0614434223056497,0.13648346200112474,0.9689474262751973
25.354894371159695,1.1949123075667853,-0.5573061933395175,0.8439132889619009,0.836355672694285,1.0603201642717013,0.14076177860036418,0.9683643257045677
25.363228237344273,1.1902493857345173,-0.561721757568103,0.8470870067144529,0.8363603741047304,1.0591608118013744,0.14523678159159573,0.9677684087803966
25.371577752973817,1.1855408517267425,-0.566134162974119,0.8503139451600052,0.8363677963671676,1.057963723294579,0.14992004986499297,0.9671593559516205
25.379944003499972,1.1807859835363717,-0.5705417933465612,0.8535954235160453,0.8363779959048151,1.0567271618783742,0.15482399931930732,0.9665368456224676
25.388328121311986,1.1759840323850852,-0.5749428567939859,0.8569328094984378,0.8363910317588856,1.0554492886152052,0.1599619549490715,0.9659005552485919
25.39673128966102,1.1711342213369083,-0.5793353680004314,0.8603275215995844,0.8364069657536751,1.0541281551341632,0.1653482301961867,0.9652501626403656
25.40515474695624,1.1662357438087767,-0.5837171284488911,0.8637810315008482,0.83642586267666,1.0527616956300185,0.17099821440228852,0.9645853475072456
25.413599791506098,1.1612877619517785,-0.5880857043617796,0.8672948666406507,0.8364477904753889,1.051347718162104,0.17692846933587986,0.9639057932794817
25.422067786738452,1.1562894049020205,-0.5924384020437328,0.8708706129422223,0.8364728204731311,1.0498838951847151,0.18315683586929332,0.9632111892531731
25.43056016697063,1.1512397668814713,-0.5967722402812011,0.8745099177180505,0.8365010276055781,1.0483677532277278,0.18970255204827377,0.9625012331097824
25.439078443809,1.1461379051275609,-0.601083919397972,0.8782144927695149,0.8365324906812572,1.0467966616363586,0.19658638397154932,0.9617756338698777
25.447624213257324,1.1409828376346123,-0.6053697864955445,0.881986117697319,0.8365672926686926,1.0451678202697647,0.20383077109144299,0.9610341153519326
25.456199163639056,1.1357735406799598,-0.6096257963375542,0.8858266434458772,0.8366055210138679,1.0434782460432492,0.21145998779110345,0.9602764202180347
25.464805084450834,1.1305089461063285,-0.6138474672450559,0.8897379961060622,0.836647267992122,1.0417247581846585,0.21950032336683237,0.959502314702876
25.473443876283373,1.1251879383280983,-0.6180298312616287,0.8937221810038928,0.8366926310992917,1.0399039620586001,0.227980282866243,0.9587115941393644
25.48211756197996,1.1198093510173044,-0.622167377723688,0.8977812871118566,0.8367417134878081,1.038012231390024,0.23693081162349944,0.9579040894133715
25.490828299226333,1.1143719634216296,-0.6262539892140268,0.9019174918228379,0.8367946244544481,1.0360456886962657,0.24638554677963756,0.9570796745046029
25.499578394800835,1.1088744962585166,-0.630282868689929,0.9061330661333364,0.8368514799876715,1.0340001837093282,0.25638109961018984,0.9562382752994144
25.50837032077135,1.103315607110236,-0.6342464563574288,0.9104303802981842,0.836912403384072,1.0318712695345476,0.2669573731363588,0.9553798798947286
25.51720673296513,1.0976938852404687,-0.6381363345804404,0.9148119100234614,0.836977525945244,1.0296541762562996,0.27815792024678004,0.9545045506553477
25.526090492136703,1.0920078457161293,-0.6419431187892801,0.9192802432943459,0.8370469877688962,1.0273437816474986,0.29003034851890586,0.9536124383346394
25.53502468832378,1.086255922708826,-0.6456563319257594,0.923838087944423,0.8371209386508156,1.0249345785878163,0.3026267790313612,0.9527037986321708
25.54401266900646,1.0804364618109294,-0.6492642594511195,0.9284882801069548,0.8371995391180487,1.0224206387226702,0.3160043678529781,0.951779011635701
25.553058071828964,1.0745477111599269,-0.6527537812965937,0.9332337937258057,0.8372829616183508,1.0197955718084695,0.33022590059598095,0.9508386046872206
25.562164862846206,1.0685878110989717,-0.6561101763279216,0.9380777513627055,0.837371391897126,1.0170524800763778,0.3453604725639361,0.9498832793251336
25.5713373814746,1.062554782044773,-0.6593168938488466,0.9430234365923842,0.8374650306006405,1.014183906816729,0.36148426964392766,0.948913943099449
25.58058039368031,1.0564465101127818,-0.6623552853528051,0.9480743083881612,0.8375640951547912,1.0111817782003691,0.3786814685141496,0.9479317472317472
25.589899155345087,1.050260729926285,-0.6652042880016192,0.9532340180202247,0.8376688219820273,1.008037337128713,0.39704527903487064,0.9469381313193288
25.59929948834397,1.0439950038350507,-0.6678400490592341,0.9585064291811408,0.8377794691372904,1.004741067593748,0.41667915734890726,0.945934876569264
25.608787872644683,1.037646696511372,-0.670235477509518,0.9638956423062112,0.837896319468271,1.0012826076212227,0.43769822562235416,0.9449241694213358
25.618371558850313,1.0312129434992803,-0.6723597050646996,0.96940602444138,0.8380196844393458,0.9976506482969986,0.4602309443586113,0.9439086779031599
25.62805870711919,1.0246906117614978,-0.6741774332625505,0.9750422465434906,0.8381499088056237,0.9938328155901198,0.4844210967730433,0.9428916437084122
25.63785856060319,1.0180762494591953,-0.6756481357131485,0.9808093309104412,0.8382873763909952,0.9898155305444968,0.5104301636780246,0.9418769938578496
25.647781664766082,1.0113660209877235,-0.6767250737413993,0.9867127126653371,0.8384325173220707,0.985583841733606,0.5384401943616108,0.9408694769964066
25.65784014871058,1.0045556214612417,-0.6773540680252622,0.9927583210863713,0.8385858172147787,0.9811212213596446,0.5686573183525359,0.9398748310589338
25.66804809194703,0.9976401619563596,-0.6774719456584668,0.9989526895280094,0.8387478290308155,0.9764093124804373,0.6013161021992838,0.938899991452322
25.678422011548157,0.990614012155818,-0.6770045467830157,1.00530310747857,0.8389191886661314,0.9714276086055287,0.6366850473146161,0.9379533524764374
25.688981524904786,0.9834705781880136,-0.6758641192423556,1.0118178372938964,0.839100635918281,0.9661530357688141,0.6750736785819463,0.9370451000501273
25.699750268113544,0.9762019845434979,-0.673945839736828,1.0185064279098546,0.8392930432995171,0.9605593926957287,0.716841896958398,0.9361876431219955
25.710757215057427,0.9687985981813685,-0.6711230460196832,1.0253801887388367,0.8394974569477275,0.9546165682567316,0.7624127330718533,0.9353961847382438
25.722038636270792,0.9612482927314843,-0.6672404894543713,1.0324529292192715,0.839715156745115,0.948289399070967,0.8122904081568844,0.9346894999795587
25.73364113546503,0.953535260025594,-0.6621043958813515,1.039742163054589,0.8399477485368588,0.9415359108803463,0.8670871578136167,0.9340910355736733
25.745626615943227,0.9456379839863766,-0.655467058282769,1.0472711746201724,0.8401973133717141,0.9343044331343543,0.9275655232344686,0.9336305421443658
25.758080974400105,0.9375255461365513,-0.6470013100251175,1.0550728048789269,0.840466666026304,0.9265284852704396,0.9947102587429606,0.9333466626176918
25.771130731499525,0.9291502775894988,-0.6362542936697893,1.063197003604014,0.8407598445560861,0.9181168006634681,1.0698630680751529,0.9332914274046367
25.784978879974986,0.9204313537572627,-0.6225527717120255,1.071727714582487,0.8410831559025334,0.9089313022664465,1.1550095459953857,0.9335391266393405
25.799995726634148,0.9112121054587238,-0.6047723396052916,1.0808268444243017,0.8414478090301355,0.8987299688880181,1.2535039479440562,0.9342073667936219
25.81698523132648,0.9011359693244555,-0.5806480429281562,1.0908625986992866,0.84187770321506,0.8869979957055052,1.3722221383886308,0.9355204099738178
25.833662706793817,0.8916807660058328,-0.5524691063209344,1.1003667822249177,0.8423171435773966,0.8754434382479155,1.4953805561941547,0.9374371500425395
25.850340182261153,0.8827350052519591,-0.519504616148411,1.1094412436477934,0.8427732258701289,0.8640573944068358,1.6236387118102151,0.9400155261471739
25.865660644893207,0.875036413713437,-0.48477984046865125,1.1173246174281157,0.8432061675959899,0.8539618215015936,1.744184066110633,0.9429840459624976
25.880279057480188,0.8682168780238075,-0.4475547991684408,1.1243804333450014,0.8436310144645204,0.8448712364380561,1.859652585994148,0.9463493713936653
25.894520604890886,0.8621243225261263,-0.407412104851459,1.1307639224024193,0.8440551736428353,0.8367445447508907,1.9703951367601373,0.9501096039518153
25.908526607546335,0.8567161548819296,-0.3642529837083914,1.136524712633621,0.8444813801073529,0.8296804921520889,2.075269885403759,0.954239431477256
25.922350489917328,0.8519951424365554,-0.3182171313959664,1.1416696308632646,0.8449099813646157,0.8238401844388511,2.1723728808198755,0.9586934540769536
25.93597458550621,0.8479866451517671,-0.26973423640494687,1.1461831481265885,0.845339180042338,0.8194099268254625,2.2593363702000797,0.9634025711629243
25.949311671966285,0.8447208241100123,-0.2195885130649035,1.1500415395154184,0.8457649226522806,0.8165581080245723,2.333691278005742,0.9682714250226893
25.962220486969272,0.8422113571453054,-0.1688894630166266,1.153230236192387,0.84618132894536,0.8153795186978676,2.3934346094772097,0.9731850277758018
25.974544371855227,0.8404366795513623,-0.11889107389009891,1.1557605729387184,0.846581979569466,0.8158496156426457,2.4376259993728846,0.9780272540156696
25.986143620164327,0.8393358345012064,-0.07078457872042197,1.1576744469939788,0.8469610841025714,0.8178157834469139,2.4666313453108,0.9826973396333025
25.996884920656303,0.8388174980045777,-0.025663593780240225,1.159035737213831,0.847313248142911,0.8210132366670719,2.481944919999347,0.9871064050002994
26.00505681991375,0.8387486933040994,0.008834695019841188,1.159803077755864,0.8475815120305638,0.8243521868354686,2.4859338754283753,0.9905103556947593
26.013223743613565,0.8389616535482162,0.04330415366324497,1.160335491561645,0.8478496213983766,0.8284757698166674,2.4832451959918154,0.9939527124341823
26.02204683228992,0.8395074494656759,0.0803723015562676,1.1606442144635538,0.8481389832578802,0.8338072288163115,2.4728891085644964,0.9977154167911301
26.031839208343136,0.8404943352501956,0.12109908720420925,1.1606586076677599,0.8484593969461502,0.8407657488429453,2.4525330356517987,1.0019424775238306
26.04239268379188,0.8420008383851155,0.16424966979349392,1.1602818146563567,0.8488033536856672,0.8494387444289972,2.4205890762125546,1.006553777607353
26.053596168821564,0.8440924830559557,0.20892284500015115,1.1594294090135038,0.849166352181266,0.8598850805571012,2.376063645034477,1.0115029370048387
26.065394250192217,0.846827313982677,0.25438776617620795,1.1580201978101423,0.8495455332088045,0.8721213986325358,2.318468085965551,1.0167560673658373
26.077761556772135,0.8502577048929778,0.29998769958629945,1.1559720373398723,0.8499388252836403,0.8861052997953891,2.247803773251427,1.022275147140993
26.09065917800012,0.8544200233541686,0.34499616434993635,1.1532082942110657,0.8503435503988077,0.9016837098888455,2.1647708246155997,1.027992421361521
26.10392738084429,0.8592884076982141,0.3883259074863688,1.1496963791870018,0.8507531968769505,0.9184485141599681,2.071567770293046,1.033760439773276
26.117189186827883,0.8647078887865514,0.42843641567698204,1.1455165040709603,0.8511549479966358,0.9356111793388263,1.972743021524666,1.0393243635574103
26.130083761447576,0.8704667917275732,0.4642668349215314,1.1408271783042472,0.8515373920576145,0.952367277418501,1.8732403747705617,1.044454587153707
26.14253040354735,0.8764449975861431,0.49585637947052147,1.135740009298315,0.8518982242822105,0.9683339136650536,1.7756845104186885,1.049068973340417
26.154614403661583,0.882608084367356,0.5237290325635408,1.1303032732216285,0.8522401616589089,0.9834226454026485,1.680903495484306,1.0531707304108142
26.16645306392313,0.888957001466289,0.5484190280256988,1.124534399198333,0.8525666873563172,0.9976414803636862,1.5890554034326434,1.056782872670582
26.178160091609293,0.8955081845285305,0.570368165173101,1.1184350407083123,0.8528809522551851,1.0110258783064523,1.5000604822054748,1.0599293386963546
26.189846663989513,0.9022903849140743,0.5899329298421482,1.1119935588174648,0.8531857804616048,1.0236234045971027,1.4137095468032983,1.0626320188177223
26.20163298981929,0.9093486717721146,0.607407399391457,1.1051811410063883,0.8534839362340138,1.0354933533195843,1.329665988773232,1.0649106168649491
26.213669728797324,0.9167561659927982,0.6230468287408402,1.0979403319305712,0.8537785724989341,1.04671403945822,1.2473979780954638,1.0667824333219444
26.226185801071335,0.9246444663608872,0.6370981792147289,1.0901549685463992,0.8540741721406497,1.0574043529591233,1.1659731956202102,1.068261237225232
26.239639256056737,0.9333041746362929,0.649874479248001,1.0815503398567707,0.8543794814011588,1.0677992850795126,1.0833449477900094,1.0693538513505623
26.255634889780158,0.943801869663872,0.6622024353614636,1.071078789027778,0.8547255445917122,1.0787374736244824,0.9918211933372489,1.070045845595759
26.267948688525472,0.9520043241077071,0.6697716392259692,1.0628919211038357,0.8549793487069238,1.0861659633097984,0.9263081955705448,1.070180186535873
26.280262487270786,0.9602905321684488,0.6758291506571712,1.0546362307141401,0.855222178469891,1.0927915734134777,0.8649991655035266,1.0700123326224826
26.2917090396325,0.968052683747703,0.6802244185662105,1.0469291386123172,0.8554380878457595,1.0982822513108648,0.8116593627398023,1.0696199624537586
26.302463669761522,0.9753859505443007,0.6833642722549668,1.039680822836812,0.8556323680482589,1.102898900404357,0.7646270363497077,1.0690717139988921
26.312753004917234,0.9824292018611641,0.6855468048053031,1.032756190719171,0.8558105144761465,1.1068620309692496,0.7223085399391576,1.0684066818662405
26.322694288728883,0.9892519653984052,0.6869555846136063,1.0260881840349243,0.8559755125851457,1.1103023472128324,0.6837992938738829,1.0676520418789375
26.33236050546,0.995896379796292,0.6877194231491018,1.0196362788526727,0.8561292928629985,1.1133097976804358,0.6484923263125006,1.0668280505436423
26.341801586877256,1.0023906080685427,0.687935049926803,1.013373318175878,0.8562732212252557,1.115951136677561,0.6159439245473532,1.0659504154645403
26.351053829480517,1.0087547048112786,0.6876782818156694,1.0072798012431632,0.8564083218811537,1.1182782792815982,0.5858117118739575,1.0650316225408343
26.360144767925533,1.0150036090136565,0.6870103319553036,1.001340998196934,0.856535394962482,1.1203329032594178,0.5578215022635963,1.0640817631598356
26.369095964809926,1.0211488334950707,0.6859817094464393,0.9955453382147309,0.8566550850415817,1.122149241826166,0.5317477083944367,1.0631090884829932
26.37792472853674,1.0271994911747326,0.6846347903420364,0.9898834412340473,0.8567679239791255,1.1237559008529034,0.5074008982801748,1.0621204005956306
26.38664523084031,1.033162953876122,0.683005597033882,0.9843475036353738,0.8568743591908432,1.1251771050373456,0.4846194493308795,1.061121339466699
26.395269265625398,1.0390452938537993,0.6811250775657212,0.9789308914962712,0.8569747730925007,1.126433588228247,0.4632637047766883,1.0601165998830913
26.403806782726893,1.0448515903968387,0.6790200539937932,0.973627861594005,0.8570694969408279,1.127543250802427,0.44321173600038777,1.059110099322223
26.41226627434449,1.0505861490149266,0.6767139433205261,0.9684333643865991,0.8571588209657509,1.1285216582287803,0.4243561791681416,1.0581051103227164
26.420655061713486,1.0562526620239228,0.674227317182988,0.9633429013914163,0.8572430019649913,1.1293824276791817,0.40660181553245267,1.0571043664645088
26.428979512199113,1.061854328666137,0.6715783441812864,0.958352419725998,0.8573222691121629,1.1301375334594468,0.3898636818247915,1.0561101482959814
26.437245206688974,1.0673939466106062,0.6687831448360511,0.9534582326408394,0.8573968284768245,1.130797552149843,0.3740655679866574,1.0551243537335244
26.445457070685027,1.0728739827530895,0.6658560802314385,0.9486569586361672,0.8574668665959451,1.1313718620319035,0.35913880422564554,1.0541485562512778
26.453619478382404,1.07829662876045,0.6628099894649085,0.9439454741139929,0.8575325533339287,1.131868807228778,0.3450212683477283,1.053184053340673
26.461736336331146,1.0836638451973197,0.6596563869748614,0.939320876040016,0.8575940442005476,1.1322958341801497,0.33165656362067736,1.0522319071242023
26.46981115140251,1.0889773969571797,0.6564056280169088,0.9347804521380418,0.8576514822495532,1.1326596061242482,0.3189933307254113,1.0512929785843645
26.47784708656366,1.0942388820054667,0.6530670485418106,0.930321656808996,0.8577049996490306,1.1329660998854583,0.30698466650783846,1.0503679565476964
26.48584700705022,1.0994497549046882,0.6496490842886109,0.9259420914643575,0.857754718991622,1.133220688270213,0.29558762887089723,1.0494573823302813
26.493813518895884,1.1046113462252456,0.6461593728395658,0.9216394883008215,0.8578007543964568,1.1334282106447127,0.2847628119024113,1.0485616707704826
26.501749001326438,1.1097248786853404,0.6426048415837764,0.9174116967809757,0.857843212442744,1.1335930337243003,0.2744739788294199,1.0476811282348122
26.50965563417518,1.114791480661215,0.6389917839390231,0.9132566722671559,0.8578821929660662,1.1337191041923733,0.26468774302588044,1.046815968075724
26.51753542123139,1.1198121975698132,0.6353259257168339,0.9091724663806623,0.8579177897418261,1.1338099944518178,0.2553732892711978,1.0459663239337558
26.52539021024131,1.124788001516867,0.6316124831590311,0.9051572187553909,0.857950091075246,1.1338689425674986,0.24650212897799195,1.045132261208548
26.533221710124568,1.1297197995146033,0.6278562138996167,0.901209149932522,0.8579791803134121,1.1338988872668365,0.23804788429546445,1.0443137869696995
26.54103150588405,1.1346084405278098,0.624061461872161,0.8973265551835657,0.8580051362919728,1.1339024987142616,0.22998609688416738,1.0435108585312523
26.548821071557402,1.139454721531589,0.6202321970269669,0.8935077991125591,0.8580280337265833,1.1338822056540467,0.2222940579333969,1.0427233908819817
26.556591781528795,1.1442593927510558,0.6163720505625722,0.8897513109004254,0.8580479435575078,1.1338402194189785,0.2149506565279403,1.0419512631298748
26.56434492044739,1.149023162212045,0.6124843462700427,0.8860555800889219,0.8580649332542377,1.1337785552230912,0.20793624395897817,1.04119432409668
26.57208169195304,1.15374669970678,0.6085721284967258,0.8824191528223585,0.8580790670858116,1.1336990510921554,0.20123251195351535,1.0404523971782915
26.579803226379482,1.1584306402625006,0.604638187157498,0.8788406284784629,0.8580904063615923,1.1336033847325615,0.19482238310048572,1.0397252845693539
26.587510587587918,1.163075587192438,0.6006850801527968,0.8753186566271778,0.8580990096465019,1.133493088595044,0.18868991199732899,1.0390127709352726
26.595204779035765,1.1676821147808565,0.5967151535131244,0.8718519342778948,0.8581049329540368,1.133369563353356,0.1828201958727864,1.0383146266052992
26.602886749189903,1.172250770658255,0.5927305595341745,0.8684392033724881,0.8581082299199216,1.133234089987134,0.17719929359601036,1.0376306103480217
26.610557396365994,1.1767820779071236,0.5887332731362674,0.8650792484937501,0.8581089519588077,1.1330878406325366,0.17181415213947604,1.0369604717832306
26.618217573071508,1.1812765369372802,0.5847251066462481,0.8617708947600347,0.8581071484060773,1.1329318883423312,0.16665253967980184,1.0363039534760783
26.625868089906987,1.1857346271568365,0.5807077231803116,0.8585130058867309,0.8581028666465168,1.1327672158787974,0.1617029846341005,1.0356607927543278
26.633509719086454,1.1901568084693173,0.5766826487759852,0.8553044823919409,0.8580961522313756,1.132594723646823,0.15695472000732721,1.0350307232828735
26.641143197613708,1.1945435226138024,0.572651283411206,0.8521442599338712,0.8580870489851264,1.1324152368613931,0.15239763251332242,1.034413476426586
26.648769230164966,1.1988951943734065,0.5686149110216506,0.8490313077613182,0.8580755991030553,1.1322295120316892,0.148022215984286,1.033808782426949
26.656388491696564,1.2032122326594796,0.5645747086273353,0.845964627271664,0.8580618432406852,1.1320382428346363,0.14381952865572764,1.0332163714167455
26.664001629832125,1.207495031499622,0.5605317546462076,0.8429432506559539,0.8580458205958594,1.1318420654411832,0.13978115393874457,1.0326359742909395
26.671609267022163,1.2117439709228974,0.5564870364924016,0.8399662396354637,0.8580275689842888,1.13164156335251,0.13589916436637417,1.0320673234538964
26.6792120025318,1.215959417771482,0.5524414575127986,0.8370326842686234,0.858007124909167,1.1314372717952808,0.1321660884001963,1.0315101534557722
26.686810414250463,1.2201417264331913,0.5483958433388776,0.8341417018318826,0.8579845236254844,1.1312296817208483,0.12857487984779184,1.0309642015335425
26.69440506036096,1.224291239513995,0.5443509476995126,0.8312924357606992,0.8579597991995066,1.131019243447215,0.12511888964513737,1.0304292080670072
26.701996480862732,1.2284082884461072,0.5403074577558316,0.8284840546532691,0.8579329845639275,1.1308063699793043,0.12179183980281422,1.0299049169616552
26.709585198986687,1.2324931940507924,0.5362659989903281,0.8257157513233117,0.8579041115690276,1.130591440038089,0.11858779931536287,1.0293910759658165
26.717171722492413,1.2365462670495977,0.5322271397016626,0.8229867419057877,0.8578732110302586,1.1303748008270267,0.11550116187321541,1.0288874369316456
26.72475654487428,1.2405678085373135,0.5281913951327271,0.8202962650059642,0.857840312772519,1.1301567705602606,0.11252662521657344,1.028393756025892
26.732340146470438,1.2445581104124734,0.5241592312725797,0.8176435808941551,0.8578054456714633,1.1299376407753619,0.10965917199910852,1.0279097938977364
26.739922995500695,1.2485174557783947,0.5201310683520252,0.8150279707368799,0.8577686376920277,1.1297176784501168,0.10689405202908336,1.0274353158080134
26.747505549027743,1.252446119310999,0.5161072840660205,0.812448735866483,0.857729915924451,1.1294971279417112,0.10422676577981103,1.0269700917255213
26.75508825385489,1.2563443675996449,0.5120882165431907,0.8099051970845438,0.8576893066179674,1.129276212764301,0.10165304906407593,1.0265138963942786
26.7626715473601,1.2602124594602653,0.5080741670871652,0.8073966939990178,0.8576468352123868,1.1290551372197009,0.09916885878131398,1.026066509375862
26.77025585828483,1.2640506462297763,0.5040654027021568,0.8049225843887524,0.8576025263676578,1.1288340878939422,0.09677035964822882,1.025627715069371
26.777841607464083,1.2678591720342451,0.5000621584301358,0.8024822435997658,0.8575564039916607,1.1286132350320779,0.09445391184178178,1.0251973027130483
26.785429208515573,1.2716382740395844,0.4960646395083364,0.8000750639670705,0.8575084912662969,1.1283927338015531,0.09221605947941677,1.0247750663693396
26.79301906849552,1.275388182687976,0.4920730233597237,0.7977004542595575,0.8574588106719665,1.1281727254537028,0.09005351987152453,1.024360804895485
26.800611588509188,1.279109121913704,0.48808746143771214,0.7953578391515044,0.8574073840106391,1.12795333839261,0.0879631734920465,1.0239543219025538
26.808207164289783,1.2828013093448911,0.484108080931639,0.7930466587160536,0.8573542324275605,1.1277346891589628,0.08594205461019781,1.0235554257040862
26.815806186751885,1.2864649564937702,0.48013498634221213,0.7907663679385782,0.8572993764316591,1.1275168833360287,0.08398734253341937,1.023163929255768
26.823409042510317,1.290100268930749,0.4761682609430548,0.7885164362524544,0.8572428359148169,1.127300016384614,0.08209635341964264,1.022779650088117
26.831016114382464,1.293707446450708,0.47220796812928006,0.7862963470915283,0.8571846301699712,1.127084174412534,0.08026653261339947,1.0224024102326206
26.838627781862467,1.297286683225638,0.4682541526686193,0.7841055974625334,0.8571247779082144,1.1268694348843966,0.07849544747142773,1.0220320361430997
26.846244421574685,1.3008381679469736,0.464306841859876,0.7819436975349285,0.8570632972749187,1.1266558672764573,0.07678078064135792,1.0216683586129476
26.8538664077136,1.3043620839607097,0.4603660466029085,0.7798101702458782,0.8570002058649,1.1264435336809042,0.07512032376021871,1.0213112126888357
26.861494112467245,1.30785860939362,0.45643176238893746,0.7777045509210356,0.8569355207367073,1.1262324893637943,0.0735119715443978,1.0209604375818546
26.86912790641725,1.3113279172672505,0.4525039702213642,0.7756263869127245,0.8568692584261602,1.1260227832806056,0.07195371624549635,1.0206158765770947
26.876768158934453,1.314770175608204,0.4485826374634283,0.7735752372499938,0.8568014349590336,1.1258144585523373,0.07044364244316043,1.0202773769414197
26.884415238565918,1.3181855475524564,0.4446677186204732,0.7715506723016076,0.8567320658629687,1.125607552905435,0.06897992215312757,1.0199447898302043
26.89206951340113,1.3215741914379944,0.440759156068282,0.769552273455002,0.8566611661787706,1.1254020990787612,0.06756081023166106,1.0196179701940513
26.89973135142937,1.3249362608911386,0.4368568807259802,0.7675796328076243,0.8565887504710362,1.12519812519991,0.0661846400542002,1.0192967766853391
26.90740112091068,1.3282719049160392,0.4329608126665214,0.7656323528648082,0.8565148328379354,1.1249956551327083,0.0648498194462972,1.0189810715640673
26.91507919071088,1.3315812679653132,0.42907086169403086,0.7637100462568178,0.8564394269206494,1.1247947087994299,0.06355482685909203,1.018670720605396
26.922765930652183,1.334864490014337,0.42518692786543405,0.7618123354615075,0.8563625459120185,1.1245953024783972,0.0622982077643723,1.0183655930069948
26.930461711846977,1.3381217066247582,0.42130890197630766,0.7599388525407664,0.8562842025647383,1.1243974490796798,0.061078571260644185,1.0180655612977763
26.938166907043218,1.3413530490092311,0.417436665999718,0.7580892388834973,0.8562044091988545,1.1242011583998819,0.05989458687210475,1.017770501247104
26.945881890948506,1.3445586440831268,0.4135700934976081,0.7562631449630688,0.856123177708917,1.1240064373584275,0.058744981533445526,1.0174802917759294
26.953607040573427,1.3477386145201544,0.4097090499869791,0.7544602300992362,0.8560405195704016,1.1238132902157576,0.05762853674257029,1.0171948148684389
26.961342735558492,1.3508930787966247,0.4058533932813307,0.7526801622330318,0.8559564458457939,1.1236217187756872,0.05654408587610295,1.0169139554857287
26.96908935851063,1.3540221512349777,0.4020029737966507,0.7509226177082892,0.8558709671900854,1.123431722572484,0.055490511653770835,1.0166376014806127
26.976847295335997,1.3571259420408266,0.39815763483072786,0.7491872810628359,0.8557840938558432,1.123243299044128,0.054466743744400116,1.016365643514155
26.984616935582967,1.360204557338846,0.39431721281091553,0.7474738448261198,0.8556958356977197,1.1230564436924604,0.053471756503027795,1.016097974973517
26.99239867278539,1.3632580992031855,0.3904815375171155,0.7457820093254832,0.8556062021765254,1.1228711502314275,0.052504566832532504,1.0158344918915378
27.000192904804337,1.36628666568147,0.3866504322826091,0.744111482501358,0.8555152023629079,1.1226874107243328,0.05156423216246248,1.0155750928681457
27.008000034184025,1.3692903508183056,0.38282371416653416,0.742461979727883,0.85542284494047,1.122505215710544,0.05064984853613824,1.0153196789931034
27.015820468509215,1.372269244672863,0.37900119410585903,0.7408332236417629,0.8553291382084853,1.1223245543227247,0.04976054880121742,1.015068153770574
27.023654620776824,1.3752234333351507,0.37518267704195135,0.7392249439766283,0.8552340900840739,1.1221454143949832,0.04889550089616865,1.0148204230451017
27.031502909763876,1.3781529989337813,0.3713679620318028,0.7376368774066402,0.8551377081040632,1.1219677825629861,0.048053906229074364,1.0145763949295952
27.03936576041849,1.3810580196449835,0.3675568423320909,0.7360687673938252,0.8550399994262238,1.1217916443560398,0.04723499814050698,1.0143359797344864
27.04724360425038,1.3839385696935433,0.36374910546869477,0.734520364044042,0.8549409708301728,1.1216169842822152,0.046438040448218025,1.0140990898988156
27.055136879744442,1.386794719354023,0.35994453328127385,0.7329914239668764,0.8548406287176643,1.1214437859065038,0.045662326066553904,1.0138656399225088
27.06304603277632,1.3896265349439705,0.35614290195416665,0.7314817101437733,0.8547389791125353,1.121272031922951,0.04490717569855041,1.013635546300511
27.07097151705017,1.3924340788160692,0.3523439820247331,0.7299909918004923,0.8546360276600612,1.1211017042207534,0.04417193659465209,1.0134087274581434
27.078913794547102,1.3952174093444614,0.34854753837562635,0.7285190442862931,0.854531779625872,1.120932783944988,0.04345598137552203,1.0131851036880415
27.086873335994724,1.397976580908426,0.34475333020679705,0.7270656489579933,0.8544262398942988,1.1207652515521207,0.04275870691447647,1.0129645970883563
27.09485062134897,1.4007116438696923,0.3409611109922509,0.7256305930707205,0.8543194129662712,1.120599086860844,0.04207953327712084,1.0127471315024719
27.102846140308543,1.403422644549784,0.33717062841260914,0.7242136696718453,0.8542113029564994,1.1204342690981326,0.041417902713397285,1.012532632459659
27.11086039283569,1.4061096251976177,0.33338162427669243,0.7228146775030939,0.8541019135902909,1.1202707769413818,0.040773278701512476,1.0123210271173948
27.118893889709,1.4087726239555047,0.3295938344205657,0.721433420906411,0.8539912481996651,1.1201085885563637,0.0401451450388824,1.0121122442046158
27.126947153100488,1.411411674820031,0.32580698858838225,0.7200697097352965,0.8538793097188672,1.1199476816314533,0.039533004978355664,1.0119062139661437
27.135020717178687,1.4140268075975764,0.3220208102948007,0.7187233592716006,0.8537661006792574,1.1197880334082972,0.03893638040727963,1.0117028681081954
27.143115128743453,1.4166180478554227,0.31823501666688864,0.7173941901471591,0.8536516232034999,1.1196296207090781,0.03835481106685405,1.0115021397448558
27.15123094789087,1.4191854168669356,0.3144493182668181,0.7160820282709209,0.8535358789990684,1.1194724199605932,0.03778785380992525,1.0113039633455265
27.159368748716233,1.421728931552322,0.31066341889215826,0.7147867047606763,0.8534188693509577,1.1193164072152197,0.03723508189481353,1.0111082746831792
27.16752912005097,1.4242486044124791,0.3068770153562359,0.7135080558805341,0.8533005951136542,1.1191615581690135,0.03669608431377732,1.0109150107834899
27.17571266623389,1.4267444434549648,0.30308979724881885,0.7122459229845052,0.8531810567023624,1.1190078481771173,0.03617046515445065,1.0107241098748507
27.183920007938756,1.4292164521175248,0.29930144666744,0.7110001524633167,0.853060254083163,1.118855252266212,0.03565784299136031,1.010535511338727
27.19215178304279,1.431664629182918,0.29551163792698476,0.7097705956975305,0.8529381867623187,1.1187037451444923,0.035157850307240994,1.0103491556607673
27.20040864754689,1.4340889686868414,0.2917200372430009,0.7085571090159223,0.8528148537745671,1.1185533012090814,0.03467013294219434,1.0101649843823926
27.20869127654188,1.4364894598156621,0.2879263023918046,0.7073595536606508,0.8526902536704807,1.1184038945511297,0.034194349569878366,1.0099829400530045
27.217000365256602,1.4388660868026384,0.28413008233136794,0.7061777957547644,0.852564384502351,1.1182554989580864,0.03373017119760339,1.0098029661820382
27.225336630140077,1.4412188288067227,0.28033101680537603,0.7050117062798734,0.8524372438093056,1.118108087914116,0.03327728069218939,1.0096250071919235
27.233700810037107,1.443547659789119,0.2765287359036729,0.7038611610562946,0.8523088286007596,1.1179616345977264,0.03283537232730434,1.0094490083706842
27.24209366744814,1.445852548382234,0.2727228595838546,0.7027260407282615,0.8521791353383172,1.1178161118768783,0.03240415135222815,1.0092749158244134
27.250515989832344,1.4481334577373033,0.26891299717308326,0.7016062307608336,0.8520481599167534,1.1176714923024,0.03198333358346451,1.0091026764305067
27.258968591033785,1.450390345370295,0.26509874681419476,0.7005016214386909,0.8519158976428368,1.1175277480984016,0.031572645014389535,1.0089322377900005
27.267452312807727,1.452623162996268,0.2612796948671905,0.6994121078715824,0.8517823432123267,1.1173848511502176,0.03117182144383685,1.0087635481795794
27.27596802643356,1.4548318563455185,0.2574554152725664,0.6983375900095464,0.8516474906853443,1.1172427729901602,0.030780608123820132,1.0085965565035262
27.284516634455876,1.457016364969098,0.2536254688582586,0.6972779726640563,0.8515113334594593,1.1171014847805014,0.03039875942405471,1.0084312122448569
27.293099072555194,1.4591766220299884,0.24978940259006105,0.6962331655367865,0.8513738642404459,1.116960957293711,0.030026038513075913,1.0082674654156474
27.30171631155173,1.4613125540765484,0.24594674876451716,0.6952030832575095,0.8512350750106401,1.1168211608900105,0.02966221705567929,1.0081052665065775
27.31036935956564,1.4634240807994985,0.2420970241343386,0.69418764543036,0.8510949569945077,1.1166820654918928,0.02930707492562219,1.0079445664352658
27.319059264351477,1.4655111147715558,0.2382397289590291,0.6931867766887676,0.8509535006211161,1.1165436405554405,0.028960399932955468,1.007785316493192
27.327787115807972,1.4675735611642617,0.2343743459808149,0.6922004067615267,0.8508106954834724,1.1164058550384621,0.028621987566129402,1.0076274682912287
27.336554048693372,1.469611317443094,0.23050033931306838,0.6912284705493159,0.8506665302942185,1.1162686773650494,0.02829164074792224,1.0074709737033367
27.34536124558458,1.4716242730427052,0.22661715322499154,0.6902709082106346,0.8505209928370295,1.116132075386023,0.027969169604184108,1.0073157848078393
27.354209940054997,1.4736123090086628,0.2227242108343699,0.6893276652634838,0.8503740699141055,1.115996016335716,0.02765439124689322,1.0071618538268339
27.363101420146876,1.4755752976147352,0.21882091267565446,0.6883986926982768,0.8502257472884832,1.1158604667839809,0.027347129569335004,1.0070091330625164
27.372037032155273,1.4775131019495762,0.21490663513676403,0.6874839471047292,0.8500760096208532,1.115725392583237,0.027047215053728438,1.0068575748302862
27.38101818472911,1.4794255754634513,0.21098072876300525,0.6865833908169301,0.8499248404007594,1.1155907588104936,0.026754484592064653,1.0067071313886506
27.39004635337658,1.481312561482079,0.2070425163908439,0.6856969920730239,0.8497722218706981,1.1154565297031436,0.026468781318363502,1.0065577548646656
27.399123085395804,1.4831738926781664,0.20309129110347393,0.6848247251937141,0.8496181349427188,1.1153226685882185,0.02618995445314738,1.0064093971747112
27.40825000524007,1.4850093904878274,0.1991263140051796,0.6839665707853193,0.8494625591073466,1.1151891378050376,0.025917859161346275,1.0062620099406685
27.417428820475397,1.4868188644873501,0.19514681174697251,0.6831225159598375,0.8493054723321136,1.1150558986189842,0.02565235642060501,1.0061155443991463
27.426661328284773,1.488602111701345,0.19115197382480148,0.6822925545852655,0.849146850950431,1.1149229111270773,0.02539331290361176,1.0059699513047309
27.435949422687994,1.4903589158543489,0.187140949578413,0.6814766875601654,0.8489866695378833,1.1147901341529758,0.025140600871888803,1.005825180824867
27.445295102506666,1.49208904654633,0.1831128448797779,0.6806749231212106,0.8488249007753885,1.1146575251309891,0.024894098083149963,1.0056811824262053
27.454700480181547,1.493792258344675,0.17906671846645228,0.6798872771866972,0.8486615152973451,1.114525039977577,0.024653687712444364,1.0055379047510637
27.464167791633646,1.4954682897955829,0.17500157783935438,0.6791137737341967,0.8484964815214058,1.1143926329476548,0.02441925828582766,1.0053952954814722
27.473699407185233,1.4971168623204743,0.17091637472024093,0.6783544452277186,0.848329765459554,1.1142602564754587,0.02419070363051379,1.0052533011909641
27.483297843815965,1.498737679004392,0.16680999995293225,0.6776093330905173,0.848161330505658,1.1141278609960978,0.023967922839491177,1.0051118671804373
27.492965778882645,1.5003304232488948,0.1626812777959881,0.6768784882355334,0.8479911371972091,1.1139953947459735,0.023750820253366303,1.0049709372967128
27.502706065595028,1.5018947572817891,0.15852895948471998,0.6761619716561905,0.8478191429460795,1.1138628035379534,0.023539305459294106,1.0048304537300876
27.51252175039817,1.50343032048217,0.1543517160015973,0.6754598550956872,0.8476453017356248,1.1137300305091244,0.02333329331133034,1.004690356789345
27.522416092737572,1.5049367275203807,0.15014812985565526,0.674772221793885,0.8474695637757117,1.1135970158344948,0.023132703970742245,1.0045505846481195
27.53239258750406,1.5064135662670486,0.1459166857489646,0.6740991673315616,0.8472918751103924,1.1134636964023994,0.022937462970794166,1.0044110730592388
27.542454990608736,1.5078603954329493,0.14165575994352453,0.6734408005880326,0.8471121771702498,1.1133300054452786,0.02274750130914531,1.0042717550316653
27.55260734831883,1.50927674190598,0.13736360806636932,0.6727972448258073,0.8469304062582211,1.1131958721169557,0.02256275557008066,1.0041325604622684
27.562854031087806,1.5106620977374237,0.13303835104872486,0.6721686389220715,0.8467464929558637,1.1130612210062236,0.022383168080295526,1.0039934157136308
27.57319977250018,1.512015916682176,0.12867795894389003,0.6715551387878999,0.8465603614390812,1.1129259715777724,0.022208687107593744,1.0038542431307547
27.58364971475452,1.5133376102663274,0.12428023203090063,0.6709569189843808,0.8463719286779604,1.1127900375208806,0.022039267102283502,1.0037149604790208
27.594209461624988,1.5146265432356638,0.1198427788172893,0.6703741745985513,0.846181103504054,1.1126533259923297,0.021874868995820692,1.0035754802926788
27.60488514082062,1.5158820283030299,0.11536299014363914,0.6698071234119697,0.8459877855109247,1.1125157367270182,0.02171546056185031,1.0034357091105015
27.615683477693747,1.5171033200280637,0.11083800858260281,0.6692560084319226,0.8457918637532419,1.1123771609888669,0.021561016854378535,1.003295546575418
27.626611882946005,1.5182896076412995,0.10626469203522958,0.6687211008635425,0.8455932151972836,1.1122374803250672,0.021411520738798793,1.0031548843664404
27.63767855790463,1.5194400065892588,0.1016395700442741,0.6682027036152655,0.8453917028591504,1.1120965650740904,0.021266963533790796,1.0030136049200604
27.64889262163967,1.5205535484699293,0.09695879105689356,0.6677011554759782,0.8451871735546436,1.1119542725677862,0.021127345792711607,1.0028715798902788
27.660264265989387,1.5216291689768338,0.09221805812365752,0.6672168361219833,0.8449794551525659,1.111810444943486,0.020992678255559283,1.0027286682746934
27.671804946210678,1.5226656933073788,0.08741254983945179,0.6667501721806339,0.8447683531938446,1.1116649064588213,0.020862983017596235,1.0025847141146988
27.68352761805342,1.5236618183439945,0.08253682205530215,0.6663016446375004,0.8445536466836934,1.1115174601597597,0.02073829497161698,1.0024395436409455
27.69544703553727,1.5246160906199944,0.0775846844514566,0.6658717979985828,0.8443350828020356,1.111367883703712,0.020618663607293655,1.0022929616940703
27.707580129972897,1.525526878765824,0.07254904346879618,0.6654612517486255,0.8441123701652431,1.1112159240537844,0.020504155275171333,1.0021447471759233
27.719946498853727,1.5263923385550215,0.06742169975184088,0.6650707148871088,0.843885170127876,1.1110612906481894,0.020394856072223622,1.001994647190593
27.732569045922745,1.5272103678529285,0.062193083010458276,0.6647010046624371,0.843653085386512,1.1109036464737936,0.020290875573708744,1.0018423693837852
27.745474833959157,1.527978547550231,0.05685189883242471,0.6643530711303982,0.8434156447856312,1.1107425961941846,0.020192351735818823,1.001687571748348
27.758696242376868,1.5286940625155905,0.05138464934077283,0.6640280300150412,0.843172282679752,1.1105776700602026,0.020099457465904906,1.001529848800773
27.772272572449367,1.529353593337114,0.04577496860146456,0.6637272077059265,0.8429223102994539,1.1104083016303872,0.02001240962867265,1.0013687124302157
27.78625232741415,1.5299531640555886,0.04000267874497876,0.6634522045402639,0.8426648750605721,1.110233796160708,0.019931481722951845,1.0012035647169324
27.800696538950742,1.5304879212326519,0.03404241306492046,0.6632049866241211,0.842398901181739,1.110053284521647,0.019857022296649443,1.0010336582991473
27.815683763986637,1.5309518015088497,0.02786154782807395,0.6629880240362964,0.84212300047748,1.1098656539809768,0.019789482722431615,1.0008580368551223
27.83131782137319,1.5313370097007546,0.021416999914795374,0.6628045079551043,0.8418353342794895,1.1096694409230854,0.01972946101374875,1.0006754429321516
27.847740082248656,1.531633158603348,0.014650138543164253,0.6626587091010339,0.8415333943169959,1.1094626598851065,0.019677774740452594,1.0004841713706412
27.865149018853725,1.5318257760208274,0.007478687073612474,0.6625566019585629,0.8412136551715935,1.1092425293885335,0.01963559005979701,1.00028183545566
27.883827953198814,1.5318936159959757,-0.00021479557227304432,0.6625069976037813,0.8408710855543065,1.1090050724601157,0.019604664139226003,1.0000650316280268
27.90415327240415,1.5318041730535912,-0.00858648173680332,0.6625234774913218,0.8404990337911279,1.1087449314322304,0.01958780035780171,0.9998292183247875
27.926319045522522,1.5315126472198681,-0.0177181623065419,0.6626251595985901,0.8400943068484246,1.1084588260128967,0.019589322870051065,0.9995718756986121
27.94550457039313,1.5310968700388314,-0.025625255118133808,0.6627837379264371,0.8397449929468989,1.1082087858616858,0.019607441121439216,0.9993486513876613
27.964690095263737,1.5305293512586364,-0.03353672983519094,0.6630079168979099,0.8393967331336379,1.10795631710733,0.019641222860094763,0.9991248076826065
27.9830926610348,1.5298423240344714,-0.041130709648811895,0.6632847294781791,0.8390637903578092,1.107711576069254,0.019688451700439674,0.9989092636323725
27.999717083902986,1.5291014881237068,-0.04799645559684393,0.6635869520323129,0.8387640398204693,1.1074880345191207,0.019743717145986786,0.9987136027818073
28.015287521593063,1.5283040638486562,-0.05443249135607886,0.6639150693928875,0.8384842469170934,1.1072764402023296,0.019806447157936388,0.9985294408978903
28.030400119953207,1.5274342082587054,-0.060685144169329,0.6642753702267403,0.8382136272444796,1.1070688737688636,0.019877604667361715,0.9983497468587135
28.045009420713594,1.526503451318365,-0.06673569076366426,0.6646629979505234,0.8379529635957402,1.1068660032337299,0.01995614263936355,0.9981750171742932
28.059107269116147,1.5255214282139775,-0.07258070097700661,0.6650738661741297,0.8377023569370259,1.106668033687348,0.020041153454706938,0.9980053456640839
28.0727774765551,1.5244904592164457,-0.07825482828276462,0.6655069557762677,0.8374602732240499,1.1064738853915774,0.02013237250563244,0.997839734102983
28.086081539167694,1.5234125824217568,-0.08378352782449035,0.665961393945783,0.8372255879118791,1.1062827576129863,0.020229594298604662,0.9976774412815481
28.09906045267923,1.5222901259309412,-0.08918377845778587,0.6664362032482072,0.8369975479218695,1.106094119445814,0.02033260921412223,0.9975179684226448
28.11174866676403,1.5211250148888245,-0.09446986199776133,0.6669305876259118,0.8367755218118706,1.105907519120507,0.020441258718321507,0.9973608930802884
28.124175438662043,1.5199188561664951,-0.09965392169673229,0.6674438945784101,0.8365589746929656,1.1057225671406905,0.020555425205712408,0.9972058529471928
28.136365376697896,1.5186730510865145,-0.10474618382025547,0.6679755658077208,0.8363474575762014,1.105538930935838,0.020675019676380083,0.9970525398098924
28.148339406474218,1.5173888343739008,-0.1097553558739786,0.6685251194284402,0.8361405895250378,1.1053563228991057,0.020799976621224167,0.9969006882713175
28.1601155117778,1.5160673017618127,-0.11468893210400657,0.6690921373222806,0.8359380439909392,1.1051744911495036,0.020930250368728802,0.9967500670714262
28.171709282496625,1.5147094328553763,-0.11955341936515801,0.6696762547327613,0.8357395386928745,1.104993212730356,0.021065812153358555,0.9966004726726562
28.18313434004758,1.5133161089097664,-0.12435451251788979,0.6702771521839577,0.8355448277615292,1.104812288319547,0.021206647862119343,0.9964517242738044
28.194402672067,1.5118881268231712,-0.12909723244007276,0.6708945491292674,0.8353536955615134,1.104631538058367,0.02135275628692808,0.9963036598812229
28.20552489789167,1.5104262103966066,-0.13378603551606882,0.6715281988528713,0.8351659517921548,1.1044507982362697,0.021504147747364203,0.9961561331873792
28.21651048127156,1.508931019526116,-0.13842490137629965,0.672177884319259,0.8349814275628523,1.1042699186286558,0.02166084299497447,0.9960090110652877
28.22736790254933,1.507403157785586,-0.14301740392942516,0.6728434147603206,0.8347999722170634,1.1040887603359317,0.02182287233710427,0.995862171536049
28.238104799229404,1.5058431787566942,-0.1475667693630212,0.6735246228366817,0.8346214507399584,1.1039071940136065,0.021990274932611506,0.9957155021055071
28.24872808168185,1.5042515913674812,-0.1520759238919672,0.6742213622533048,0.834445741625101,1.1037250984099967,0.022163098224343664,0.9955688983914314
28.25924402914788,1.502628864430735,-0.15654753338405197,0.6749335057414724,0.8342727351047813,1.1035423591473241,0.022341397482558173,0.9954222629808476
28.26965837002556,1.5009754305250833,-0.16098403650309967,0.6756609433414423,0.8341023316706297,1.1033588676966455,0.022525235440007632,0.9952755044709817
28.279976349392513,1.4992916893485682,-0.16538767258717618,0.6764035809265236,0.8339344408297515,1.1031745205102927,0.022714682001748816,0.9951285366594383
28.290202786212472,1.4975780106259409,-0.169760505271335,0.6771613389311263,0.8337689800513423,1.1029892182811118,0.022909814018707633,0.9949812778548714
28.300342122077613,1.4958347366452762,-0.1741044426180726,0.6779341512482334,0.8336058738695713,1.1028028653055408,0.023110715115194913,0.9948336502865063
28.310398462988335,1.4940621844794086,-0.17842125437490924,0.6787219642708832,0.8334450531150581,1.102615368931764,0.023317475563184777,0.994685579594906
28.320375615270795,1.4922606479550273,-0.18271258681123592,0.6795247360491473,0.8332864542544213,1.1024266390797162,0.023530192195539847,0.9945369943912986
28.33027711677328,1.490430399375733,-0.1869799756080425,0.6803424355593612,0.8331300188172962,1.1022365878176423,0.02374896835714101,0.9943878258715922
28.34010626388081,1.4885716910726803,-0.19122485701891812,0.6811750420525288,0.8329756929002875,1.102045128989876,0.023973913885174516,0.9942380074794059
28.349866135176388,1.486684756774631,-0.1954485776473088,0.6820225444852822,0.832823426733055,1.101852177884289,0.02420514511950528,0.9940874746078107
28.359559612196076,1.484769812831759,-0.19965240302329218,0.6828849410179669,0.8326731742981203,1.10165765093421,0.024442784939236312,0.9939361643347125
28.36918939764366,1.4828270593245672,-0.20383752512934206,0.6837622385656715,0.8325248929974527,1.1014614654506973,0.024686962821835287,0.9937840151878111
28.378758031545836,1.4808566810494257,-0.20800506907595506,0.6846544524059879,0.8323785433573223,1.101263539378196,0.024937814926189936,0.9936309669329955
28.388267905539763,1.4788588484145104,-0.21215609900409754,0.6855616058283105,0.8322340887675794,1.101063791071933,0.025195484195811916,0.993476960384321
28.397721275591277,1.4768337182480848,-0.21629162333847007,0.6864837298237979,0.8320914952499999,1.1008621390928668,0.025460120482357657,0.9933219372318159
28.40712027336871,1.474781434525321,-0.22041259948481237,0.6874208628132764,0.831950731251607,1.1006585020171993,0.025731880689218615,0.9931658398844012
28.41646691636745,1.4727021290399236,-0.22451993800832404,0.6883730504011915,0.8318117674609371,1.100452798259888,0.02601092893230024,0.9930086113271293
28.42576311706787,1.4705959219994038,-0.22861450641311806,0.6893403451653402,0.8316745766424857,1.1002449459074208,0.026297436721370433,0.9928501949888159
28.435010691134053,1.4684629225764785,-0.23269713252261892,0.690322806467666,0.8315391334887889,1.1000348625607044,0.02659158315835279,0.9926905346204693
28.44421136481234,1.4663032294119451,-0.2367686075276135,0.6913205002882999,0.8314054144873662,1.0998224651856183,0.026893555153807865,0.9925295741824373
28.453366781643464,1.4641169310692745,-0.24082968874939906,0.6923334990828595,0.8312733978005061,1.0996076699694837,0.027203547662324412,0.9923672577387678
28.462478508551243,1.4619041064492062,-0.24488110214345096,0.6933618816593231,0.8311430631566746,1.0993903921827446,0.027521763936483225,0.9922035293581185
28.47154804134452,1.4596648251765356,-0.24892354455751498,0.694405733068924,0.8310143917527256,1.0991705460456624,0.027848415798454946,0.9920383330209417
28.480576809776547,1.4573991479424033,-0.25295768580612665,0.6954651445189328,0.8308873661645978,1.0989480445972117,0.028183723932489847,0.9918716125307396
28.489566182122235,1.4551071268275269,-0.25698417054214484,0.6965402132956295,0.8307619702668482,1.0987227995675628,0.028527918195564644,0.9917033114303629
28.498517469388094,1.4527888055924327,-0.26100361997472205,0.6976310427040617,0.8306381891591912,1.0984947212518383,0.02888123794915264,0.9915333729215697
28.50743192917382,1.4504442199421368,-0.2650166334407348,0.6987377420212628,0.8305160090996115,1.0982637183849744,0.029243932412086737,0.9913617397876856
28.516310769200018,1.448073397773042,-0.2690237898346672,0.6998604264593898,0.8303954174436863,1.09802969801767,0.0296162610343977,0.9911883543193428
28.525155150566654,1.4456763593954463,-0.2730256489245973,0.7009992171420054,0.8302764025890773,1.0977925653920115,0.029998493894265406,0.9910131582422369
28.533966190765284,1.4432531177342849,-0.27702275256351455,0.7021542410924291,0.8301589539247617,1.0975522238163933,0.030390912118936124,0.9908360926466476
28.54274496644205,1.4408036785171465,-0.2810156257933969,0.7033256312299893,0.8300430617849205,1.0973085745399513,0.030793808329447447,0.990657097918901
28.551492515960845,1.4383280404436123,-0.28500477786324413,0.7045135263771203,0.8299287174067129,1.0970615166253483,0.03120748711144283,0.9904761136739578
28.560209841799374,1.4358261953330576,-0.28899070317501246,0.7057180712788509,0.8298159128914188,1.0968109468190796,0.031632265514055256,0.9902930786885773
28.56889791272756,1.4332981282713189,-0.29297388213333253,0.7069394166250202,0.8297046411695197,1.096556759420754,0.03206847357497098,0.9901079308361757
28.577557665885696,1.430743817728249,-0.29695478195163477,0.7081777190888048,0.8295948959681124,1.0962988461480903,0.03251645487799868,0.9899206070210811
28.586190008680052,1.4281632356744556,-0.30093385737617934,0.7094331413680952,0.8294866717816546,1.096037095999923,0.03297656714010585,0.9897310431139413
28.594795820569097,1.4255563476806639,-0.3049115513605325,0.7107058522378359,0.8293799638450341,1.0957713951150898,0.03344918283255924,0.9895391738868368
28.60337595473718,1.4229231130043116,-0.30888829568827186,0.7119960266112865,0.8292747681089562,1.0955016266271913,0.033934689837391174,0.9893449329482114
28.611931239643837,1.4202634846707678,-0.3128645115375063,0.7133038456067401,0.829171081217739,1.0952276705154689,0.03443349213992301,0.9891482526779143
28.620462480494222,1.417577409538685,-0.3168406100074191,0.7146294966249852,0.8290689004889092,1.0949494034502896,0.03494601056147851,0.9889490641614085
28.628970460607196,1.414864828359675,-0.3208169925950869,0.7159731734326943,0.8289682238948468,1.0946666986337967,0.03547268353280085,0.9887472971236972
28.637455942715707,1.412125675824298,-0.32479405163782193,0.7173350762558495,0.8288690500460218,1.094379425634409,0.03601396791221573,0.9885428798621898
28.645919670168297,1.4093598806068708,-0.3287721707055865,0.7187154118771903,0.8287713781761609,1.0940874502159847,0.03657033984882197,0.9883357391792684
28.654362368089977,1.4065673653928077,-0.33275172496982,0.7201143937459408,0.8286752081286243,1.0937906341594665,0.03714229569677677,0.9881258003131976
28.662784744465938,1.4037480469022472,-0.3367330815306955,0.7215322420931938,0.8285805403444051,1.0934888350779197,0.0377303529811032,0.9879129868682381
28.6711874911656,1.4009018359064345,-0.34071659971002727,0.7229691840548752,0.8284873758515153,1.0931819062240624,0.03833505141897145,0.9876972207435534
28.67957128492302,1.398028637233281,-0.3447026313164282,0.7244254538042986,0.8283957162555624,1.0928696962893787,0.038956954000755196,0.9874784220605164
28.687936788257236,1.3951283497693039,-0.34869152087392574,0.7259012926908912,0.8283055637316827,1.0925520491950034,0.03959664813313894,0.9872565090888169
28.69628465036559,1.3922008664482037,-0.35268360582867775,0.7273969493902411,0.8282169210174559,1.092228803872738,0.04025474685043645,0.9870313981705078
28.704615507956934,1.389246074238887,-0.35667921671691905,0.7289126800591972,0.8281297914071497,1.091899794036975,0.04093189009569342,0.9868030036428469
28.712929986061383,1.3862638541215917,-0.36067867731044767,0.7304487485020125,0.828044178746889,1.0915648479456386,0.041628746078719456,0.9865712377589466
28.72122869880128,1.383254081058613,-0.3646823047310892,0.732005426344481,0.8279600874309117,1.0912237881501752,0.042346012714650626,0.9863360106066227
28.729512250131346,1.3802166239579559,-0.3686904095366739,0.7335829932171679,0.8278775223988221,1.0908764312336867,0.04308441914878912,0.986097230025197
28.737781234549164,1.3771513456305826,-0.3727032957776587,0.7351817369476548,0.8277964891338284,1.0905225875365447,0.04384472737334552,0.9858548015202249
28.74603623778603,1.3740581027385108,-0.37672126102777886,0.7368019537635034,0.8277169936618681,1.090162060868334,0.04462773394299035,0.9856086281757996
28.754277837466876,1.370936745738817,-0.3807445963816913,0.7384439485036048,0.8276390425517353,1.0897946482059035,0.04543427179467435,0.9853586105647807
28.762506603757227,1.3677871188177366,-0.38477358642660725,0.7401080348412403,0.827562642916042,1.0894201393759155,0.04626521218037251,0.9851046466563613
28.7707230999823,1.3646090598212084,-0.3888085091788792,0.7417945355158433,0.8274878024131649,1.0890383167216968,0.04712146671890262,0.9848466317214174
28.77892788324546,1.3614024001722007,-0.3928496359968911,0.7435037825788988,0.8274145292499343,1.0886489547522429,0.04800398957774307,0.9845844582347929
28.78712150500942,1.3581669647896009,-0.3968972314501931,0.7452361176464919,0.827342832185417,1.0882518197740354,0.048913779789930695,0.9843180157756249
28.795304511684236,1.354902571992292,-0.40095155316425213,0.7469918921675474,0.8272727205354049,1.0878466695025748,0.04985188372017519,0.9840471909243349
28.803477445197395,1.3516090333984905,-0.40501285162626727,0.748771467702812,0.8272042041778566,1.0874332526536103,0.050819397688044186,0.9837718671570538
28.811640843553498,1.3482861538180568,-0.40908136995306954,0.7505752162161708,0.8271372935592445,1.087011308512477,0.05181747076017212,0.9834919247372467
28.81979524138876,1.344933731136204,-0.41315734362084505,0.7524035203795634,0.8270719997017861,1.08658056647994,0.052847307724253154,0.9832072406043713
28.82794117052542,1.3415515561869333,-0.4172410001561538,0.754256773892866,0.8270083342115505,1.086140745592841,0.05391017225869346,0.9829176882594262
28.836079160508614,1.3381394126238717,-0.42133255877615877,0.7561353818150022,0.826946309287607,1.0856915540189112,0.05500739030995433,0.9826231376480156
28.844209739149644,1.3346970767791877,-0.4254322299863466,0.7580397609118222,0.8268859377320571,1.0852326885228565,0.05614035369601039,0.9823234550401719
28.852333433077288,1.3312243175100928,-0.4295402151326708,0.7599703400215948,0.8268272329609837,1.084763833901771,0.057310523953190445,0.9820185029069128
28.860450768271654,1.3277208960441353,-0.43365670589095995,0.7619275604324255,0.826770209016548,1.0842846623893874,0.05851943644106141,0.9817081397945547
28.868562270616618,1.3241865658084915,-0.437781883707005,0.7639118762803327,0.8267148805800084,1.083794833025088,0.05976870473013743,0.9813922201955929
28.87666846645121,1.32062107225185,-0.44191591917234935,0.765923754963825,0.8266612629858602,1.0832939909865198,0.061060025291307336,0.9810705944169986
28.884769883120295,1.3170241526593305,-0.446058971330247,0.7679636775752893,0.8266093722371378,1.082781766883445,0.06239518251023091,0.9807431084461236
28.892867049549828,1.3133955359496128,-0.45021118691860723,0.7700321393559513,0.8265592250217729,1.0822577760086793,0.06377605405628678,0.9804096038134401
28.900960496820232,1.3097349424662563,-0.4543726995297111,0.7721296501683433,0.8265108387302494,1.081721617544918,0.06520461662971797,0.9800699174533981
28.9090507587464,1.3060420837600206,-0.4585436286836576,0.7742567349887174,0.8264642314745582,1.0811728737239876,0.06668295211832792,0.9797238815634216
28.917138372495852,1.3023166623481848,-0.46272407882373046,0.7764139344282203,0.8264194221083442,1.0806111089331465,0.06821325420251655,0.9793713234600835
28.92522387918794,1.2985583714772382,-0.46691413819544725,0.7786018052684467,0.8263764302486618,1.0800358687687277,0.06979783543439609,0.9790120654352946
28.933307824550432,1.294766894854446,-0.47111387763897417,0.7808209210320891,0.8263352762989887,1.0794466790281678,0.07143913484442597,0.9786459246097936
28.94139075956132,1.290941906381925,-0.4753233492469448,0.783071872570085,0.8262959814739976,1.0788430446412782,0.07313972610503745,0.9782727127876542
28.949473241140854,1.2870830698635674,-0.47954258490963914,0.7853552686834008,0.8262585678258374,1.078224448531757,0.07490232631092288,0.9778922363096735
28.957555832851245,1.2831900387051836,-0.48377159471248593,0.7876717367685275,0.8262230582722601,1.0775903504071869,0.07672980541912554,0.9775042959083807
28.96563910564031,1.279262455591233,-0.4880103651905765,0.7900219234974678,0.8261894766265376,1.0769401854696203,0.0786251964130553,0.9771086865639639
28.97372363860369,1.275299952150864,-0.4922588574111858,0.7924064955257516,0.8261578476294212,1.0762733630430454,0.08059170624693564,0.9767051973634344
28.981810019795844,1.271302148599322,-0.4965170048827761,0.7948261402378901,0.8261281969831545,1.0755892651092551,0.08263272764562848,0.9762936113628925
28.98989884706764,1.2672686533662272,-0.5007847112596289,0.7972815665245611,0.8261005513877929,1.07488724474724,0.08475185182947348,0.9758737054554633
28.99799072896315,1.2631990626954703,-0.5050618478379952,0.7997735056019584,0.8260749385798765,1.0741666244662167,0.08695288225450827,0.9754452502450459
29.006086285641913,1.2590929602343799,-0.5093482508024099,0.8023027118638772,0.8260513873737626,1.07342669442732,0.08923984944996152,0.9750080099295843
29.014186149875634,1.2549499165887266,-0.5136437182218613,0.8048699637821672,0.8260299277056566,1.072666710541223,0.09161702706571595,0.9745617421936724
29.02229096809282,1.2507694888578411,-0.5179480067527767,0.8074760648483209,0.8260105906806595,1.0718858924346673,0.09408894923313052,0.9741061981145136
29.030401401480812,1.2465512201465212,-0.5222608280214862,0.8101218445596527,0.8259934086230365,1.0710834212750608,0.09666042936297022,0.9736411220838518
29.038518127173802,1.2422946390403975,-0.5265818446653449,0.8128081594599831,0.8259784151299089,1.07025843743941,0.09933658052369343,0.9731662517478383
29.046641839495646,1.2379992590625266,-0.5309106659758296,0.8155358942253713,0.8259656451287334,1.0694100380185922,0.10212283753915137,0.9726813179706482
29.054773251308973,1.2336645780862958,-0.5352468431261596,0.8183059628122789,0.8259551349387826,1.0685372741388257,0.10502498098685419,0.9721860448236286
29.06291309544452,1.2292900777202536,-0.539589863919505,0.8211193096602079,0.8259469223370394,1.0676391480885654,0.10804916327144429,0.9716801496068533
29.071062126230228,1.224875222657193,-0.5439391470120581,0.8239769109555023,0.8259410466288514,1.0667146102333078,0.11120193698230652,0.9711633429082077
29.079221121141966,1.2204194599784468,-0.5482940355597974,0.826879775964155,0.8259375487237542,1.0657625556987878,0.11449028576904867,0.9706353287058139
29.08739088257092,1.2159222184192582,-0.5526537902156328,0.8298289484319676,0.8259364712169447,1.064781820804367,0.11792165798409826,0.97009580452234
29.095572239733087,1.2113829075850522,-0.5570175814111756,0.8328255080608433,0.8259378584769093,1.0637711792232378,0.12150400338192209,0.9695444616391063
29.103766050729178,1.206800917118236,-0.5613844808380957,0.8358705720637912,0.8259417567397901,1.0627293378459333,0.1252458131905215,0.968980985380392
29.111973204769825,1.2021756158121593,-0.5657534520361719,0.838965296803232,0.8259482142111259,1.0616549323206748,0.12915616390995283,0.9684050554796025
29.120194624587683,1.197506350665842,-0.5701233399855593,0.8421108795193222,0.8259572811756879,1.0605465222407822,0.13324476523726028,0.96781634654043
29.12843126906672,1.192792445868756,-0.5744928595903593,0.8453085601581405,0.8259690101162341,1.0594025859453269,0.13752201256942861,0.967214528607737
29.13668413607875,1.1880332017288315,-0.5788605829019366,0.8485596232935297,0.8259834558420498,1.0582215149015877,0.14199904456898715,0.9665992678683276
29.144954265604632,1.1832278935082177,-0.583224924956869,0.8518654001693847,0.8260006756283608,1.0570016076226794,0.14668780638199228,0.9659702274986106
29.15324274312232,1.178375770186796,-0.5875841280308101,0.8552272708518304,0.8260207293677174,1.0557410630827484,0.15160111911963092,0.9653270686864367
29.16155070332667,1.1734760531276478,-0.5919362441268394,0.8586466665118867,0.8260436797347042,1.054437973576531,0.1567527563366454,0.9646694518525425
29.169879334206545,1.168527934642973,-0.5962791154649604,0.8621250718428911,0.8260695923654452,1.0530903169707313,0.16215752831046285,0.9639970381047045
29.1782298815252,1.1635305764491974,-0.6006103527143547,0.8656640276237026,0.8260985360536017,1.0516959482864239,0.16783137503995005,0.9633094909617764
29.18660365376207,1.158483107995257,-0.6049273106742193,0.8692651334422655,0.8261305829648239,1.0502525905437468,0.17379146901066714,0.9626064783904388
29.195002027565295,1.1533846246560642,-0.6092270610554278,0.8729300505886264,0.8261658088718488,1.0487578247948188,0.18005632890569453,0.9618876752059065
29.203426453798013,1.1482341857665577,-0.6135063619749247,0.8766605051384503,0.8262042934128591,1.0472090792577124,0.18664594562324707,0.9611527658942659
29.2118784642396,1.1430308124889124,-0.6177616236957448,0.8804582912360186,0.826246120375983,1.045603617459526,0.19358192213103928,0.9604014479266774
29.220359679051743,1.1377734854810404,-0.6219888700903278,0.8843252746034002,0.8262913780134257,1.0439385252786146,0.2008876289364493,0.9596334356443981
29.228871815107645,1.1324611423473243,-0.6261836952037872,0.8882633962935896,0.8263401593891675,1.0422106967671203,0.20858837719251397,0.9588484648096598
29.237416695315932,1.1270926748393877,-0.6303412141976273,0.8922746767151757,0.8263925627648911,1.0404168186166871,0.21671161177581885,0.9580462979326003
29.245996259090145,1.1216669257713499,-0.6344560078289464,0.896361219959005,0.8264486920295869,1.0385533531126054,0.22528712702912962,0.9572267305042579
29.254612574136655,1.1161826856109531,-0.638522059469234,0.9005252184599657,0.8265086571792152,1.0366165194016486,0.23434730827921665,0.9563895982894054
29.263267849782526,1.1106386886903041,-0.642532683495498,0.9047689580408295,0.8265725748540719,1.034602272870907,0.24392740275652966,0.9555347858594693
29.271964452087943,1.105033608981201,-0.6464804436615404,0.9090948233850008,0.8266405689428264,1.0325062824096651,0.25406582412250184,0.9546622365809487
29.280704921045498,1.099366055363131,-0.6503570597979207,0.913505303998716,0.8267127712639856,1.0303239052907671,0.26480449552793167,0.9537719643144836
29.289491990248866,1.0936345662848777,-0.6541533008752185,0.9180030007456271,0.826789322337858,1.0280501593626843,0.27618923700371095,0.952864067126787
29.298328609467355,1.0878376037161548,-0.6578588620582028,0.9225906330423174,0.8268703722646227,1.0256796922001186,0.2882702039933222,0.951938743379439
29.307217970675147,1.0819735462512947,-0.6614622228952368,0.9272710468326786,0.8269560817275857,1.0232067467986956,0.30110238510874926,0.950996310629701
29.31616353821504,1.0760406811897152,-0.6649504831793052,0.9320472234923711,0.8270466231450592,1.0206251233251857,0.31474616874128314,0.9500372278667956
29.325169083938665,1.070037195372906,-0.6683091722512935,0.9369222898559006,0.8271421819997924,1.0179281363445578,0.32926799006549157,0.9490621217166512
29.334238728372974,1.0639611644993001,-0.6715220265468999,0.9418995296133946,0.8272429583819305,1.0151085668330402,0.34474107234494666,0.9480718173842309
29.34337698924423,1.057810540553723,-0.6745707289553621,0.9469823964036456,0.8273491687907294,1.0121586081415805,0.361246279443165,0.947067375271739
29.35258883905349,1.0515831368791788,-0.6774346019657931,0.9521745290346747,0.8274610482523317,1.009069804890075,0.3788731002385133,0.9460501344249189
29.361879773889864,1.0452766102642082,-0.6800902445062357,0.9574797694129459,0.8275788528270436,1.0058329835298323,0.39772079053812587,0.9450217642306618
29.371255896329846,1.0388884392070046,-0.6825110996513174,0.9629021839713198,0.8277028626012344,1.0024381729893785,0.41789970446854935,0.9439843261372957
29.380724016167683,1.0324158972261144,-0.6846669367308744,0.9684460896775492,0.8278333852884197,0.9988745133855786,0.43953285574946216,0.9429403476219671
29.39029177400524,1.0258560196465993,-0.6865232264513463,0.9741160861476277,0.8279707606053167,0.9951301501701268,0.46275776068332297,0.9418929112214465
29.399967794489033,1.0192055616881315,-0.6880403808630946,0.9799170960052231,0.8281153656459885,0.991192110235871,0.4877286302641022,0.9408457622386941
29.4097618785955,1.0124609447349724,-0.6891728205415069,0.9858544165965835,0.8282676215604506,0.9870461552537516,0.5146190008157064,0.9398034398099471
29.41968524811297,1.0056181863034894,-0.6898678178219432,0.9919337875871296,0.8284280019646356,0.982676605685727,0.5436249239529691,0.9387714375124512
29.429750861230023,0.9986728070271396,-0.6900640452078559,0.9981614812447772,0.8285970436908422,0.9780661260835243,0.5749688832381991,0.9377564017989918
29.43997382688502,0.9916197045995153,-0.689689728531014,1.0045444257555687,0.8287753607654524,0.9731954578876452,0.6089046752609298,0.9367663796249737
29.45037196080778,0.9844529781479973,-0.6886602587829234,1.0110903785850318,0.828963662964656,0.9680430781230188,0.6457236081846089,0.9358111311291778
29.460966544937122,0.9771656800183462,-0.6868750441901359,1.0178081741489646,0.8291627809445895,0.962584752347787,0.6857625369841782,0.934902530811426
29.471783396476066,0.9697494517688464,-0.6842132642144948,1.0247080907230952,0.8293737012541833,0.9567929266571141,0.7294145772592535,0.934055091717328
29.48285442145167,0.9621939719950499,-0.6805279784749577,1.031802412453232,0.8295976166925496,0.9506358653255914,0.7771438828693271,0.9332866670799651
29.49421995695366,0.9544860871788775,-0.6756376639065943,1.0391063219057293,0.8298360014879627,0.9440763673216689,0.8295068899601599,0.932619419585518
29.505932471604137,0.9466083767122822,-0.6693135130269805,1.0466393845880022,0.8300907288948249,0.9370697410360597,0.8871844958748549,0.9320812165199392
29.518062760052725,0.9385366435020968,-0.661259268652098,1.054428159670868,0.8303642661269367,0.9295603801273964,0.9510340932874887,0.9317077514434056
29.530711105845604,0.9302351973234612,-0.6510767642386832,1.0625111257855953,0.8306600223365107,0.921475472088576,1.0221809551948349,0.931546020399202
29.544029425529555,0.9216471297318437,-0.6382009247768974,1.070948858971124,0.8309830329987665,0.9127121914117603,1.1021966078133467,0.931660633051919
29.55827108536718,0.9126717437133547,-0.6217594645648146,1.079847680504569,0.8313414897202337,0.9031080913038726,1.1934975342725755,0.9321470356007429
29.57391994452103,0.9031055492013152,-0.6002130579765551,1.0894216467164,0.8317507085857148,0.8923630492293394,1.3003835046653671,0.9331650947729422
29.591898162270095,0.8925732433788947,-0.5705497441246692,1.100069909593343,0.8322402231434276,0.8799318662082264,1.4308535810154863,0.9350240376889524
29.607713655804297,0.8837871440580491,-0.5397683504221547,1.1090433887044593,0.8326874233047947,0.8691075435836586,1.551188502200886,0.9373156394453814
29.6235291493385,0.8755244134749013,-0.5043277482480238,1.1175674973705718,0.8331494457403595,0.858606480760648,1.675030210032845,0.9402488536878678
29.638449058449307,0.8682769789734691,-0.46645709267204905,1.125127849180428,0.833598152611411,0.8492217859921275,1.7930976371342857,0.9436093711063434
29.652840453894864,0.8618518327878044,-0.4257780029964025,1.1319184611989779,0.8340419951269854,0.8408804758566293,1.9059121529263294,0.9473836435635994
29.666910758844352,0.8561638483902729,-0.38209357726666743,1.1380305531287676,0.8344855726891716,0.8336344497560598,2.012803652371962,0.9515513700176501
29.6807414425869,0.8511973525420502,-0.3355039593424316,1.1434879912888838,0.8349299968068595,0.8276240565540817,2.112068890467919,0.9560685399454654
29.69433287180881,0.8469674401782662,-0.28641045314285374,1.148284038850365,0.8353739160709911,0.8230236275610867,2.2014509358463625,0.9608663583896143
29.707616375159056,0.8434977111226989,-0.2355577211863048,1.1524004639202974,0.8358137062193364,0.8199952378405866,2.2785428410223547,0.9658499981587635
29.72047207272704,0.8407985974291028,-0.18400152557956448,1.1558258188274326,0.8362439757994145,0.8186355312911462,2.3413329555151456,0.9709052737135462
29.732762938260773,0.83884924691776,-0.1329495986931763,1.1585717214411388,0.8366587315682027,0.8189321113809955,2.3887664545993887,0.9759155457028349
29.744363516288654,0.8375924256715093,-0.08357304936580214,1.16067817547948,0.8370524480831685,0.8207519405133769,2.4210072037636587,0.980777466838405
29.75515446748968,0.836941684930329,-0.03695364082994319,1.162206721007645,0.8374199860660073,0.8238536520223725,2.4393177339505514,0.9854000602151903
29.763646250498258,0.8367846009016848,-2.3645534065981633e-05,1.1631131195873015,0.8377096861516171,0.8272741177936812,2.4455197581384516,0.9890986818281582
29.772133255943427,0.8369411996813633,0.036918327384213905,1.1637546004184314,0.837999310532292,0.8315617524665732,2.444395111439238,0.9928450883638397
29.780589120225006,0.83740857847456,0.07359118860730307,1.1641275642926905,0.8382876591712632,0.8366924439034504,2.4360150891626335,0.9966247084293687
29.79006247001346,0.8382990202973941,0.11431671913080016,1.164225657905052,0.8386100826029784,0.8434374380490046,2.4181796940615725,1.0009116636502615
29.800320057166644,0.8396950371953668,0.15773636257983925,1.1639453475024069,0.8389579885754731,0.8518815761647118,2.389174935885605,1.005610912136801
29.81123622655299,0.841664440071311,0.20287939240028752,1.1631987446099663,0.8393262756830328,0.8620854700515291,2.347905574985805,1.0106674805449567
29.82274621141387,0.8442664748928037,0.2489725314992748,1.1619031627965348,0.8397117377997214,0.8740702651479293,2.2937935049926117,1.0160425891323976
29.834820555989204,0.8475547824092071,0.29533987130754147,1.1599757173416942,0.8401121785303531,0.8878032626295324,2.226740515269445,1.0216969878935236
29.84743252169782,0.8515721636576136,0.34128831251578823,1.157335659540442,0.8405253099831004,0.9031617571523959,2.1472407119841015,1.0275696526355664
29.86047680279782,0.8563181587496883,0.385867883497813,1.1539308344234378,0.8409461649411396,0.9198235486039608,2.0569481963822094,1.0335360133817857
29.87365000990054,0.8616800954224801,0.42764241706676226,1.14980386793102,0.8413636186369282,0.9371061407317313,1.959668891514501,1.0393624158100083
29.886561326904015,0.8674481564794486,0.46529803090389266,1.145104008496157,0.8417645599600923,0.9541556873657876,1.860474338515845,1.0447875524807935
29.899048338048598,0.8734693125324647,0.4985735332293717,1.1399662124764913,0.8421438739106007,0.9704595032366768,1.7626970132264015,1.0496832542356493
29.911161965763043,0.8796894554630315,0.5279134449464634,1.1344556735980118,0.8425033109729736,0.98586721382666,1.6675534328876258,1.0540358357327566
29.923014766474033,0.8861031962134086,0.5538714476813333,1.1285965438339454,0.842846381540561,1.0003710920913922,1.5753275034481942,1.0578667332270724
29.934723190651557,0.8927255772173244,0.5769242160213812,1.1223928166289567,0.8431764839809804,1.014004761241286,1.4859754505192255,1.0612018301690798
29.946402490569564,0.8995859027612066,0.5974595485399342,1.1158331629997478,0.8434967145103909,1.0268176854973907,1.3992942752951465,1.0640653444771662
29.958177495436395,0.9067312243669322,0.6157977437505163,1.1088874297385112,0.8438101209567106,1.038872434085097,1.3149390382281876,1.066479094499406
29.970205159181113,0.914238845830674,0.6322174493095161,1.1014943163063824,0.8441202019524695,1.0502519989654209,1.2323541134443512,1.068462210413314
29.982726505167562,0.922249933043068,0.646991085752487,1.0935279184819615,0.8444319967809517,1.061083482143092,1.1505486418018047,1.0700299981089632
29.996236580950992,0.9310846728188364,0.6604757685626785,1.0846824916276205,0.8447556126524253,1.0716245465834355,1.067283604314522,1.0711904523565443
30.01262373125635,0.9420209226870094,0.6737184426712848,1.0736911850149724,0.8451301128276395,1.0828780593610963,0.9733887865319211,1.0719291320781787
30.0247000213108,0.9502055260763745,0.6815002393370541,1.0654624599062794,0.8453933714511245,1.090159215785071,0.9091511668820426,1.0720584108947682
30.036776311365248,0.9584748127192401,0.6877666386559617,1.057165344990324,0.8456458215193718,1.096643224402463,0.8490238374705023,1.071881285709267
30.048036011174975,0.9662458199850718,0.6923648277241682,1.049396481508014,0.8458714871912875,1.1020229100944272,0.7965483319480026,1.0714754522797847
30.058643700282378,0.9736086908658075,0.6956942832716412,1.042070371163975,0.846075550402979,1.1065484370275585,0.7501565399640813,1.0709092473212107
30.06880534939823,0.9806907178238318,0.6980490679703671,1.0350625410548433,0.846263317480271,1.1104284889175,0.7083697883775295,1.070222618863503
30.078630524905847,0.9875574074936693,0.6996136610767275,1.0283094622055766,0.8464377437698983,1.1137899143464076,0.6703262941795419,1.069443552329721
30.088188436253755,0.9942490419622939,0.7005186248363349,1.02177215793605,0.8466007641023412,1.116721094246635,0.6354399551488668,1.0685929803368581
30.09752684944761,1.0007927781299149,0.7008624665616076,1.0154242588238165,0.8467537572063168,1.1192880878749167,0.6032788431830213,1.0676871634057272
30.106680691450258,1.0072080676546653,0.7007226189094854,1.0092466995612943,0.8468977615802945,1.1215424998297732,0.5735078790412138,1.0667390377509172
30.11567656879644,1.013509461294564,0.7001617154798911,1.0032250023085922,0.8470335909846746,1.123525879330542,0.5458577020857953,1.0657590616060673
30.12453538166455,1.0197082081523714,0.6992315009766785,0.9973477442214276,0.8471619023564693,1.1252724193059838,0.5201060784255848,1.064755785217944
30.133273945507657,1.025813233998588,0.6979754239395041,0.9916056308001524,0.8472832385645657,1.1268107270602832,0.49606600289864566,1.0637362546441194
30.141906052819692,1.031831773226721,0.6964304388292091,0.9859909045493584,0.8473980567708651,1.1281650465189137,0.47357766880718977,1.0627063087477413
30.150443197506586,1.0377697942526285,0.694628305881223,0.9804969518805274,0.8475067480186911,1.1293561359773354,0.45250281799384545,1.0616708041789864
30.15889508644511,1.0436322960323445,0.6925965571365478,0.9751180325601896,0.8476096512218324,1.1304019189385475,0.432720626840038,1.0606337897286966
30.16727001106777,1.0494235206892053,0.6903592322819991,0.9698490881312519,0.8477070634323808,1.1313179794316566,0.4141246246741119,1.0595986439559022
30.175575123786796,1.0551471096952336,0.6879374508281308,0.9646856029112365,0.8477992475537302,1.1321179472071345,0.39662032972467837,1.0585681854588889
30.183816647838913,1.0608062209593194,0.6853498648891198,0.9596235010012746,0.847886438249945,1.1328138027720467,0.3801233982895803,1.0575447623238001
30.192000039400305,1.0664036181698926,0.6826130229140478,0.9546590685585319,0.8479688465512747,1.133416122690659,0.3645581501128185,1.056530325432875
30.20013011477625,1.0719417400385665,0.6797416657161457,0.9497888941525349,0.8480466634977507,1.133934279464777,0.349856375466992,1.0555264890649987
30.208211151538958,1.0774227546980266,0.6767489701679104,0.945009822317093,0.8481200630600184,1.1343766062653404,0.3359563572306113,1.0545345813618676
30.216246969924647,1.0828486029612663,0.6736467518380389,0.9403189168814656,0.8481892045085248,1.1347505340455986,0.3228020597813084,1.0535556866191695
30.22424099903894,1.0882210330912596,0.6704456349985431,0.9357134316634613,0.8482542343555394,1.1350627066581742,0.31034244928447186,1.0525906809208039
30.232196331241788,1.0935416290309963,0.6671551963871796,0.9311907867643713,0.8483152879623951,1.1353190782456763,0.29853091882302396,1.0516402623034111
30.240115767208874,1.0988118335244506,0.6637840876454232,0.9267485491881822,0.848372490881161,1.135524996193027,0.28732479822070284,1.0507049763957945
30.24800185356271,1.104032967204923,0.6603401402651631,0.9223844168344403,0.848425959983493,1.1356852722089323,0.2766849330195366,1.0497852382899928
30.25585691452828,1.109206244471829,0.6568304560638222,0.9180962051480246,0.8484758044173443,1.135804243564974,0.2665753204723668,1.0488813512557134
30.26368307874612,1.1143327867906794,0.6532614855904533,0.9138818358784155,0.8485221264232587,1.1358858261121003,0.2569627929556706,1.0479935227964574
30.271482302113704,1.119413633898673,0.6496390964019586,0.9097393275371145,0.8485650220351122,1.1359335603803504,0.24781674116329144,1.0471218784586445
30.27925638735892,1.1244497533043174,0.6459686327757352,0.905666787226067,0.8486045816851568,1.1359506518244638,0.23910887089976332,1.0462664737319936
30.287007000906314,1.1294420483879126,0.6422549681394607,0.9016624035818996,0.848640890729261,1.1359400060866716,0.23081298844665707,1.0454273043226703
30.29473568747031,1.1343913653369067,0.6385025512810035,0.8977244406434892,0.848674029905093,1.1359042599964786,0.22290481039574914,1.0446043150364057
30.302443882747855,1.1392984991175739,0.6347154472104188,0.8938512324791392,0.8487040757337347,1.135845808906212,0.2153617945290245,1.0437974074684935
30.31013292450438,1.1441641986395887,0.6308973734064448,0.8900411784476939,0.8487311008732527,1.1357668308634112,0.20816298890962182,1.0430064466680322
30.31780406228668,1.1489891712361433,0.6270517320664625,0.8862927389961124,0.8487551744312356,1.1356693080418296,0.20128889681224985,1.0422312669188718
30.32545846598178,1.1537740865766404,0.6231816388694292,0.8826044319015899,0.8487763622422057,1.135555045787757,0.19472135546759586,1.0414716767557408
30.33309723336598,1.1585195800845114,0.6192899487030739,0.8789748289019061,0.8487947271146918,1.1354256895852235,0.1884434269380213,1.0407274633205033
30.34072139680024,1.1632262559427444,0.6153792787222329,0.8754025526502813,0.8488103290521073,1.1352827401990204,0.18243929965522201,1.0399983961446406
30.348331929178528,1.1678946897405702,0.611452029064845,0.8718862739540412,0.8488232254508378,1.1351275672178465,0.17669419938277864,1.0392842304343397
30.355929749234456,1.1725254308155584,0.6075104014985985,0.8684247092559904,0.8488334712784688,1.1349614211887609,0.17119430852456713,1.0385847099223415
30.36351572628045,1.1771190043274973,0.6035564162416707,0.865016618331175,0.8488411192346111,1.1347854445084071,0.16592669285742123,1.0378995693433086
30.371090684465877,1.1816759131089445,0.5995919271563823,0.8616608021654985,0.8488462198964591,1.1346006812139473,0.16087923487017644,1.0372285365795704
30.378655406596092,1.1861966393110854,0.5956186355053058,0.8583561010024015,0.8488488218508671,1.1344080857987158,0.15604057301937357,1.0365713345207817
30.38621063757853,1.1906816458790201,0.591638102419417,0.8551013925322951,0.8488489718145222,1.1342085311609749,0.15140004627599904,1.0359276826724775
30.393757087533295,1.1951313778738861,0.5876517602193292,0.8518955902119213,0.8488467147435506,1.1340028157809738,0.14694764342804545,1.035297298545681
30.40129543461216,1.1995462636635412,0.5836609227073801,0.8487376416976552,0.8488420939337238,1.1337916702095432,0.14267395665978255,1.0346798988545671
30.408826327551107,1.2039267159929914,0.5796667945409169,0.8456265273844211,0.8488351511122839,1.1335757629417051,0.13857013899224727,1.0340752005467593
30.416350388001074,1.2082731329574103,0.5756704797721287,0.8425612590335633,0.8488259265222587,1.133355705739438,0.13462786520389958,1.033482921685884
30.423868212641953,1.2125858988778349,0.5716729896478512,0.8395408784893035,0.8488144590000559,1.1331320584611457,0.1308392959122568,1.0329027822062569
30.431380375114745,1.2168653850973574,0.5676752497359532,0.8365644564706965,0.8488007860470096,1.1329053334479326,0.12719704451467273,1.0323345045546066
30.438887427797248,1.221111950710111,0.5636781064402302,0.833631091430127,0.8487849438954579,1.132675999511201,0.12369414672324648,1.0317778142324054
30.446389903417636,1.225325943217898,0.5596823329738946,0.8307399084814592,0.8487669675699197,1.1324444855619518,0.12032403247003962,1.0312324402527606
30.45388831655397,1.2295076991400569,0.5556886348258057,0.8278900583796234,0.848746890943771,1.1322111839161566,0.11708049995635136,1.0306981155201762
30.46138316499586,1.2336575445615547,0.5516976547854119,0.8250807165615183,0.8487247467919126,1.1319764533087906,0.11395769167438487,1.03017457714535
30.46887493101214,1.2377757956427036,0.5477099775506509,0.8223110822316321,0.8487005668397236,1.1317406216436743,0.11095007221653096,1.02966156670096
30.476364082517637,1.2418627590852307,0.5437261339652237,0.8195803774955386,0.848674381808666,1.1315039885047833,0.10805240772717767,1.0291588304270227
30.483851074151165,1.2459187325605081,0.5397466049169779,0.8168878465367674,0.8486462214588257,1.1312668274514346,0.10525974685720868,1.0286661193920121
30.491336348278537,1.249944005106447,0.5357718249245246,0.8142327548321657,0.848616114628634,1.1310293881173774,0.10256740309415852,1.0281831896150555
30.498820335917927,1.2539388574908132,0.5318021854444133,0.8116143884066984,0.8485840892720354,1.1307918981321745,0.0999709383585945,1.0277098021548166
30.506303457607434,1.257903562550931,0.5278380379162135,0.809032053120547,0.848550172493265,1.1305545648807793,0.09746614775919273,1.0272457231686207
30.513786124206092,1.2618383855043607,0.523879696575344,0.8064850739915409,0.8485143905794797,1.1303175771164098,0.09504904541858071,1.026790723946627
30.52126873764994,1.2657435842414744,0.519927441044922,0.8039727945452388,0.8484767690313447,1.1300811064394074,0.09271585127956773,1.0263445809234235
30.528751691654396,1.2696194095946594,0.5159815187318908,0.8014945761955952,0.848437332591786,1.1298453086544324,0.09046297881929466,1.0259070756709188
30.53623537237047,1.2734661055877157,0.5120421470420632,0.7990497976533346,0.8483961052730385,1.12961032501665,0.0882870235996454,1.0254779948749495
30.543720159007343,1.2772839096714437,0.5081095154244202,0.7966378543577026,0.8483531103820674,1.1293762833763532,0.08618475258723868,1.0250571302974418
30.55120642440935,1.2810730529388312,0.5041837872663479,0.7942581579352915,0.8483083705445601,1.1291432992313268,0.08415309418894933,1.0246442787270893
30.558694535612,1.284833760332079,0.500265101640831,0.7919101356776969,0.8482619077274718,1.128911476694257,0.08218912894320268,1.0242392419191515
30.566184854352862,1.2885662508288147,0.49635357493102306,0.7895932300454994,0.8482137432603748,1.128680909383238,0.08029008082546966,1.0238418265274611
30.573677737566644,1.2922707376220175,0.49244930232844497,0.7873068981889705,0.8481638978555412,1.1284516812411571,0.07845330911564251,1.0234518440286058
30.58117353784601,1.2959474282840937,0.48855235922501083,0.7850506114910255,0.8481123916269634,1.128223867290503,0.07667630079155177,1.0230691106406078
30.588672603889723,1.2995965249255177,0.4846628024973308,0.7828238551255293,0.8480592441082574,1.127997534328475,0.07495666340585411,1.0226934472362128
30.59617528091898,1.3032182243383488,0.48078067170207167,0.7806261276364934,0.8480044742696566,1.127772741567951,0.07329211841660384,1.0223246792528162
30.6036819110845,1.306812718135452,0.47690599017873747,0.7784569405310918,0.8479481005340135,1.1275495412281757,0.07168049493451367,1.0219626365988097
30.611192833842843,1.3103801928747834,0.4730387660784096,0.7763158178925582,0.8478901407920297,1.1273279790799473,0.07011972386262627,1.0216071535582154
30.61870838633644,1.313920830185063,0.4691789933074452,0.7742022960026969,0.8478306124165227,1.127108094948098,0.0686078323940579,1.0212580686926942
30.626228903741996,1.317434806875701,0.46532665241059284,0.7721159229839692,0.8477695322760463,1.126889923175714,0.06714293885067452,1.02091522474321
30.633754719616586,1.320922295044799,0.46148171138411764,0.7700562584524503,0.8477069167476997,1.1266734930524138,0.06572324783357102,1.0205784685305297
30.64128616622486,1.3243834621771713,0.45764412643273483,0.7680228731861173,0.8476427817292996,1.126458829210045,0.06434704566764837,1.0202476508558054
30.648823574862778,1.3278184712394294,0.453813842667272,0.7660153488039366,0.8475771426508372,1.1262459519879835,0.06301269611773423,1.0199226264009587
30.656367276171288,1.3312274807688074,0.44999079475091414,0.7640332774573999,0.8475100144853114,1.126034877770643,0.06171863635954757,1.0196032536295334
30.66391760043441,1.334610644953133,0.4461749075009018,0.7620762615356639,0.8474414117590305,1.1258256192995493,0.06046337318961524,1.0192893946885557
30.6714748778814,1.3379681137106816,0.442366096439491,0.7601439133788909,0.8473713485612432,1.125618185961472,0.059245479455237934,1.0189809153108487
30.679039438975447,1.3413000327617608,0.43856426830657214,0.7582358550042372,0.8472998385532858,1.1254125840549296,0.05806359069322344,1.0186776847187589
30.686611614701388,1.3446065436975003,0.4347693215308342,0.7563517178410144,0.8472268949771661,1.1252088170364583,0.05691640196192487,1.0183795755290048
30.694191736841354,1.347887784040789,0.43098114666802945,0.7544911424776317,0.8471525306637153,1.1250068857484905,0.05580266485595413,1.018086463659237
30.70178013825854,1.3511438873080235,0.4271996267989658,0.7526537784150992,0.8470767580401438,1.1248067886297364,0.05472118468900417,1.0177982282356632
30.709377153172113,1.3543749830640275,0.4234246378982865,0.750839283831202,0.8469995891371821,1.1246085219098616,0.053670817836766284,1.017514751502552
30.71698311743034,1.3575811969730718,0.4196560491728677,0.7490473253534001,0.8469210355957677,1.124412079789472,0.05265046922890179,1.017235918733415
30.724598368779233,1.3607626508447397,0.4158937233733,0.747277577840901,0.8468411086733248,1.1242174546066008,0.051659089981173884,1.0169616181440582
30.732223247136236,1.3639194626784217,0.412137517075816,0.7455297241735492,0.8467598192495609,1.1240246369904687,0.05069567515789502,1.0166917408072114
30.739858094870442,1.367051746706769,0.40838728093580934,0.7438034550471629,0.8466771778317735,1.1238336160034563,0.049759261656646896,1.0164261805687755
30.747503257064587,1.370159613427702,0.4046428599268967,0.742098468780829,0.846593194559955,1.123644379272769,0.04884892621088879,1.0161648339665812
30.75515908179555,1.373243169640017,0.4009040935490253,0.7404144711276042,0.8465078792113165,1.1234569131116838,0.04796378349884716,1.0159076001504002
30.762825920414357,1.376302518474396,0.3971708160165422,0.7387511750929795,0.8464212412044483,1.1232712026315816,0.04710298435473423,1.015654380803897
30.77050412782125,1.3793377594179412,0.3934428564297464,0.7371083007619014,0.8463332896031798,1.1230872318456069,0.04626571407665813,1.015405080068712
30.778194062759358,1.3823489883413735,0.38972003891978646,0.7354855751291798,0.8462440331198899,1.1229049837639533,0.04545119082296254,1.0151596044698543
30.785896088096557,1.3853362975165584,0.38600218278290555,0.7338827319398034,0.8461534801186216,1.1227244404821524,0.044658664095138745,1.014917862843451
30.793610571120684,1.3882997756341326,0.38228910259294074,0.7322995115336582,0.8460616386177271,1.1225455832622606,0.04388741329958083,1.0146797662659928
30.80133788384666,1.3912395078202264,0.37858060829389373,0.7307356606950647,0.845968516292065,1.1223683926075179,0.04313674638390762,1.0144452279851568
30.80907840331968,1.3941555756459179,0.37487650528118716,0.7291909325103572,0.8458741204749446,1.122192848331291,0.04240599854515115,1.0142141633526771
30.81683251193057,1.3970480571353605,0.37117659446478835,0.7276650862301529,0.8457784581596379,1.122018929620369,0.04169453100415043,1.0139864897587472
30.82460059774119,1.399917026771409,0.36748067231608245,0.7261578871367929,0.8456815360004907,1.121846615093053,0.04100172984267608,1.0137621265680155
30.832383054820557,1.402762555498592,0.36378853089904073,0.7246691064168893,0.8455833603136261,1.1216758828524016,0.04032700489976291,1.0135409950571377
30.840180283582594,1.4055847107197856,0.3600999578907489,0.7231985210407356,0.845483937077367,1.121506710535171,0.03966978872475274,1.013323018354129
30.8479926911487,1.408383556294715,0.35641473658099265,0.7217459136441761,0.8453832719320858,1.1213390753562638,0.03902953558196677,1.0131081213788342
30.855820691706967,1.4111591525295883,0.35273264586496506,0.7203110724183894,0.8452813701798468,1.1211729541495847,0.03840572050658379,1.0128962307852847
30.863664706898398,1.4139115561684499,0.34905346021536043,0.7188937910019292,0.8451782367834564,1.1210083234049453,0.03779783840647731,1.0126872749050986
30.87152516620898,1.416640820378154,0.3453769496444545,0.7174938683791036,0.845073876365195,1.1208451593016961,0.037205403209288314,1.0124811836924554
30.879402507381997,1.4193469947316075,0.34170287964998625,0.7161111087821586,0.84496829320505,1.1206834377390444,0.0366279470512237,1.0122778886702624
30.88729717683785,1.4220301251843714,0.3380310111513094,0.7147453215996564,0.8448614912386172,1.1205231343635373,0.0360650195063453,1.0120773228778182
30.895209630130744,1.4246902540541106,0.33436110040268024,0.7133963212860828,0.8447534740542841,1.120364224593296,0.03551618685216832,1.0118794208191835
30.903140332399385,1.4273274199877004,0.3306928989040854,0.7120639272803155,0.8446442448902682,1.120206683640102,0.034981031372747,1.0116841184133665
30.91108975886605,1.4299416579337627,0.3270261532848651,0.7107479639237946,0.8445338066307781,1.1200504865283805,0.034459150693607096,1.011491352944903
30.919058395337444,1.4325329991042468,0.3233606051821705,0.7094482603866076,0.8444221618019299,1.1198956081122202,0.03395015715012672,1.0113010630160109
30.92704673872665,1.4351014709310421,0.31969599110566865,0.7081646505983027,0.8443093125671614,1.1197420230901447,0.0334536771863564,1.011113188499766
30.9350552976272,1.4376470970267567,0.31603204227470966,0.7068969731787776,0.8441952607217049,1.1195897060172444,0.03296935078093663,1.0109276704936137
30.943084592888518,1.440169897132337,0.3123684844516944,0.7056450713778238,0.8440800076868266,1.1194386313157492,0.032496830901996676,1.010744451274374
30.951135158236646,1.4426698870649222,0.3087050377518123,0.7044087930165062,0.843963554503215,1.119288773283334,0.03203578298697318,1.010563474253698
30.959207540921607,1.445147078658908,0.3050414164381353,0.7031879904337958,0.84384590182378,1.119140106099642,0.03158588444736617,1.0103846839344146
30.967302302393968,1.4476014797001588,0.30137732870119316,0.7019825204383637,0.8437270499058244,1.1189926038310873,0.031146824197129015,1.0102080258676915
30.97542001903695,1.450033093860294,0.29771247641144755,0.700792244262035,0.8436069986022001,1.1188462404335562,0.030718302202244568,1.010033446610425
30.983561282912046,1.4524419206170676,0.29404655486407066,0.6996170275216794,0.8434857473520618,1.1187009897538742,0.03030002905285676,1.0098608936837725
30.991726702579406,1.4548279551780783,0.29037925248866325,0.6984567401809842,0.843363295170311,1.118556825529035,0.029891725553800555,1.0096903155315116
30.999916903946332,1.4571911883923128,0.28671025054535343,0.6973112565196197,0.8432396406364109,1.1184137213841245,0.029493122335267057,1.0095216614792388
31.00813253116717,1.4595316066551391,0.28303922279707194,0.6961804551069273,0.8431147818822284,1.118271650828597,0.029103959481602448,1.0093548816938975
31.01637424759184,1.4618491918044108,0.279365835159558,0.6950642187811681,0.8429887165789376,1.1181305872510265,0.028723986177705142,1.0091899271436944
31.02464273680004,1.4641439210163663,0.27568974531291746,0.6939624346300567,0.8428614419224129,1.117990503911803,0.028352960370724937,1.0090267495576952
31.03293870367839,1.46641576668719,0.2720106022942013,0.6928749939793198,0.8427329546177519,1.1178513739345572,0.027990648448586876,1.00886530138596
31.041262875565238,1.4686646963054304,0.2683280460602379,0.6918017923866455,0.8426032508625498,1.1177131702959684,0.02763682493363672,1.0087055357597352
31.04961600348585,1.4708906723191846,0.26464170701102335,0.690742729639068,0.8424723263285617,1.1175758658136528,0.0272912721900451,1.008547406451292
31.057998863463023,1.473093651991418,0.26095120548069545,0.6896977097568728,0.8423401761419721,1.1174394331324238,0.026953780145317723,1.0083908678337132
31.066412257910663,1.475273587242969,0.2572561511930856,0.6886666410041213,0.8422067948621491,1.1173038447089099,0.026624146025261673,1.008235874840545
31.07485701713552,1.4774304244870164,0.2535561426711109,0.6876494359038979,0.8420721764584735,1.1171690727941275,0.026302174101166052,1.0080823829248315
31.08333400093632,1.4795641044489694,0.24985076660518557,0.6866460112610445,0.8419363142854019,1.1170350894142689,0.025987675449489524,1.007930348017791
31.09184410033778,1.4816745619779206,0.24613959716460404,0.6856562881893834,0.841799201055151,1.1169018663491839,0.025680467722529476,1.0077797264865185
31.100388239416457,1.4837617258350564,0.2424221952711726,0.6846801921501856,0.8416608288086823,1.1167693751092644,0.02538037493163758,1.007630475091502
31.108967377296327,1.48582551847454,0.23869810780143516,0.683717652994469,0.8415211888837223,1.1166375869095624,0.025087227240119348,1.0074825509426182
31.11758251028558,1.4878658558049254,0.23496686673053271,0.6827686050146327,0.8413802718802578,1.1165064726416816,0.024800860767038014,1.0073359114542173
31.126234674187046,1.4898826469340498,0.23122798820404827,0.681832987003917,0.8412380676229636,1.1163760028429561,0.02452111740095556,1.007190514298756
31.13492494677353,1.4918757938898852,0.2274809715421412,0.6809107423270535,0.841094565120691,1.1162461476631276,0.024247844624141382,1.007046317359229
31.14365445048207,1.4938451913240256,0.22372529815313413,0.6800018189988611,0.8409497525221132,1.1161168768277419,0.023980895345801348,1.0069032786795478
31.15242435533209,1.4957907261919223,0.21996043035508903,0.6791061697733931,0.8408036170674212,1.1159881595982672,0.023720127744668244,1.0067613564129074
31.16123588208229,1.4977122774058191,0.21618581009959623,0.6782237522453445,0.8406561450358048,1.1158599647287417,0.023465405121006908,1.0066205087679683
31.17009030566724,1.499609715461247,0.21240085758085994,0.6773545289631596,0.8405073216880155,1.1157322604184254,0.023216595757428866,1.0064806939523259
31.17898895892406,1.5014829020301177,0.20860496972636963,0.6764984675568624,0.8403571312038164,1.1156050142603404,0.02297357278895917,1.0063418701132025
31.187933236673047,1.5033316895238609,0.20479751854262285,0.6756555408788422,0.8402055566132214,1.1154781931848392,0.022736214081419147,1.0062039952744974
31.196924600166763,1.5051559206179004,0.20097784931064963,0.6748257271613872,0.8400525797212514,1.1153517633980383,0.02250440211879027,1.0060670272701135
31.205964581949733,1.5069554277334751,0.1971452786142527,0.6740090101925577,0.8398981810254695,1.1152256903145794,0.022278023899567543,1.0059309236730782
31.215054791203173,1.5087300324773811,0.19329909217038202,0.6732053795098999,0.8397423396250029,1.1150999384837172,0.022056970841533158,1.0057956417194989
31.2241969196024,1.5104795450286435,0.18943854245107186,0.6724148306167397,0.8395850331205484,1.114974471508395,0.021841138695832284,1.0056611382271388
31.23339274777471,1.5122037634709595,0.18556284606095233,0.6716373652212879,0.8394262375038313,1.1148492519561546,0.02163042746995708,1.0055273695075349
31.242644152424127,1.5139024730625597,0.18167118084369194,0.6708729915020241,0.8392659270353422,1.1147242412609857,0.021424741360127845,1.0053942912709
31.251953114198297,1.515575445434014,0.17776268268703185,0.6701217244032787,0.8391040741090263,1.114599399615173,0.021223988693642507,1.00526185852302
31.261321726432907,1.5172224377117889,0.1738364419711414,0.6693835859616107,0.8389406491015498,1.1144746858492984,0.02102808188084678,1.0051300254524533
31.27075220485633,1.5188431915512945,0.16989149962735295,0.6686586056698626,0.8387756202046734,1.114350057299375,0.020836937378032373,1.0049987453072409
31.280246898399906,1.5204374320698453,0.16592684274828962,0.6679468208826818,0.8386089532381756,1.114225469659146,0.020650475661680275,1.0048679702593997
31.28980830130639,1.5220048666717227,0.16194139967107068,0.6672482772664623,0.8384406114399283,1.1141008768150682,0.020468621214206843,1.0047376512549822
31.299439066664867,1.52354518373973,0.15793403448248844,0.6665630293045158,0.838270555230854,1.1139762306622505,0.02029130252336617,1.004607737848362
31.30914202165339,1.5250580511852372,0.1539035408315931,0.6658911408603098,0.8380987419498034,1.113851480897673,0.02011845209528184,1.0044781780174339
31.318920184737944,1.5265431148325996,0.14984863494939252,0.6652326858086983,0.8379251255539524,1.1137265747874379,0.019950006482851425,1.0043489179569793
31.328776785125992,1.5279999966103845,0.1457679477552059,0.6645877487464378,0.8377496562794461,1.113601456904134,0.019785906331484703,1.004219901846869
31.338715284885478,1.5294282925248786,0.14166001588316537,0.6639564257917546,0.8375722802550174,1.113476068828918,0.019626096443602782,1.0040910715903866
31.348739404129123,1.5308275703724903,0.13752327146768906,0.6633388254908871,0.8373929390615082,1.113350348813088,0.019470525865229755,1.0039623665183024
31.358853149934962,1.5321973671658484,0.13335603041558772,0.6627350698412231,0.837211569225393,1.1132242313904297,0.01931914799569381,1.0038337230509562
31.369060849533124,1.5335371862020204,0.1291564789518249,0.662145295460842,0.8370281016369291,1.113097646933316,0.019171920726300265,1.0037050743126144
31.37936718869583,1.5348464937270674,0.12492265805916121,0.661569654922479,0.8368424608763092,1.1129705211404313,0.01902880661051719,1.00357634968744
31.389777256317146,1.5361247151164337,0.12065244541326918,0.6610083182847812,0.8366545644303152,1.1128427744432332,0.018889773071554587,1.0034474743060655
31.400296596425818,1.537371230475506,0.11634353431094356,0.6604614748597758,0.83646432177742,1.1127143213149309,0.018754792654194715,1.0033183684488571
31.410931269335528,1.5385853695591307,0.11199340890202178,0.65992933525717,0.8362716333110403,1.1125850694599395,0.01862384332750886,1.0031889468466966
31.42168792378051,1.5397664058467209,0.10759931497929622,0.6594121337724161,0.8360763890681617,1.112454918859651,0.018496908850768705,1.003059117858763
31.43257388276076,1.540913549611411,0.10315822522484014,0.6589101311834129,0.8358784672148785,1.112323760639339,0.018373979213250707,1.0029287824967303
31.443597246303458,1.5420259397419176,0.09866679761788864,0.65842361805406,0.8356777322318627,1.1121914757145126,0.01825505116542616,1.002797833259604
31.45476701549637,1.5431026340283605,0.09412132524453193,0.6579529186614661,0.8354740327222705,1.112057933160451,0.018140128861682127,1.002666152730574
31.46609324338147,1.5441425975217087,0.08951767525239356,0.6574983957051429,0.8352671987426689,1.1119229882325337,0.01802922464234318,1.0025336118735146
31.477587220178236,1.545144688458281,0.08485121393372132,0.6570604560042549,0.8350570385240484,1.1117864799408599,0.017922359990942813,1.0024000679458682
31.48926170310687,1.5461076410881733,0.08011671378921056,0.6566395574501739,0.8348433343999689,1.1116482280467197,0.017819566712801188,1.002265361913328
31.501131204256673,1.547030044460895,0.0753082371444509,0.6562362175986343,0.8346258377025187,1.1115080293071449,0.01772088840269112,1.0021293152166995
31.51321235585508,1.5479103159298206,0.07041898850349479,0.6558510244020616,0.8344042622811408,1.1113656527182496,0.01762638228791238,1.0019917256752158
31.525524379562192,1.5487466675836128,0.06544112489092023,0.6554846498081188,0.834178276170019,1.1112208334140008,0.01753612157368742,1.0018523622299695
31.538089698452183,1.5495370630823828,0.0603655085743344,0.6551378672451481,0.8339474907149602,1.1110732647225527,0.017450198468079343,1.0017109580971053
31.550934747520365,1.5502791611644895,0.05518137962568248,0.6548115745072535,0.8337114461648535,1.1109225876602904,0.0173687281506988,1.0015672017093313
31.564091066818214,1.550970240285145,0.04987591436916344,0.6545068242815947,0.8334695922288937,1.1107683767801135,0.017291854075735358,1.0014207245096758
31.57759680443179,1.551607095789463,0.044433618356713035,0.6542248658025779,0.8332212613335718,1.1106101207324799,0.01721975521978147,1.00127108418121
31.591498828120464,1.5521858960024573,0.03883547359586099,0.6539672031554244,0.832965631039704,1.1104471949705492,0.017152656244711274,1.0011177410979655
31.605855761100674,1.5527019748095796,0.033057712620565345,0.6537356793370012,0.8327016700087642,1.1102788225108873,0.01709084218786501,1.000960024478585
31.62074244984697,1.5531495224403302,0.02707001421400597,0.6535326016562916,0.8324280585036411,1.1101040161328193,0.0170346804681663,1.000797082566354
31.636256675749678,1.5535211065470518,0.02083279251192341,0.6533609362067493,0.832143069067652,1.109921491331029,0.016984655257692893,1.0006278077236954
31.652529303448137,1.5538068989478413,0.014293096154046312,0.6532246226223618,0.8318443864898485,1.1097295339212574,0.0169414238296272,1.0004507229120942
31.669738959346017,1.5539933786847118,0.007378669627593349,0.6531291045258187,0.8315288488441361,1.1095258056821282,0.016905913839163164,1.0002638164978317
31.688127785722315,1.5540611426383026,-8.45380523718884e-06,0.6530822346002615,0.8311921760866751,1.1093071228937124,0.01687949802535689,1.0000643604068769
31.707980556229696,1.5539818105112118,-0.007983712414762697,0.6530955999311934,0.8308293793301157,1.1090696529603539,0.01686429101561161,0.9998491167658796
31.7293274222465,1.5537198406194905,-0.01656081963984448,0.6531840744374314,0.8304402096828276,1.108812449747694,0.016863332974240343,0.9996175380703488
31.748118522959132,1.553337685205795,-0.024113809431229788,0.6533255510323445,0.8300985564120857,1.108584124323993,0.016875705823368517,0.9994132824739305
31.766909623671765,1.5528135663331633,-0.03167066972579116,0.6535266715913951,0.829757881755929,1.108353846723334,0.016900502823524274,0.9992085123333532
31.785091565276698,1.5521712240836427,-0.03898738313880611,0.6537781686024167,0.8294292856428107,1.108128931453195,0.016936398920166136,0.9990096781998922
31.80163206102183,1.5514712706616942,-0.045648614768412275,0.6540556964708936,0.8291313235490998,1.1079222725353193,0.016979311035930696,0.9988279763853805
31.81710000873754,1.550716970291759,-0.05188303321517079,0.6543573769001348,0.8288535861071717,1.107727141520768,0.017028372641127158,0.9986572646328038
31.83212483907482,1.5498919091591372,-0.0579442572557394,0.6546895536799562,0.8285847009279621,1.1075357590058648,0.017084388604058056,0.9984906219656842
31.84668413398118,1.5490054909834456,-0.06382335850945259,0.6550483704503953,0.8283250429415321,1.1073484320053497,0.017146627647153884,0.9983282515695302
31.86073813447145,1.5480686047664103,-0.06950426644215156,0.6554293541378355,0.8280752818683569,1.1071657354904048,0.01721423939465167,0.9981705858808295
31.874365065610426,1.5470839106721763,-0.07501852349440073,0.655831375478869,0.8278339852415926,1.1069867324870395,0.017286966809598587,0.9980167559192954
31.88762962390391,1.5460531899305674,-0.08039225272884493,0.6562536890710023,0.8275999733403449,1.1068106326648488,0.017364646821354753,0.9978660340804995
31.900571556042443,1.544978797935443,-0.08564151193067526,0.6566953314048112,0.8273725164732952,1.1066369547217907,0.017447093171902784,0.997717968566802
31.913224024816238,1.5438627227517137,-0.09077971054218106,0.6571554997591245,0.8271510067118699,1.1064652932083876,0.017534159755836682,0.9975721798631325
31.925615810891003,1.5427065869878598,-0.0958184991784805,0.65763354968738,0.8269349180584475,1.1062952909957036,0.017625738457253695,0.9974283357418586
31.937771222910126,1.541511800436498,-0.10076772982163729,0.6581289308625405,0.8267238070826973,1.1061266422797023,0.017721745820382166,0.9972861526337703
31.949710960593894,1.5402796051476915,-0.10563580260828581,0.6586411673461331,0.8265172969403319,1.1059590826939378,0.01782211823062548,0.9971453862476066
31.961452851396544,1.5390111015460353,-0.11042996224122613,0.659169845970721,0.8263150638263562,1.105792380660917,0.017926808921939222,0.9970058234870192
31.973012375834035,1.5377072720704401,-0.11515650923388017,0.6597146059480553,0.8261168272805307,1.1056263312853412,0.01803578541746606,0.9968672766985537
31.984403076862872,1.5363689996695,-0.11982096453928101,0.6602751307464405,0.8259223426333459,1.1054607515912018,0.018149027545632676,0.996729579186645
31.995636884639392,1.5349970822507242,-0.12442820017490998,0.6608511417484411,0.8257313950168647,1.1052954767333596,0.01826652590385958,0.9965925816504096
32.0,1.5344502801211244,-0.12621955283514885,0.6610811014174737,0.8256574677583841,1.105230699520902,0.01831374544591269,0.9965390041134031
