tau,R,V,H,L
0.0,1.2,0.0,0.8,1.0
0.012,1.199980211145209,-0.0032946963960275356,0.80331387534362,0.5897595870054654
0.03505435611122246,1.1998317860252898,-0.009570145621641197,0.8090866653469893,0.619694354712959
0.05942091565485717,1.1995184796987106,-0.016135391391583945,0.8144134191635977,0.6479854502630282
0.0849608842960206,1.199019173344598,-0.02295510111694314,0.8192435832740238,0.673979955143185
0.11155079844224297,1.19831501704634,-0.03000083900702914,0.8235659076407025,0.6972376338587855
0.13916236584585084,1.1973861798460235,-0.037271151525235226,0.8274110746879045,0.7175852626026721
0.16782503380954678,1.1962101915477248,-0.044780517101811704,0.830831792539672,0.7350236276844921
0.19760795715124327,1.194760676384606,-0.05255404499182398,0.8338923726771709,0.7496678393191647
0.22861039258308605,1.193006224599459,-0.06062470220393211,0.8366630842023437,0.7617053560592159
0.260957047810047,1.1909092194879076,-0.06903199470602155,0.8392173048343352,0.7713659692107312
0.294796676726902,1.1884244787765252,-0.07782156177963319,0.841630408869449,0.7789003026852076
0.3303031834297078,1.1854975670801973,-0.08704542784638579,0.8439798340501072,0.7845645412696377
0.3676791536883862,1.1820625942438452,-0.09676283485336204,0.8463460737710746,0.7886097463726293
0.407162402641106,1.1780392124995596,-0.10704174070852017,0.8488145687409225,0.7912745177751149
0.4490371694109528,1.1733283041488156,-0.11796130355768672,0.8514787130009945,0.7927800054793136
0.49365370534797687,1.1678053535760882,-0.12961614229117313,0.8544445688870984,0.7933263833131576
0.5414650297907693,1.161309280413414,-0.1421242985421914,0.8578386933595422,0.7930898075393548
0.5931033413638421,1.1536211656645867,-0.1556439802775136,0.8618225896092718,0.7922183624907578
0.6495632543777053,1.1444164138676247,-0.17041461926398938,0.8666240274216287,0.7908236060346585
0.712750442600569,1.1331275765533229,-0.1868831913942623,0.8726237450429787,0.788956284562707
0.7880034638237837,1.118331619720935,-0.20630053609434215,0.880731608909966,0.7864995836155624
0.8598909374985152,1.102845154980101,-0.22447100097941838,0.889555613305377,0.7839616725402709
0.9317784111732467,1.0860736906570232,-0.24199485757450234,0.8995388435835983,0.7811382155840575
0.9979325462828401,1.069556015269929,-0.2571873304462824,0.9098475793338843,0.778074581949818
1.0607397880988405,1.0529826875999768,-0.27030185292876013,0.9207244093660161,0.774435324782491
1.1215622535241456,1.036201863979688,-0.2811123481256627,0.9323669219762981,0.7697830235060532
1.1739884007489318,1.0212685115816542,-0.28814365763406025,0.9433633716511556,0.7643761582288638
1.216596118165347,1.0089102455317505,-0.29153046710668346,0.9530166455640587,0.7585842321644511
1.2519792299325723,0.998578232481347,-0.2920710915346146,0.9615611317799221,0.7524788119530343
1.2819828232943487,0.9898355792976603,-0.29030752517750563,0.9692077540944661,0.7461346733197904
1.3078251154787408,0.9823761573869966,-0.2866110368232821,0.9761055137501963,0.7396497869351468
1.3303741003698655,0.975969575147075,-0.28125057416898447,0.9823699862219379,0.7331299860214704
1.350269925067369,0.9704380922546666,-0.2744281797649074,0.98809304854573,0.7266837855938195
1.367998499331111,0.9656417620919404,-0.2663002378470118,0.9933493677718007,0.7204186794260633
1.3839372040852915,0.9614687096758927,-0.2569910324010939,0.9982006469675511,0.7144387312440601
1.399875908839472,0.9574616064480839,-0.2454112126886424,1.0031680945990846,0.7082620156865393
1.4143232874010638,0.9540057342268013,-0.2325997270228862,1.0077661963402669,0.7026772578131857
1.4273895296277466,0.951054161241766,-0.2188138680831302,1.0119964215602386,0.6978565445546736
1.4393155797463122,0.9485298508532282,-0.20416622970979215,1.0159095738187205,0.6938830312460305
1.4502988377520627,0.9463703343293742,-0.18875041312117735,1.0195494055210925,0.6908265081489486
1.4604964402391059,0.94452609742837,-0.17265493631847528,1.0229515377812213,0.688748600523486
1.4700340939546799,0.942957672840988,-0.15596874303011504,1.0261448075756974,0.6877035105898096
1.4790124032235545,0.9416334004411416,-0.1387859023140899,1.029152279390134,0.6877377116363735
1.4875110830570035,0.940527697086999,-0.12121023863768998,1.0319919019509236,0.6888884205386182
1.495591571776911,0.9396196525362087,-0.10336004667978813,1.034676893857184,0.6911804539560062
1.503298384360841,0.9388918141116773,-0.08537283838347622,1.0372159289634897,0.6946210557542406
1.5106594295163034,0.9383290585729533,-0.0674098978728404,1.0396131833561817,0.6991923478402542
1.5176853860039814,0.9379174827373449,-0.04966044027065851,1.0418682838758424,0.7048411838188711
1.524367929321328,0.9376432762780741,-0.03234586873899302,1.0439761136226673,0.7114661325889574
1.5306757024499793,0.9374915488212754,-0.015727159243163265,1.0459261669785942,0.7189001944899204
1.5365441392344894,0.9374449898835312,-0.00012613412751562476,1.0477003594574876,0.7268827924039101
1.5418442971614874,0.9374817571774946,0.013999464865066761,1.0492651766279981,0.7349930830690589
1.547065605676461,0.9375911125918249,0.02787669212016996,1.0507679314138823,0.7438239005845457
1.5527868693912317,0.9377938309188074,0.042960107146015114,1.0523658987477917,0.7544534833509812
1.5589134306615704,0.9381059363616253,0.05887763714774902,1.0540151430704827,0.7669202283221248
1.5653880546724246,0.9385406481543924,0.07533281008127228,1.0556819141242109,0.7812704312000583
1.5721775873820505,0.9391092884317848,0.09207635549854123,1.0573381621394882,0.7975435977620904
1.579266689269394,0.9398220710646525,0.10889535468592712,1.0589591301773513,0.8157666221049434
1.5866548741529236,0.9406888892303096,0.12560918524962672,1.0605217991123992,0.8359523955153649
1.5943547755080207,0.9417200765001444,0.1420664465331875,1.062003546730799,0.8580990211248049
1.602390938268672,0.9429271004709221,0.1581411788168484,1.0633808178294302,0.8821875308698823
1.6107989790601998,0.944323171935381,0.17372838227825213,1.064627765572241,0.9081770752008548
1.6196251398017678,0.9459237806492151,0.18873932966700596,1.0657148703703805,0.9359972044801496
1.6289262894260768,0.9477471856737625,0.2030971128964332,1.0666075452971677,0.9655371854644791
1.6387704181803209,0.9498148941019016,0.21673266259886986,1.0672647345655737,0.9966324650679267
1.6492376674472766,0.9521521623850154,0.2295813050053783,1.0676375184236577,1.0290485713543975
1.6604219650407759,0.9547885561181988,0.24157981711003468,1.0676677559523304,1.062463059897298
1.6724334009888961,0.9577586129268856,0.25266389195765954,1.0672868214760118,1.0964466460287177
1.6854015967443978,0.9611026755483453,0.2627658980138862,1.066414509760921,1.1304454147860805
1.6994805141786664,0.9648680055493589,0.27181277138033916,1.0649581821284284,1.1637668526902025
1.714855431607897,0.9691103540432016,0.2797237701190396,1.0628121799127068,1.195573073139265
1.731753081527146,0.9738962170357113,0.2864075881569455,1.0598574567190058,1.2248844109546353
1.7504555883931867,0.9793058369226877,0.29175795819436107,1.055961475422135,1.2505949176554938
1.7713152779425154,0.985435807616873,0.2956466994216801,1.0509796060403165,1.2714990217415278
1.7947519235056308,0.9923952265706204,0.2979152252701849,1.0447647072003683,1.2863341052166284
1.82117312604486,1.000276915581933,0.2983772597167417,1.037206312841791,1.2938891945933084
1.8507811788188673,1.0090935418812956,0.29686822954947095,1.0283148119052572,1.2933280464989436
1.8836858045576734,1.018807959314471,0.293307120796604,1.0182076838692211,1.2846000686453916
1.920850466882891,1.0296063836588423,0.2875454024883364,1.0068114577424738,1.2679959068274127
1.9666430804787085,1.042576881429661,0.2786752224757928,0.9931361842058178,1.2420038821258694
2.0069653960826037,1.053636808720781,0.2697623431025642,0.9816238258756166,1.2168483106271348
2.047287711686499,1.064322528468958,0.26015902821971487,0.970702747258325,1.191226030471969
2.08618397333102,1.0742541263754053,0.2504536174092458,0.9607619348170527,1.1669327074989035
2.1246902324564756,1.0837084424375425,0.24056238329556373,0.9514991401371765,1.1437553651797507
2.1633696088441283,1.0928180369217937,0.23044527950187182,0.9427615256296243,1.121583451106659
2.202534934251527,1.1016410020803058,0.22009122490664168,0.9344711936694388,1.1003686938264468
2.2423980290462158,1.1102034495611068,0.2094957272121031,0.9265814141745301,1.0800725844728511
2.2831198256994814,1.1185137661182472,0.19865503631710613,0.9190621117003481,1.0606569358488842
2.3248335579190234,1.126568991750949,0.18756389187298572,0.9118934311971443,1.0420825164545855
2.3676573893229262,1.1343580189139622,0.17621443770603498,0.9050624990460877,1.0243096469794237
2.411702343145611,1.1418632770560024,0.16459552629271978,0.8985616618530393,1.0072991003030474
2.457078022651825,1.1490615826749577,0.15269211840888525,0.8923875022320087,0.9910128549756477
2.5038973551041814,1.1559244553964494,0.1404846402281078,0.886540316994846,0.9754146112701557
2.5522810686005997,1.1624180275998888,0.1279482140738131,0.8810239134369838,0.960470090481965
2.6023623845201005,1.1685025808982032,0.11505169381206211,0.8758456661602091,0.9461471704496006
2.6542923127575753,1.1741316775481507,0.1017564343008373,0.8710168305698767,0.9324159187213061
2.7082458895957786,1.1792507951092444,0.08801471836367548,0.8665531527575928,0.9192485914177785
2.7644296191927014,1.1837953044836047,0.07376776986135229,0.862475862303993,0.9066196848820273
2.8230901241664985,1.1876875477676705,0.05894333162156846,0.8588131939747643,0.8945061757229745
2.884523259067862,1.1908326828222378,0.043452962685986564,0.8556026594799103,0.8828881892285914
2.949081125346564,1.1931129324752363,0.027189660009621128,0.8528943580214288,0.8717505134703464
3.017171750273727,1.1943801162925567,0.010027109982479826,0.8507555574770052,0.861085444515423
3.08925519191556,1.1944469985285848,-0.008180284243634196,0.8492762872394622,0.8508956248415318
3.1660228393018954,1.1930725040454795,-0.027643765833723993,0.8485754978699411,0.8411741261401054
3.268151115947934,1.188920631754384,-0.05369708984748219,0.8490337720382357,0.8298658315392794
3.37019254429459,1.1821039997613565,-0.07994622824162784,0.8510893997979828,0.8202162392202259
3.4670637102043456,1.1731439814997433,-0.10507496834012017,0.8545535286442,0.8123991526220434
3.572428397447939,1.1606240104296164,-0.13260332540054284,0.8600613935917775,0.805188533926587
3.6598412781940364,1.1480311436096873,-0.15552450262232712,0.8660792920860918,0.8000750594683725
3.7381096679729184,1.1350560282611828,-0.17601480150834287,0.8726507141744857,0.7960377309696615
3.8163780577518005,1.1204826751056332,-0.19633707548702575,0.8804130935258572,0.7923752911090025
3.8889757959800386,1.1055541632188168,-0.2148581689395718,0.8887525164875889,0.7891601949642673
3.957325044331157,1.090286900763583,-0.23177740065481528,0.8976816373618316,0.7861134241063346
4.022607021956808,1.074648459178004,-0.24717165126670243,0.907262771718852,0.7829641439042226
4.0855860956645484,1.0586420613025151,-0.26091298938212193,0.9175614321316924,0.779416818516192
4.146823427061047,1.042294718853616,-0.2726624944544772,0.9286567769987293,0.7750980691588818
4.206505344361121,1.0257361925545543,-0.28174941792802105,0.9405931701075324,0.7695229166684114
4.251928597045563,1.0128253664446158,-0.28630000688641244,0.9504897049961332,0.763902015796192
4.28954415387513,1.0020200045301884,-0.28781027255065644,0.9592614649851701,0.7579790824099363
4.321315888280167,0.992884367307995,-0.28687565617803745,0.9671058454903013,0.7518196138682026
4.348611122304794,0.9850893320277118,-0.2839052097788838,0.9741818472846521,0.7455046537123542
4.3723719052313985,0.978395062689693,-0.27919259226855503,0.9806065199022161,0.7391332519639902
4.393293015554272,0.972615449498925,-0.2729572242583176,0.9864739993151591,0.7328092401472821
4.411899308770226,0.9676040188695519,-0.26536818284304703,0.9918607941861233,0.7266375952141774
4.428597000564413,0.9632436375679307,-0.25655920276310373,0.9968301902499749,0.7207213512439752
4.4452946923586,0.9590487762893484,-0.24547515428270006,1.0019250469180057,0.7145694081939561
4.46040420263987,0.9554300864372565,-0.23312016149098705,1.0066387392219842,0.7089748097485039
4.474041645315103,0.9523394828432998,-0.21975735457856585,1.0109711798665628,0.704115125766554
4.486465382912863,0.9496956368217458,-0.20550460319284727,1.0149750468404743,0.7000768024875269
4.497886832092015,0.9474325451235837,-0.19045878502278693,1.0186958102149892,0.6969326297113285
4.508474059773022,0.9454979016685102,-0.1747100803620122,1.0221705241360841,0.6947470911839821
4.518361477463493,0.9438500180976462,-0.15834765555272667,1.0254292499548088,0.6935771731713573
4.5276568072647,0.942455458792327,-0.14146441669001475,1.0284961350086461,0.6934722115912154
4.536445762686177,0.9412872262189029,-0.12416162384231388,1.0313901228075595,0.6944726199389702
4.544795016523484,0.9403233028205737,-0.10655356031857971,1.0341253820157956,0.696607108992875
4.5527538327571255,0.9395454049823292,-0.08877224922976902,1.0367115266126632,0.6998879828233323
4.560354610373509,0.9389378414691538,-0.07097202864853097,1.03915369061225,0.7043041438935376
4.567612472227308,0.9384864012065145,-0.05333374313978789,1.0414525056852943,0.7098115652889393
4.5745237905807,0.9381772279589349,-0.03606877139628385,1.0436039675942286,0.7163210257431643
4.581062839043508,0.9379956575271742,-0.019425006778163365,1.0455989751297285,0.723682176692235
4.587173633823027,0.9379249361474525,-0.0037026930760923234,1.0474217308853428,0.7316593828402868
4.592746334545965,0.9379444043552796,0.010691978345985335,1.0490441124038952,0.7398799137716088
4.597933126835246,0.9380345770424512,0.02406950741014012,1.0505160391315334,0.7483487179039278
4.603662613852482,0.9382146029065306,0.03874896563947388,1.052094898380778,0.7586165227695051
4.609824835458648,0.9385015351337245,0.05433474197909413,1.0537325212095037,0.7707117421145473
4.616353661786392,0.9389093195712859,0.07051867264368396,1.0553927182938283,0.7846770967063241
4.623210066345869,0.939449781070085,0.08704411898209288,1.057045854740874,0.8005509534096075
4.630374267063761,0.9401334231267349,0.10369185012871744,1.058666030212243,0.8183592830670725
4.637842165101935,0.9409702199008462,0.12027518658820217,1.0602293960927938,0.8381134465492386
4.6456233712332455,0.9419703915355164,0.136637007721393,1.061712786629358,0.8598093357954627
4.653739869289732,0.943145119815771,0.15264625025766676,1.0630923906223713,0.8834254224124726
4.662225065632648,0.9445071794348043,0.16819363252832203,1.0643424007583184,0.9089184734155625
4.671123224165444,0.9460714894281105,0.18318704131320715,1.0654336439803465,0.9362164493741512
4.680489342205324,0.9478556096526731,0.19754705425274496,1.066332205466763,0.9652085050951754
4.690389516324876,0.9498802155505057,0.21120288635695728,1.0669980559259935,0.9957322207654155
4.700901841759322,0.9521695858317626,0.22408886254736926,1.0673836960868974,1.0275583718924397
4.7121179097130605,0.9547521389314559,0.2361413980547165,1.0674328474547659,1.0603738379415053
4.7241450240985365,0.9576610611342561,0.2472964071129536,1.0670792402977334,1.0937637307885955
4.737109366208212,0.9609350884195992,0.2574870275958753,1.0662455685212848,1.1271945072920324
4.751160511723505,0.9646195418786949,0.26664150685853755,1.0648426804640236,1.160000613506577
4.766477962481985,0.9687677753975379,0.27468099851722155,1.0627690360034383,1.1913778101473078
4.78328062272133,0.9734432467042539,0.28151681841136855,1.0599103900661602,1.2203862307810327
4.8018399627578825,0.9787223149563121,0.2870463787884113,1.056139708797411,1.2459648574622613
4.822495015386195,0.9846969820034106,0.29114679631277846,1.051318185360153,1.2669569743272189
4.845655678642392,0.9914731039270418,0.2936665392488836,1.0453022974104038,1.2821493793159944
4.871747658712185,0.9991495650497071,0.2944241328383145,1.0379736627041283,1.2903609559186031
4.9010480970098875,1.0077636051966143,0.29324365610469993,1.029311211454988,1.2907014881239278
4.93370191662609,1.0172911871306398,0.29001826078404797,1.019408891893924,1.282971083079962
4.97050996466252,1.0278715585187055,0.28461074059369973,1.0082347937913891,1.2674168846625196
5.015109758332408,1.0403854588225097,0.2762853212017807,0.9950075125622466,1.242961667849529
5.055952790967434,1.0514932565211148,0.26748954696172156,0.9833985390983404,1.2180304394238464
5.09679582360246,1.0622253801269335,0.2579376546075373,0.9723778133307236,1.1924418182281022
5.1359804578263635,1.0721448205269046,0.24829068664663345,0.9623976505256844,1.168212041857431
5.174677069056266,1.081563283768875,0.2384527259474409,0.9531190602886032,1.1450941781958217
5.213500331254457,1.0906257797610601,0.22837972800891873,0.9443762753159927,1.1229687694511694
5.25278259689004,1.0993946817670783,0.21806034160404533,0.9360870234833026,1.1017886216725021
5.292745856760022,1.107898038193327,0.20749034613256714,0.9282026087584232,1.081517431025559
5.333557322261207,1.1161451909981754,0.19666628999186564,0.9206919684633371,1.0621190346047427
5.37535462413355,1.1241336334515053,0.18558311790363116,0.9135347397861714,1.0435558301909986
5.418259344219415,1.1318524093046685,0.17423305713593562,0.9067178134726398,1.025789395505725
5.462385415289962,1.1392838873347575,0.16260491581761594,0.9002334780467378,1.008781458069013
5.507845119613798,1.1464046502232252,0.15068347917121408,0.8940783918918934,0.992494718460723
5.554754019752768,1.153185821245764,0.1384488599956666,0.8882530442750047,0.9768934253738375
5.603235577140767,1.1595929653612294,0.12587571782519236,0.8827615510390181,0.9619437228591202
5.6534259616610605,1.1655856005969005,0.11293227787317182,0.8776117239384071,0.9476138258151683
5.70547944101272,1.1711162865901172,0.09957908165861565,0.872815410002591,0.93387409020357
5.759574665373824,1.1761291946680856,0.08576740052092374,0.8683891437223367,0.9206970539896167
5.815922030378183,1.1805579940869138,0.07143726135054106,0.8643552043631024,0.9080575499162138
5.874771918913381,1.1843228075243046,0.05651511666822112,0.8607432323275926,0.8959330530511552
5.9364225630881755,1.1873259153497346,0.04091144759281417,0.8575926318858359,0.8843045586262275
6.001223727568602,1.189445920760381,0.024519231842500436,0.854956035683475,0.8731585179396413
6.069568190820933,1.1905305225643505,0.007215326891109666,0.8529039689129776,0.8624905111589072
6.141869566840979,1.1903891884450883,-0.011134675171082131,0.8515301210835361,0.85230953064433
6.221419734491902,1.188697764307402,-0.03140674390983603,0.8509525189684473,0.8422978437276591
6.321586117654744,1.1842669990752104,-0.057094324289737874,0.8516116456913858,0.8312840607453127
6.421752500817585,1.1772529044772806,-0.08299037257584573,0.8538309173247327,0.8218488663496173
6.5188712422159965,1.1679655890174971,-0.10829715834356121,0.8575101591630052,0.8140267062657884
6.62597479538313,1.1548638067489583,-0.13638222939395167,0.863385149511012,0.8067086349711956
6.711428433142437,1.1422498832735022,-0.15883774599705247,0.869514427468948,0.8016970692644027
6.796882070901744,1.1277197784504203,-0.1812029964857796,0.8770068914867438,0.7972614790313716
6.874025360742859,1.1129697087585142,-0.20114763103277125,0.8850220238291189,0.7935948864770281
6.945321094231061,1.0979833463013873,-0.21916469879699177,0.8935634485340533,0.7903204730059628
7.012720024489305,1.0826547460760823,-0.23556861702410628,0.9027161538874391,0.7871278732528186
7.077288083195641,1.0669607755150388,-0.25036830152093387,0.9125456806881047,0.7837332169279684
7.1397301266522994,1.0509133699338062,-0.26335889356158615,0.9231226419677975,0.7798111280904225
7.200513383140381,1.0345678585699543,-0.2740811972357304,0.9345211477439762,0.7749435253118996
7.251796064382636,1.0203269856951813,-0.2808862667694923,0.9450614018696523,0.7695607427303084
7.293861744447527,1.0084328950957495,-0.2842059491274232,0.9543931188208021,0.7638707115957634
7.329044184378568,0.9984170325007088,-0.28476467247657383,0.9627087366761113,0.757922951459314
7.359035239436882,0.9898963232299834,-0.28306562243856215,0.9701882564048862,0.7517800268491535
7.38497464828729,0.9825956355074066,-0.2794605022641193,0.9769624824827868,0.7455302280657141
7.407685722268803,0.9763042543635035,-0.27420791941100786,0.9831350145412788,0.739271960918671
7.427782631081479,0.9708572765948872,-0.26750432154995313,0.9887896813750673,0.7331077570478894
7.445735486605753,0.9661234937807955,-0.2595031288868928,0.9939954768392264,0.7271403745332181
7.463688342130027,0.9615534462407335,-0.24919084334862462,0.9993457491352895,0.7208357789980923
7.4782160528263315,0.9580061627796169,-0.23882877397115773,1.0037779248567065,0.7156140419908201
7.492743763522636,0.9546244274267704,-0.22634867843663498,1.0082967691852658,0.7104619443678014
7.506056633696582,0.9516989923496008,-0.2127782245115222,1.01250712604562,0.7060141929543187
7.5182388403184826,0.9491927337112365,-0.19834565263830417,1.016410240964991,0.7024085887098037
7.529477476518361,0.9470472155234839,-0.18315262507606467,1.0200453374714666,0.699718025885315
7.53992772266192,0.9452146149688332,-0.167289398574615,1.0234462673886204,0.6980048800424767
7.549714253110954,0.943656621440392,-0.15084649634226097,1.0266405285099076,0.6973239324806217
7.558936905610445,0.9423424037561329,-0.13391973964559245,1.0296500589816275,0.6977218921673991
7.567674642026352,0.9412469662198156,-0.1166148814844905,1.0324918114649169,0.6992355538134633
7.575987970861606,0.9403497922533042,-0.09905228600715502,1.035178086046211,0.7018882897672949
7.5839201369484455,0.9396336512175567,-0.08137159104072073,1.03771668459436,0.7056844743730264
7.59149728509719,0.9390834745813885,-0.06373611840633965,1.0401109460235418,0.7106015199422059
7.59872766417294,0.9386852398787813,-0.046336873955304114,1.0423596959161705,0.7165793339598785
7.605599573892773,0.9384248312076119,-0.02939683039635766,1.0444570435769662,0.7235068777871768
7.61207668056689,0.9382868451473924,-0.01317908653512721,1.0463916556309623,0.7312040630194697
7.61747002184584,0.9382524417358064,0.0004313587321009924,1.047966619306014,0.7385050246525462
7.622861179202947,0.9382915163938633,0.014063539933662383,1.049504275759361,0.7466260507027546
7.628289816498301,0.9384050485815519,0.027751558458297833,1.0510116786984778,0.7556383316770829
7.634231547970384,0.9386141686291035,0.04261070322622623,1.0526097767986082,0.7664553096306076
7.640589984813712,0.93893507063498,0.05827872642595076,1.0542542668513601,0.7791103731415426
7.647306892991391,0.9393811259174764,0.07446628484629333,1.0559108562135353,0.7936441376363419
7.654348566659451,0.9399637913666442,0.09092948912500956,1.0575508150820054,0.8100893791117763
7.661699521298364,0.9406934052056181,0.10745966600639464,1.0591486056569224,0.828465088408219
7.669359492764973,0.9415799807393679,0.123879504171154,1.0606803314921827,0.8487748431144044
7.677341667514275,0.9426339715578206,0.14004007749932315,1.062122391824299,0.8710057209038109
7.685671443272048,0.9438669668733453,0.15581715967056614,1.0634501483458438,0.8951256918975954
7.694385565464731,0.9452923000604805,0.1711068549004118,1.0646365706674539,0.9210785060189415
7.703531666285079,0.9469255815404073,0.18582102908208997,1.065650871221648,0.9487757478427686
7.713168263569142,0.9487851841813032,0.19988297033382982,1.0664571433573846,0.9780860755838341
7.723365266817757,0.9508927153599845,0.21322351137581833,1.0670130145189178,1.0088218563300664
7.73420503854823,0.953273510762152,0.2257776767535388,1.0672683335862279,1.0407236208747797
7.745784090162994,0.9559571875347372,0.23748181597275703,1.06716392855507,1.0734431073455544
7.758215562706151,0.9589783045145532,0.24827113207454912,1.066630491503488,1.1065261988027757
7.771632768987088,0.96237720123718,0.2580774811295738,1.0655876604041106,1.1393977625366045
7.786194272705938,0.9662011308247769,0.26682726202284635,1.0639433545895949,1.171351111871959
7.8020912493453345,0.9705058611023518,0.27443909266302274,1.0615933685496033,1.2015451878080137
7.819558063218554,0.9753579410050862,0.28082073042877814,1.0584211719271137,1.2290120534929068
7.838886361461021,0.9808375749690074,0.2858643672602004,1.0542980566175808,1.2526755638370144
7.8604386629126095,0.9870406302209463,0.28943947196340736,1.0490852438894718,1.2713807234775454
7.884640911774236,0.9940731948308962,0.2913850886819986,1.0426453605382933,1.2839420816141147
7.911898627655456,1.0020218352495476,0.2915157939503905,1.0348831963479328,1.2892675933016173
7.942440849884286,1.0109018555843503,0.28967060529461,1.0258165958545238,1.2866763733223365
7.976546862291226,1.020719246289765,0.28574688642318935,1.015524227088665,1.27617667195479
8.015639147234406,1.0317726456065999,0.279492186650307,1.0038147604991756,1.2578202609422855
8.060219230245586,1.0440429271377485,0.2707560784013634,0.9908668555023511,1.2323913822458767
8.104799313256766,1.0558961876620043,0.2608620457116783,0.9785440570174874,1.2050055912715187
8.144952070954957,1.0661799824400342,0.2512868228707972,0.9680615951012076,1.1801498623453388
8.18392959968774,1.0757865482160598,0.24158763839016537,0.9584696065704824,1.156588430647997
8.222759095902392,1.0849752253344425,0.23166034749997488,0.9494843103374062,1.1340480419129597
8.26188730340805,1.0938410255957898,0.2214838297669419,0.9409906367360911,1.1124629499195053
8.30158725263886,1.1024271090030295,0.2110518854765061,0.9329251701348452,1.091795645315015
8.34205293653728,1.110751290655723,0.2003613669112047,0.9252488747831928,1.07201193147379
8.38343724981232,1.1188164800600864,0.18940833677437835,0.9179364858013465,1.05307616755656
8.425870671674696,1.1266155604590093,0.17818649538645057,0.910971573719332,1.034951219032669
8.469472031817707,1.1341338811116408,0.166686336475519,0.90434398725676,1.0175994118847753
8.514355658009645,1.1413505434215632,0.15489452022631936,0.8980484540402569,1.0009835021123485
8.560636844223811,1.148238980020935,0.14279325521392902,0.8920838214004008,0.9850674140594001
8.608436653167315,1.154767044624749,0.13035958215159643,0.8864527028730967,0.9698167258128259
8.657886670746395,1.160896692983228,0.11756448555951729,0.881161428365885,0.9551989480050708
8.709134150584777,1.1665832523128528,0.1043717671926625,0.8762202691995171,0.9411836619843319
8.762347888493377,1.1717742111244307,0.09073661612487356,0.8716439608007387,0.9277425927983223
8.817725047595758,1.1764073948547742,0.07660382323419407,0.8674525943936379,0.9148497115793349
8.875498854819085,1.1804083168479917,0.06190564937740939,0.8636730058672343,0.9024815106932262
8.935946256345648,1.1836864187105631,0.0465595557195198,0.8603408590969657,0.8906177055765284
8.999392489958725,1.1861299055666894,0.030466541532236307,0.8575036820417595,0.8792428362436244
9.066204982245951,1.187599173840299,0.01351202045569545,0.8552250586293824,0.868349553706091
9.136764473089446,1.1879199518102752,-0.0044275532092125786,0.853589660583269,0.8579441068736661
9.21144339966138,1.1868784111976145,-0.02347951431620437,0.8527074096658803,0.8480479433617129
9.315732357768862,1.1830360630212733,-0.05024063421587249,0.8529242855071809,0.8359524735308752
9.421896102196035,1.1762465245680125,-0.07770554069969438,0.8548890307719014,0.8254691282404859
9.518381689529054,1.1675366562712588,-0.10286709925869744,0.8582345885626946,0.8173443073286926
9.621956808872339,1.155475662669199,-0.13004988167176493,0.8635433543566606,0.8099096268874983
9.710725275610615,1.1428945756549367,-0.15340862334783573,0.8695809136238195,0.8044361337500726
9.789549257820962,1.1299863482404837,-0.17409141779020582,0.8761628032921192,0.8001349706959721
9.868373240031309,1.11545478721529,-0.19456722377552188,0.883968135084687,0.796213184188925
9.941278127947893,1.1005904529659916,-0.2131246259716392,0.8923529208039422,0.7927599224898079
10.009797806693514,1.0854056115942703,-0.22998095612443234,0.9013314213851281,0.7894750215273927
10.075190329427988,1.0698628744966592,-0.24521365165856168,0.9109705546135602,0.7860688762088414
10.138254263621143,1.0539665416147035,-0.2586720928813639,0.9213387532189966,0.7822271184597355
10.199527712964207,1.0377598226061728,-0.2699637805356876,0.9325098822923266,0.7775567591643014
10.252751566345003,1.023177070250285,-0.2776014845257961,0.9431704935911491,0.7722908193886013
10.296611954857825,1.0109036825523068,-0.28164700153827416,0.952682622522342,0.766697708777945
10.333183066767056,1.0005750968266285,-0.2828059225054401,0.9611550304807788,0.7608497988914754
10.364271565636228,0.9917955296795784,-0.28161911395998956,0.9687696351180747,0.7548020892060077
10.391107951088026,0.9842752005698541,-0.278461548347888,0.9756637808831256,0.7486344559118562
10.414563223942293,0.9777964217371543,-0.27360724066184605,0.9819428636408514,0.7424420280733045
10.435286261174953,0.9721884582176895,-0.26726346584167626,0.9876926099882768,0.7363251611914852
10.453771977371451,0.9673155772200968,-0.25959152407827235,0.992983528086991,0.7303855560830771
10.47040624705936,0.9630684157042165,-0.2507201177238963,0.9978744470869451,0.7247233312404623
10.48704051674727,0.9589868392173747,-0.23961868163926764,1.0028853661347226,0.7188913778558332
10.502129540769914,0.9554614107551154,-0.22727514017491457,1.0075293099729332,0.7136365471235205
10.515786484239365,0.9524460682074041,-0.21394282701223763,1.0118064306106616,0.7091260707707668
10.528259198816057,0.9498640831770027,-0.19973748427664847,1.0157662248606063,0.7054445580366759
10.539751223581089,0.9476529668018395,-0.18475557948862292,1.0194515191613882,0.7026639688771507
10.550424941810338,0.9457630077782824,-0.16908778721145826,1.0228972802173861,0.7008482443414031
10.56041050266089,0.94415445712681,-0.15282450726143854,1.0261318663570465,0.7000538393239909
10.569812233976084,0.9427953412935063,-0.13606056902878458,1.0291779759209465,0.7003292659843627
10.578712921325327,0.9416597608094572,-0.11889983435673915,1.032053263944086,0.7017134486299216
10.58717646438424,0.9407265001655283,-0.10145985250546634,1.034770704913663,0.7042324901913195
10.595249252288905,0.939977816828206,-0.08387651823221047,1.0373387696659513,0.7078944401813102
10.602960482659082,0.9393983110618866,-0.06630851555894036,1.0397614775188586,0.7126817262294245
10.610321521633375,0.9389738101977578,-0.048941344697117375,1.0420383644787081,0.7185410460304607
10.617324094351511,0.9386902324442385,-0.031991390829716165,1.0441643262382165,0.7253704731472067
10.623936190340457,0.9385324041066367,-0.015712888774821424,1.046129040308522,0.7330024339593629
10.630091776852145,0.9384827122459662,-0.00041789382939467004,1.0479149180027552,0.7411762888824497
10.635659588103488,0.938519003660953,0.013453680459976363,1.0494896934708653,0.7494735842044474
10.641119653591096,0.9386295326635264,0.027021237846729808,1.0509924102974955,0.7584481427706077
10.647102334569889,0.9388353904281408,0.041769546298169966,1.0525869530120264,0.7692270724424064
10.653508652338479,0.9391529886519352,0.057335190157455126,1.0542283494620097,0.7818418503887424
10.660278615427178,0.9395958546721696,0.07342810980191034,1.0558817963301295,0.7963315213360719
10.66737735127482,0.9401755571025476,0.08980405638971815,1.0575181714826818,0.812727493393423
10.674788528186692,0.9409025041800003,0.1062539546874915,1.0591116047439595,0.8310472081531826
10.68251124708435,0.9417867394401198,0.12259997040426099,1.060637908745975,0.8512923449710652
10.69055822443844,0.9428387104058211,0.13869257526729878,1.0620732290887365,0.8734476856037234
10.69895452444736,0.9440699683460257,0.1544069299935381,1.0633927117900448,0.8974785254053033
10.707736670433766,0.9454937807056462,0.16963856978141753,1.064569151660112,0.9233256183281021
10.716952158830122,0.9471256662196558,0.1842988675642672,1.0655716328436144,0.950897320517062
10.726659433796524,0.9489838804174567,0.19831070897467773,1.0663641767385847,0.9800589585159984
10.73692837103111,0.9510898856290928,0.21160461893452434,1.0669044105231127,1.0106196531099558
10.747841319897116,0.9534688407933006,0.22411540918294814,1.067142276225836,1.042317045898124
10.759494783391652,0.9561501489332701,0.2357793113151163,1.0670188166084238,1.0748007191581872
10.772001886043915,0.9591681101032556,0.24653150585445593,1.0664650938867586,1.1076156243687687
10.785495904845835,0.9625627510926598,0.25630392207602515,1.0654013087695113,1.140187514633942
10.800135334884937,0.9663809454376208,0.2650231265094366,1.0637361736871125,1.1718130545569176
10.8161112237469,0.9706779940156062,0.272607995597714,1.0613665426485073,1.2016576161171302
10.833657687971655,0.9755198556269906,0.2789666353938951,1.0581772469326498,1.2287632449970372
10.853065891791529,0.9809859638655107,0.28399169745373537,1.0540412812061815,1.252067600117829
10.874697563322583,0.9871711923418632,0.28755329850791106,1.0488219190728385,1.2704334621778786
10.898978332732703,0.9941806677069855,0.28949141765194386,1.0423838736028896,1.2826971170005188
10.926318552452123,1.0021015680344552,0.2896213517575987,1.0346322867817896,1.2877895284684062
10.956966796764181,1.010954402095852,0.2877798391629307,1.0255799028241817,1.2850403893077704
10.991233621784778,1.0207533008230414,0.2838560860340062,1.0152960020810506,1.2744391324809163
11.030583034617258,1.0318046968622498,0.277584282081857,1.0035797397578814,1.2559971564331591
11.074988537809539,1.0439436654485659,0.2689168563786387,0.9907627169099579,1.2307995486300207
11.119394041001819,1.055670599833815,0.2591034643418415,0.9785628530461995,1.2037032551583429
11.159596714361985,1.06589700896254,0.24955399992448463,0.9681298949567321,1.1789877487447042
11.19865634870411,1.0754563938112482,0.2398677655415864,0.9585753610794754,1.1555371805877748
11.237577509251267,1.084599959418385,0.22994681275554665,0.9496237180175505,1.1330946542497047
11.276803531600233,1.0934207409661798,0.21977135345782264,0.9411618201365253,1.1115978450967239
11.316606598072747,1.101960902804918,0.20933571833073641,0.9331271725122785,1.0910108994474192
11.357180744903918,1.1102376088234236,0.19863695257552702,0.9254813037323874,1.071300678575708
11.398679339163301,1.1182532552435955,0.18767112239362266,0.918199362187431,1.052432335945287
11.44123361572252,1.1260002620551581,0.17643179852907437,0.911265264649898,1.0343693859536685
11.484963404354364,1.1334635174613927,0.1649092337952755,0.904669181773615,1.017074707782902
11.529984285754235,1.1406216308510395,0.15308974093628336,0.8984061655978558,1.0005115390162467
11.576413095554734,1.1474474827608785,0.14095506893599827,0.8924754114137196,0.9846442279079766
11.624372783332998,1.1539082837666061,0.12848167319341455,0.8868799248114398,0.969438728970296
11.673997240910866,1.1599652180667364,0.1156398067969312,0.8816264954880726,0.9548628917334052
11.725436532886528,1.1655726644040871,0.10239236804864334,0.8767259525344964,0.9408866117111109
11.77886285296749,1.1706769204215468,0.08869344306933784,0.8721937283582784,0.9274819236368517
11.83447738012161,1.175214288784223,0.07448650279948334,0.868050808521438,0.9146231401731253
11.89251782942368,1.1791083078142894,0.05970229569344214,0.8643252034986074,0.9022871972285688
11.953265462763833,1.1822658421574148,0.04425672815247113,0.8610541473885729,0.8904544966477987
12.017047730082357,1.1845717775193403,0.028049685284089326,0.8582872786714398,0.8791107922476549
12.084227193896227,1.185882479670116,0.010967192953061988,0.8560909513717045,0.86825102743519
12.155161557405204,1.1860196271625842,-0.007109018583985556,0.8545531423690974,0.8578857447863173
12.230163530373963,1.1847676040543955,-0.026291312777632064,0.8537867304492845,0.8480436024806006
12.342177934535908,1.1802102277310864,-0.05511948668732901,0.8542769819610667,0.8352570739812333
12.446024103290165,1.1730888661338035,-0.08206971696420658,0.8564946999928637,0.8252113047686369
12.542716113506705,1.1639323223389801,-0.10735478533674771,0.860123251566943,0.8172217447962911
12.648836093568057,1.1510600722061237,-0.13526236613626616,0.8659137665280919,0.8097566325462711
12.734761810982228,1.1384652410370453,-0.15788773182276578,0.8720634572268234,0.8045489936837262
12.812094223834897,1.125470697337714,-0.17815531823507536,0.878785796189124,0.8003657844843158
12.889426636687567,1.1109172894449924,-0.1981714947388851,0.8867074563039739,0.7965111589118485
12.961321941483934,1.0960131139165723,-0.21634429442377373,0.8952241066704322,0.7930524407118857
13.029135589380058,1.080778531208591,-0.23282895930745615,0.9043517777533516,0.7896977808616925
13.094005186756162,1.0651881885125725,-0.24764611829528047,0.9141566178837814,0.7861525902164281
13.156673715030394,1.0492543382249742,-0.2605898176076474,0.9247092119587906,0.7820845846110506
13.217579715538074,1.0330480552334502,-0.27118178378955504,0.9360732693736074,0.7770760774918317
13.26786781036836,1.0192367643455678,-0.27769180304631425,0.9463536548900541,0.7717041712290892
13.309302151670442,1.0076575643225183,-0.2808235902059348,0.955485736162589,0.7660583582145603
13.344097521677762,0.9978717555395867,-0.2812627179203936,0.963650217141402,0.760180834622066
13.37385623772215,0.9895224839554693,-0.2794865468069983,0.9710138321527609,0.7541303196164995
13.399660924493904,0.9823527576168237,-0.275832321845084,0.9776973146506194,0.7479927751436247
13.422302945022963,0.9761630335553129,-0.2705501604643516,0.983798091612757,0.7418638582875473
13.442376133825883,0.9707960979502139,-0.2638313245749475,0.989395605898519,0.7358436890496265
13.46033732565881,0.9661261583217163,-0.2558259968668382,0.9945556764482636,0.7300329166673232
13.478298517491735,0.9616198708873936,-0.2455377873485186,0.9998571671298935,0.7239254370938227
13.492879001501626,0.9581128799101558,-0.23519097410364495,1.0042613588797393,0.7188803848495843
13.507459485511516,0.9547716344434541,-0.2227527957996527,1.008750191600528,0.7139371852336185
13.520836356748715,0.9518799051970865,-0.20923747005241414,1.0129359301046057,0.7097056658258096
13.533093490854247,0.9494012728780099,-0.19486870560456446,1.0168199084961131,0.7063191948049258
13.544414861700135,0.9472789441656174,-0.17974799756535603,1.0204400633113084,0.7038501892751983
13.554953238529288,0.9454663661686827,-0.16396613068293867,1.0238291397316206,0.7023608753720432
13.564831474369393,0.9439261753825032,-0.14761451601732667,1.0270137184265677,0.7019058429383828
13.574147925274481,0.942628248086809,-0.13079018452878746,1.0300149479465348,0.7025313672495286
13.582980215203365,0.9415481108750492,-0.11360041100998423,1.0328490710347056,0.7042733392852741
13.591387502011173,0.9406656157338162,-0.09616737317841305,1.0355277245442474,0.707153489006784
13.599411534598467,0.9399637614335633,-0.07863276079062458,1.038058074104822,0.7111735076672571
13.607076695271802,0.9394275724785199,-0.06116209159970143,1.0404428414250262,0.7163067696842749
13.614389066503902,0.9390429789954342,-0.0439486231562806,1.042680251228894,0.7224874809404752
13.621334143198762,0.938795669659279,-0.027217742937831222,1.0447638098094092,0.729596872436421
13.627871573007283,0.9386698817468527,-0.011235978909251126,1.0466814843974346,0.7374443108747163
13.633268739149495,0.938645075413684,0.002051934757646031,1.0482282072434006,0.7447916415836754
13.638663658691526,0.9386920304079855,0.015353140050622867,1.0497373807006278,0.7529321476446329
13.644250602017335,0.9388161947866783,0.029081494443571228,1.0512573822868196,0.762203167669294
13.650345122527797,0.9390387546749569,0.043924812673705564,1.0528608330708882,0.7732824715200735
13.656854761574868,0.9393756589161786,0.05953462785358759,1.054504539801898,0.7862027775978024
13.66372367582286,0.9398401260565888,0.07563015911042043,1.056154643022731,0.8010015612518767
13.670919889575597,0.9404435308271732,0.0919737193435356,1.057782481450646,0.8177070136147491
13.678429453921158,0.9411962019273957,0.10836179043114115,1.0593623664402052,0.8363326968119522
13.686253605913755,0.942108217488056,0.12462149234380118,1.0608700707371594,0.8568759871498999
13.694407051196777,0.9431901666048024,0.14060761432363172,1.0622814875153117,0.8793167718745108
13.702916748762712,0.9444538369027531,0.15619889550545654,1.063571295580007,0.9036144857255614
13.711821073370494,0.9459128141950235,0.17129366842208224,1.0647116075359002,0.9297026080410367
13.721169390861196,0.9475830076793856,0.18580535411971738,1.0656706151187907,0.9574803663469954
13.731022104234995,0.949483129913582,0.19965821523464053,1.06641124729946,0.9868017225670079
13.741451218689823,0.9516351661332684,0.21278357770374864,1.0668898557135067,1.0174619212781553
13.752541478160063,0.9540648685388818,0.22511657054860623,1.0670549501586621,1.0491821127913346
13.76439216245673,0.9568023146476536,0.2365933378383416,1.0668460239229371,1.0815929354679295
13.777119712778775,0.9598825805691964,0.24714862714529523,1.0661925272739818,1.1142184901459529
13.790861489175299,0.9633466062204477,0.25671362114561325,1.0650130549251016,1.1464628180873475
13.80578117170509,0.9672423743219531,0.265213813484135,1.063214792917818,1.1776016161735876
13.82207657834528,0.971626579511224,0.2725665916998115,1.0606932138918346,1.2067821174624276
13.839990782848693,0.976566958429379,0.2786779406261555,1.057331974224854,1.2330333273922949
13.859826450486688,0.9821450925604013,0.28343738561414994,1.053003275312626,1.25528702422337
13.881957936449966,0.9884577688254117,0.28671057360792296,1.0475707999087172,1.27240951438672
13.906817181102037,0.9956093463396388,0.28833250116439424,1.0409038324726738,1.2832567456689612
13.934799646719762,1.0036790301657113,0.2881178542302125,1.032921922053584,1.2868180655982546
13.966142740230225,1.0126796721928688,0.2859117107204779,1.023654579286798,1.2825401825755878
14.001274169992742,1.0226532277554305,0.28159562446979,1.013149396748412,1.270486487107583
14.042131058214853,1.0340250855602662,0.2748056383335234,1.0010844627469306,1.2504561055217036
14.085131582305353,1.045661618430102,0.26621938932975325,0.9888154909508495,1.225686254252812
14.128132106395853,1.0569058429881384,0.2566243752039377,0.9771418849927921,1.199467371212845
14.168112215886145,1.066976690837443,0.2470880726588974,0.9668885386705351,1.1750514310301974
14.207176446168365,1.0764404271876278,0.2373815444981444,0.9574484345318545,1.151815170131748
14.246182891041204,1.0855064543318729,0.22743155373300208,0.9485891937310987,1.1295664217484123
14.285540756891814,1.094257204317934,0.2172222924656618,0.9402083045836865,1.1082515943420026
14.325508111009036,1.1027299744327153,0.20674914415934506,0.9322479795420302,1.0878369005456843
14.366272218611527,1.1109391453027568,0.196009270406644,0.9246723236213844,1.0682897694664149
14.407983098295304,1.1188852501398527,0.1849984575288222,0.9174581214744093,1.049575635348948
14.450770548868162,1.1265592922484828,0.17370977499366028,0.9105904597681,1.03165831029821
14.494754220704026,1.1339449572888756,0.16213281035662494,0.9040604361800115,1.0145010470829845
14.54005048369655,1.1410197319626558,0.15025305716877552,0.8978639084891571,0.9980675223860758
14.586777828984669,1.1477553607447382,0.13805127729022676,0.8920008335467108,0.9823225633146242
14.635061735738432,1.154117825600336,0.12550274116492163,0.8864749930441391,0.9672326195578869
14.685039582812816,1.1600669084269575,0.1125762759989596,0.8812940219266322,0.9527660373935026
14.736866016639707,1.1655553162429257,0.09923305871152258,0.876469724302661,0.938893208390743
14.790719068745842,1.1705272824488062,0.08542509745452359,0.8720187136860731,0.9255866785933075
14.846807122113825,1.1749164880631575,0.0710933778822879,0.8679634663527062,0.9128213338240312
14.905376321176579,1.1786430718183214,0.056165764938432755,0.8643339380017817,0.9005748494136275
14.966716674109541,1.1816094451088197,0.04055508461247648,0.8611699620732461,0.8888287520073496
15.0311617794833,1.18369472095131,0.024158662929423712,0.858524676879159,0.8775707463994886
15.099070319040276,1.1847481929229295,0.006862397998432551,0.8564690273390109,0.8667993553084339
15.170771552761297,1.184584228875377,-0.011445817348427558,0.8550964288204413,0.856531353138778
15.249693409863415,1.182883103925112,-0.031679709911082814,0.8545203804962698,0.8464188984544843
15.349991479767144,1.1784097612435955,-0.05755357296531643,0.855196430413025,0.8351811581136832
15.450289549670874,1.1713313013259832,-0.08362903205541153,0.8574637559893803,0.8255462579201279
15.547273542799566,1.1619903570536376,-0.10902698333136893,0.8612083100934643,0.8175660061918409
15.654386481570373,1.1488028650631388,-0.13722482984645357,0.8671931556944777,0.8100643892251056
15.739338641377357,1.1361944901999834,-0.15960071307283405,0.8733957953046357,0.8049299716417381
15.82429080118434,1.1216898370967257,-0.18183880017533602,0.8809708619288472,0.8003502659043061
15.901064599445247,1.1069670249678751,-0.2016307952064031,0.8890787120565967,0.7965219877647005
15.972076264681549,1.0920126674334785,-0.21944760680152903,0.8977238933902637,0.7930607604456449
16.039248972920113,1.0767251141551744,-0.23557665812126194,0.9069930702772744,0.7896434355875711
16.103642337248164,1.061084610138492,-0.24999258943819663,0.916954836262706,0.7859681074778215
16.165945624658782,1.0451122076290236,-0.26243459743851094,0.9276810381813207,0.7816846356998562
16.22644621187095,1.0289219660811064,-0.2723328921632009,0.9392132586597511,0.7763576663677925
16.27400435605664,1.0158297261488731,-0.2778362654829263,0.9491197639607715,0.7709196997967586
16.31342515014036,1.0048230904935396,-0.28018332222788017,0.9579388790778103,0.7652247483464452
16.346721440877143,0.9954907558148239,-0.27999230930336216,0.965846698355243,0.7593190497001749
16.37533279896796,0.9875072820277648,-0.277692587445585,0.9729968185661125,0.7532662358631622
16.400238109167567,0.9806377192828758,-0.27359233756944923,0.9794999287146952,0.7471554801472335
16.422163867373065,0.9746972022813775,-0.26792248608257707,0.9854469546110581,0.7410831932366797
16.44165942798473,0.9695393049732705,-0.2608612110087693,0.990912413617545,0.7351492862180752
16.459150320078656,0.965046303697575,-0.25254951278127286,0.9959583683819948,0.729453522178972
16.47664121217258,0.9607177935146687,-0.24198504856197814,1.0011367273975225,0.7235219432937885
16.492463271619076,0.9569797899746894,-0.23012385005771765,1.0059302889488346,0.7181232210463893
16.5067372678471,0.9537843736312116,-0.21722928941700806,1.0103373390929642,0.7134339213303147
16.519734349320938,0.9510484818982466,-0.20342382287182417,1.0144105466280566,0.70954257600831
16.53167658724701,0.9487044920549177,-0.1888078210586861,1.0181955593982284,0.7065244508422597
16.542740639807942,0.9466986957906145,-0.17347377433190272,1.0217296607174993,0.7044465910009414
16.553067922328456,0.9449882042978216,-0.15751207437960316,1.0250431632665873,0.7033685181901544
16.56277193987363,0.9435385620069313,-0.14101580743830172,1.0281604764753967,0.7033420438154194
16.571943239389295,0.942321913111165,-0.12408535485602751,1.0311008142179705,0.704410031705889
16.580652580735432,0.9413155286159568,-0.1068330125243668,1.0338786276774112,0.7066037208917486
16.588952721128248,0.9405005499111139,-0.08938764346338361,1.0365038342935167,0.7099381931731413
16.59687907382558,0.9398608407712677,-0.07189919618537084,1.03898190600044,0.714405615476323
16.604449390532384,0.9393818711496129,-0.05454284207488809,1.0413138681682297,0.7199660128940052
16.611662398683322,0.9390495884582599,-0.03752284297558299,1.0434962080054642,0.7265354005206329
16.618494695470364,0.9388492533005257,-0.021077856868285866,1.045520515796833,0.7339705346192986
16.62489331452034,0.9387641739555713,-0.005494278361283704,1.0473721714676039,0.7420464951442625
16.63075482603444,0.9387739956986783,0.008849556388953574,1.0490256803750415,0.7504109826545603
16.63605051733925,0.9388551637258504,0.021797947043054294,1.0504803990416178,0.758769510686227
16.64192733232322,0.9390253032164338,0.03608325415967387,1.0520467860759226,0.7689326218972505
16.64826328481075,0.9393022586930541,0.05130117863572182,1.0536736306517576,0.7809181442355344
16.65498539067859,0.9397005526530183,0.0671410070546597,1.0553228142601294,0.7947624111567254
16.66205026728721,0.9402324333610671,0.08334536885764648,1.0569632625081415,0.8104986232184247
16.669435061166553,0.9409086885526469,0.09969428920898872,1.0585678605309197,0.8281471762200019
16.67713341408163,0.9417394435843944,0.11599986671514706,1.0601116824020902,0.8477126997669518
16.685153289591504,0.9427349469277388,0.13210334878024765,1.0615705985069541,0.8691829095433238
16.6935155288197,0.9439063000201547,0.147871856342744,1.0629199457663154,0.89252662882917
16.702252814217903,0.9452661022479968,0.1631943187027088,1.0641331845823037,0.9176896270255573
16.711409021063083,0.9468290114099537,0.1779770005739168,1.065180545786696,0.9445877505849114
16.721039012080926,0.9486122423323037,0.19213909916045113,1.066027684857963,0.973097287835074
16.731208928910558,0.9506360364339637,0.2056087232725826,1.0666343583582039,1.0030427592277373
16.741997028172122,0.9529241375280253,0.21831937904822168,1.0669531404540118,1.0341825293680955
16.753495128781065,0.9555043106860198,0.23020695809427333,1.0669282102354927,1.0661929305304905
16.76581079321051,0.9584089478466277,0.2412071540416026,1.0664942591439326,1.0986520438081218
16.77907047059529,0.9616758220163049,0.25125319375616834,1.0655755821610755,1.1310249029325599
16.79342399927098,0.9653490867779239,0.26027372203303534,1.0640854114660603,1.1626525538328878
16.809051107429763,0.9694806697519597,0.26819058277902297,1.0619255118998336,1.192747849915891
16.82617078056035,0.9741322476419545,0.27491604916062445,1.058985996836386,1.2204006320723921
16.845054132826917,0.9793778695355312,0.2803487639848589,1.0551453901761805,1.2445936277400291
16.86603894348148,0.9853064621850055,0.2843675031492466,1.0502717924767904,1.2642287270702355
16.88953365259296,0.9920202269049555,0.2868232337172065,1.044229622372471,1.278166981557101
16.91597139656122,0.9996168603847689,0.2875375399066125,1.0369060121004063,1.2853145184012984
16.945676768736373,1.0081449637454778,0.28633202040384953,1.0282711096437809,1.2848514672122573
16.978903082757153,1.0176094675025569,0.2830779784536438,1.0183877168521345,1.2765578489589484
17.01660096905971,1.0281826086169163,0.27759308686124123,1.0071851295332859,1.2605527249576858
17.062744628748064,1.0408010847973357,0.26905069984536556,0.993820294944689,1.2355307794108439
17.103540217776633,1.0516025407144276,0.260343060518551,0.9825163701708234,1.2111254292494489
17.144335806805202,1.0620328096207263,0.25089892130623004,0.9717899055880325,1.1861961252620818
17.183724465857917,1.0717276027902485,0.2412998476105712,0.9620171720702969,1.1624859174536657
17.22273701489934,1.0809505298515465,0.2314759892285972,0.9529089380294333,1.1398152170790676
17.26193247163093,1.0898263272770545,0.22139526841066698,0.9443197946063316,1.1180943133408363
17.301626272959226,1.0984093723998178,0.2110499638370255,0.9361751825303061,1.09728523721369
17.342034230613685,1.106723243286112,0.2004371056593696,0.92843050034085,1.0773562813646251
17.38332191024674,1.114774220665563,0.1895534087519814,0.92105731701849,1.058274338391116
17.42562775218185,1.1225573502921242,0.178393336549101,0.9140372285735057,1.0400042302500931
17.46907582107749,1.130059466855512,0.16694815020879852,0.9073587687151135,1.022509632876088
17.51378393693737,1.1372607503104362,0.15520525770991464,0.9010157462096425,1.0057541560765921
17.55986965577213,1.1441354565532136,0.1431476023487752,0.8950063434238779,0.9897022094773146
17.60745533439669,1.150652101157719,0.13075296662876976,0.8893326798241104,0.974319599146315
17.656672994249263,1.1567732057856002,0.11799311330757857,0.8840007096599171,0.9595738949187509
17.7076694618064,1.16245462078523,0.10483269896386276,0.8790204103804922,0.9454346367210641
17.760612129725974,1.1676443667678431,0.09122790111029744,0.8744062761645557,0.9318734606535831
17.815695531507647,1.172280870550152,0.07712471893780938,0.8701781820143333,0.9188642464588385
17.873148576015133,1.1762903978577472,0.06245698086709567,0.8663627408028111,0.9063834398242336
17.93324136069344,1.1795834179383544,0.04714431695239478,0.8629953424414648,0.8944108218552117
17.996288101905204,1.1820496464479242,0.03109095979184928,0.8601231191271111,0.8829312432456407
18.062637277707456,1.183551859445119,0.01418766195269968,0.8578090100177721,0.871938251949042
18.132631097623452,1.1839199214666258,-0.0036785370504421253,0.8561365276756805,0.8614407644823708
18.206522842864906,1.1829493940627505,-0.022603193753136564,0.8552130585692818,0.8514711352473957
18.307084487778113,1.1793757252542314,-0.048501503887507805,0.8553343638372459,0.8395520398169976
18.40350220381699,1.1734948939373988,-0.07351636155075922,0.8569485748985445,0.829713354383122
18.49991991985587,1.165193199273877,-0.09871566526765709,0.8600575884701008,0.8212440123583881
18.601204393276724,1.15384715336196,-0.12534932858237852,0.8649899357261513,0.8136311642339724
18.69298857158723,1.141231581870966,-0.14954706736013884,0.8710067688827425,0.8076967572561458
18.77305302069621,1.128414828838857,-0.17059257523886787,0.8775274268912711,0.8031252719088867
18.85311746980519,1.1139204939838208,-0.19142120390924094,0.8853108638363796,0.7989632952136687
18.926795179392244,1.099122399886221,-0.21019218795419284,0.8936671652287599,0.7953258343817529
18.99581139135968,1.084025537750625,-0.22717129406756373,0.9026106375167581,0.7918898111003375
19.0615568451642,1.0685814129174602,-0.2424668370422565,0.9122128234809429,0.7883520197620566
19.12488417418087,1.0527920924724652,-0.2559361817180909,0.9225428487593368,0.7843918963022332
19.18633177325435,1.0367086422507499,-0.26718037172113396,0.9336689029840288,0.7796166178350454
19.23892637425933,1.02244952543852,-0.2746388869198932,0.9441314375128942,0.7743545870034746
19.28235640240189,1.0104277246786086,-0.27857498414501886,0.9534797370879525,0.7688032125478006
19.318696118642066,1.0002772262497437,-0.27967788810072614,0.9618316100077523,0.7630188893159886
19.349668627794564,0.9916277390779449,-0.2784665236756672,0.9693551191388198,0.7570538596904524
19.37646054134513,0.9842044460376772,-0.27530429694356245,0.9761793377573003,0.750985087888611
19.399917413723742,0.9777992217632216,-0.2704586494411109,0.9824042324542397,0.7449050512082402
19.42067249617188,0.9722477803859153,-0.26413298162061444,0.9881117524596487,0.7389118157230377
19.439210769987845,0.9674188732946669,-0.25648627699431337,0.9933696962774156,0.7331051392175298
19.457749043803812,0.9627523153743143,-0.2465452588119605,0.9987774767994355,0.7269643153799089
19.47274379103268,0.959128294741474,-0.23650139912704296,1.003258072114446,0.7218764677234928
19.48773853826155,0.9556702727024258,-0.22435282803945578,1.0078286560906864,0.7168543953255395
19.501476062264967,0.9526767661549632,-0.2111007201931709,1.0120881459995934,0.7125209449658751
19.51404276072928,0.9501105783505471,-0.19697328356899182,1.0160369990957252,0.709014270089215
19.525632106117335,0.9479123163775302,-0.18207412391751757,1.0197144943559078,0.7064089006335829
19.5364046944377,0.9460332817523917,-0.16649479305614215,1.0231546177278297,0.7047689289637507
19.54648965629687,0.9444344100493325,-0.150326389253565,1.0263850206072087,0.7041508300050514
19.555990530801214,0.9430842289373548,-0.13366459419804802,1.0294278050737637,0.7046029729737462
19.564989388806048,0.941957204053954,-0.11661428495011189,1.032300096978824,0.7061638181365354
19.57354937799869,0.9410323746995779,-0.09929417251000602,1.0350143822022018,0.708858494860043
19.581716004519503,0.9402921553346568,-0.08184141981272325,1.0375786678515408,0.7126933592529516
19.589517366633366,0.9397212085420665,-0.06441601455241072,1.0399965283211572,0.717648208296537
19.59696342208696,0.9393053267429123,-0.047204716777946854,1.0422670736208772,0.7236659638017389
19.604044031810275,0.9390302906398638,-0.030425143312825764,1.044384786912267,0.730639556270987
19.610724524672033,0.9388806767084238,-0.0143331418430769,1.0463389022917782,0.7383944769474583
19.616934424795556,0.9388384784399229,0.0007555360967512349,1.0481111723639585,0.7466599656617078
19.622532602986958,0.9388808705375946,0.01438819535328075,1.0496676799968894,0.7549984042355734
19.628127239054106,0.9389993981368026,0.027971280842981505,1.0511799300213363,0.7641745942866046
19.634241257110684,0.9392154987853341,0.042690583728035636,1.052778207936366,0.7751574099670319
19.64077860066063,0.9395454149495002,0.05819399985192068,1.0544183841087982,0.7879776574307417
19.647680990701215,0.9400025710191656,0.07419840833937062,1.0560659474539456,0.802671640908956
19.654914789285744,0.9405984828021343,0.09046455585152433,1.0576917809729862,0.8192668376728118
19.66246477963458,0.9413435575214352,0.10678748269650325,1.059269848668512,0.8377760284207342
19.670331179037056,0.9422478912701798,0.12299286299258427,1.0607756583529437,0.8581955518859096
19.678527859539795,0.9433220354406298,0.13893408984026737,1.0621849162084207,0.8805039995862637
19.687081095463515,0.9445776909193644,0.15448864134004406,1.0634721936808949,0.9046593516048247
19.69602869157727,0.9460283138547859,0.16955378305685545,1.0646095790317673,0.9305936239047823
19.705419522037534,0.9476896447324913,0.1840420862986964,1.0655653277964108,0.9582047515972766
19.715313539015284,0.9495801893061443,0.19787717921551637,1.0663025290827453,0.9873457845802313
19.72578230048749,0.9517216858620479,0.21098995414589855,1.0667778032052362,1.0178116838091762
19.736910069951826,0.9541395946105802,0.22331529024079372,1.066940053529364,1.049324239923232
19.748795575306083,0.9568636482334242,0.23478925031507594,1.0667293115102894,1.081515997608157
19.761554590822886,0.9599285138628962,0.24534665842803038,1.0660757317666378,1.1139146015444457
19.775323638476245,0.9633746418311221,0.2549189256889473,1.0648988012341025,1.1459296352578963
19.790265307679203,0.9672494195841254,0.26343192743918675,1.063106806810443,1.1768446237721626
19.80657594773783,0.971608801721542,0.2708036013841343,1.0605965513761497,1.205817057891377
19.824496602646818,0.9765195836799223,0.2769406961218438,1.0572532722310282,1.2318885908408201
19.844327170583348,0.9820621536493372,0.2817338145486638,1.0529510006674039,1.2540058507557696
19.866438791588724,0.9883319579227443,0.2850501392497553,1.0475553137838716,1.2710518457262003
19.891262308768415,0.9954327023286557,0.286726541052795,1.0409364421508627,1.2818994606480627
19.91920217370187,1.0034461502131646,0.2865782537960282,1.0330109142289519,1.2855471116335713
19.950517400797573,1.0123917406337721,0.28444599374226603,1.0237997820864255,1.2814253276345375
19.98564123547976,1.0223130001988023,0.280205042643762,1.0133466374938216,1.2695642282584145
20.026453318104426,1.0336173805440663,0.2734993118156408,1.001346380911068,1.2497714228631094
20.06960499925064,1.0452393365070118,0.2649509685398725,0.9890823333161219,1.2251134263961332
20.112756680396853,1.0564688586976652,0.2553770013234606,0.9774117844019251,1.1989694181098167
20.152829534934842,1.0665135086618098,0.2458605452016723,0.9671728638484375,1.1746308001507644
20.19197369128091,1.0759488662190702,0.23616872301098235,0.9577484944782594,1.1514619848375849
20.2310549147134,1.0849850898368605,0.22622883193390092,0.948905401923213,1.1292722637221686
20.270485318045118,1.0937046764791007,0.21602552874043604,0.9405409571125026,1.1080095562802479
20.310524701194243,1.1021448540073937,0.20555446778252132,0.9325973991032303,1.0876412152215345
20.351361600160477,1.110319875893651,0.19481294293388926,0.9250389123858513,1.0681355463378466
20.39314711146601,1.1182301092285385,0.18379676836898842,0.9178423895655581,1.0494586753660125
20.436012051497258,1.12586635481056,0.172498955351217,0.9109930475267507,1.0315749712772775
20.480077109311836,1.1332120552781562,0.16090895537251668,0.9044821370515477,1.0144481426282352
20.52545977591298,1.14024440534257,0.14901204925797584,0.898305696206599,0.9980422442113657
20.57227980071094,1.1469347959326253,0.13678870528472054,0.89246389657483,0.9823224209302587
20.620664112889443,1.1532487763219663,0.12421381073561004,0.886960779592869,0.9672553940149907
20.670751789186454,1.1591455922689262,0.11125570767027672,0.8818042999241374,0.9528097481099426
20.72269947481889,1.1645772775977623,0.09787497159362026,0.8770066625749539,0.9389560948439035
20.77668753213495,1.1694872089634818,0.08402288190950732,0.8725849934901351,0.9256672032100509
20.832926963708648,1.1738079636276182,0.06963957398374658,0.868562436546812,0.9129182209670165
20.89166656776122,1.1774582471021056,0.054651999281861596,0.8649698322283041,0.900687193016006
20.953198231833237,1.1803386167521415,0.03897220832511264,0.8618481991650336,0.8889562608336844
21.01785446292922,1.1823258657093476,0.02249745586658288,0.8592522529532806,0.8777142692535346
21.085984381503707,1.1832667002593231,0.005115720480571625,0.8572549343311558,0.8669619616202473
21.15788594481938,1.182973656816263,-0.013277330552427788,0.8559517834966477,0.8567205079100098
21.239479543552832,1.1810358809856991,-0.034238883536022974,0.8554613297764685,0.8463442850166775
21.338617149476566,1.1763726588525292,-0.059868573879721276,0.8562755860159763,0.8353343426503783
21.4377547554003,1.1691589283888824,-0.08569377383174379,0.8586538522609731,0.8258781918880126
21.535039349163192,1.159582170374583,-0.1112135374786345,0.8625490074668898,0.8179219709963665
21.643586997671303,1.1459582433270123,-0.139821422630881,0.8688013841879688,0.8103686503185641
21.727321993328196,1.1333262167646547,-0.16187990296801832,0.8750756709631746,0.8053295474490911
21.81105698898509,1.118852718211068,-0.18377428795493986,0.882697889036857,0.8008091555178084
21.887112362710926,1.1041294511550068,-0.20332438138364717,0.89086996455542,0.7969841257431172
21.957666519268003,1.0891590713989825,-0.22093189459059168,0.8995930088975017,0.793487050564233
22.024511282932068,1.0738540572119168,-0.23683786777138388,0.9089497322647562,0.7899975927638605
22.088659611225978,1.058200316521865,-0.25098555260810507,0.9190091083328991,0.7862070244290923
22.150766507617096,1.0422268973977606,-0.2630750792550483,0.9298423877181389,0.7817522511302928
22.21095264429907,1.0260967004068424,-0.2724647771947133,0.9414608897529089,0.7761943920719754
22.256644101246053,1.0135277996854894,-0.2772950597586247,0.9510829859934424,0.7707274374181905
22.294749378145138,1.0029189997291796,-0.2791256820566712,0.9596793307986673,0.7650122535672857
22.32706998324692,0.9939010730108565,-0.27851968719513565,0.9674053640391356,0.7591044183106761
22.3549349400082,0.9861717433030373,-0.2758755511636787,0.9744040128143634,0.7530708870340119
22.379259074051056,0.9795102779918102,-0.27148251331626805,0.9807797093788416,0.7470015923048171
22.400725582220502,0.9737422331074188,-0.26555892478468124,0.9866185506238785,0.7409929859475859
22.419854318648557,0.9687287600937122,-0.258274361411349,0.9919914809136408,0.7351443926228546
22.437049948405175,0.9643578218728516,-0.24976380713614693,0.9969578222750384,0.7295546403144862
22.454245578161792,0.9601518296846316,-0.2390247784880786,1.0020504318924417,0.7237748723081288
22.469828761572273,0.956517573357017,-0.22701760844266372,1.0067693889122957,0.718549577860792
22.483916678159936,0.9534084891013397,-0.21399869925225073,1.011113693206811,0.7140484383760024
22.496768831387975,0.9507453404475454,-0.2000874297694246,1.0151337689323945,0.7103580177776528
22.508598236583207,0.9484635226867398,-0.1853826571557664,1.0188733386677937,0.7075521910647596
22.51957474590762,0.9465116208934719,-0.16997637371253765,1.0223681390803943,0.7056967900968409
22.529834507694495,0.9448485086684626,-0.15395933119829328,1.0256472030063444,0.7048501503024112
22.539486783451466,0.9434410962033093,-0.13742577897267275,1.0287338385417333,0.7050627306502008
22.548618525480723,0.942262584317522,-0.12047805537893305,1.031646271757686,0.7063756147272232
22.55729726095412,0.9412910456269388,-0.10323121056095248,1.0343980317818369,0.7088174960633872
22.565572645628976,0.9405081974678671,-0.0858176396242208,1.0369981465539242,0.7123997353907043
22.57347692759117,0.9398982650949744,-0.06839153041386531,1.0394512110822374,0.7171091400833904
22.58102444304449,0.9394468650138244,-0.05113289818859643,1.041757374433036,0.7228982512522811
22.588210000457345,0.9391398702035435,-0.03425148929541197,1.0439122240793506,0.729672941781068
22.595005233527477,0.9389622339454843,-0.017992822826805283,1.0459063311653276,0.7372762949430336
22.601349649172878,0.9388966812252327,-0.0026546436749138973,1.047723592040672,0.7454637502670662
22.607124454562474,0.9389218037200071,0.011356879785959175,1.049335271521316,0.753848213584286
22.612587845935927,0.9390200212303554,0.02458861750186501,1.050818630727855,0.7626031270219341
22.618603432354156,0.9392115227056711,0.039055687138115074,1.0524006672568353,0.7731620755655757
22.62506214777919,0.939513405645145,0.05438197194400701,1.0540337624394285,0.7855497964736542
22.63189803337124,0.9399396856101635,0.07027121195945621,1.0556815268612443,0.7998024124643843
22.63907226152454,0.9405022717760251,0.08647530966586828,1.0573137684528011,0.8159498443918289
22.64656552734416,0.9412117724668959,0.10278181399092431,1.0589038164296123,0.8340080804164148
22.654374547174257,0.9420782942414977,0.11900954120199367,1.060426876135304,0.8539768480787455
22.66251008119935,0.9431122202470504,0.13500571381322557,1.0618586634737888,0.875838417579422
22.670995577839413,0.9443249244786647,0.1506425340783226,1.063174074652767,0.8995552098138841
22.679866209197407,0.945729398522505,0.16581301390002057,1.0643458412661322,0.9250650673789813
22.689168304944015,0.9473407966323507,0.18042650126564577,1.0653431807735843,0.9522737931971587
22.698959243113375,0.9491769248088872,0.19440435575160184,1.066130460202258,0.9810449727810676
22.70930784988839,0.9512587076607127,0.2076760432807839,1.0666658886542095,1.0111873277925294
22.720295358242826,0.953610668632397,0.22017574249799632,1.0669002591004944,1.0424400660825661
22.73201700161547,0.9562614614595004,0.23183944028933476,1.0667757742988784,1.074457019193162
22.744584384707625,0.9592444995817438,0.24260243275654925,1.066225009790026,1.1067908496540704
22.75812889129743,0.9625987515215695,0.252397108605001,1.0651700776429913,1.1388792424008243
22.772806574526914,0.9663698088987919,0.26115083696362057,1.0635220423178289,1.1700356239006922
22.78880522348831,0.9706113860390072,0.2687836680428916,1.0611805926478448,1.1994472650727563
22.80635448259165,0.9753874310338116,0.2752053414572648,1.058033922157623,1.2261831543392927
22.825739392824655,0.980774817451009,0.2803108057715145,1.0539589278829256,1.2492125019072908
22.847314196757626,0.9868654314013577,0.28397346472412693,1.0488230404632568,1.267433533716657
22.871499961153845,0.9937623936299302,0.28603754076317983,1.04249364199522,1.279719219544325
22.898720885652512,1.0015567821807323,0.28632074776268174,1.0348711965452297,1.2850243238784897
22.929271782485507,1.0102833159165905,0.28465237011896655,1.0259504315570571,1.2826517232495227
22.963484221489367,1.0199627607812816,0.28090697194885905,1.015788319716725,1.2725146228502628
23.002721623847197,1.0308708308662868,0.2748282595618926,1.0042116138900476,1.254615878317446
23.05210335167162,1.0442140428573834,0.2652960591584316,0.9901066925257748,1.2269649282411819
23.092295567461328,1.0547023182461546,0.2564829467341684,0.9791807132317008,1.2027285264250378
23.132487783251037,1.0648227629088116,0.2470315548257744,0.9688285419272895,1.1783087899571645
23.171728922926953,1.0743283027267234,0.23737928342278547,0.9592992776229589,1.154991448751266
23.210808599522327,1.0834123972609915,0.22748380733060813,0.9503766270528571,1.1326675226749796
23.250184530492795,1.0921702674619256,0.21732494592739443,0.9419451160230561,1.1112745105202113
23.290133734482733,1.100644250185672,0.20689764290864876,0.9339419922703689,1.0907790970464568
23.330853591915965,1.1088514379591983,0.19619926143486738,0.926328767408587,1.0711500848880013
23.372500087677636,1.1167940024902165,0.1852259784989701,0.9190807060945381,1.0523541696056664
23.415206778534127,1.124464029875602,0.1739712985246557,0.9121819225718741,1.0343560997214825
23.45909575403848,1.1318459737027813,0.1624252476442006,0.9056228504885725,1.0171197538464642
23.50428495041798,1.1389179001531673,0.15057375545543825,0.8993988703291513,1.000609188464673
23.550893782200287,1.145652018374446,0.13839802470038862,0.8935095807902237,0.9847894312356319
23.599048119772775,1.1520147083399745,0.12587378571162844,0.8879584835651629,0.969627009443676
23.648885235199018,1.157966119627064,0.1129703643076478,0.882752984232191,0.9550902680394163
23.700559143849205,1.1634593292639126,0.09964950144043097,0.8779046870264646,0.9411495517277529
23.754246634714377,1.168438978116647,0.08586387213525681,0.8734300158746708,0.9277773395953618
23.810154072937767,1.1728392360644908,0.07155528672025502,0.8693512468055266,0.914948451198675
23.868524532509543,1.1765808733357372,0.05665267742907224,0.8656980977999511,0.9026405169337028
23.92964342709338,1.1795671671580614,0.04107031952385627,0.8625100886526198,0.890835069123021
23.993837348592248,1.1816784753650147,0.024707628022788572,0.8598399094290622,0.8795199330650888
24.06145336558204,1.182765963568919,0.007453846039732599,0.8577578299286387,0.8686940748724016
24.132795841063103,1.1826470842937207,-0.010796208549510418,0.8563561950629267,0.8583759861684797
24.210316410538702,1.181039074886842,-0.0307054669280706,0.8557461647757032,0.8483302948088055
24.31128324262662,1.176623417886373,-0.056794293346902905,0.856371327892047,0.83687943329034
24.412250074714535,1.169563588267201,-0.08308418475775153,0.8586174073238492,0.8270671462764586
24.509073737988608,1.1602911330650572,-0.10847511044434377,0.8623323974428247,0.8190048835080931
24.61565238069013,1.1472340186753303,-0.1365627836321877,0.8682635846124028,0.8114395363170528
24.700880159579878,1.1346373208257634,-0.15902724954693123,0.874471341796167,0.8062104394716414
24.786107938469627,1.120131118461671,-0.18134173328717773,0.8820658268658965,0.8015407250642201
24.863006410048314,1.1054217203376135,-0.20115403016881378,0.8901902839668947,0.7976371119649983
24.93407483621888,1.0904897374002724,-0.2189544313809595,0.8988515032629056,0.794104234311309
25.001278845360172,1.0752296159678636,-0.23503637652535822,0.9081386564597198,0.7906116610797952
25.06569321123733,1.0596212407869832,-0.24936998700318946,0.9181214567057299,0.7868517460297159
25.12800558855929,1.043689078419551,-0.26168106425440835,0.9288709830165554,0.7824686374375813
25.18842563597665,1.0275718738299935,-0.27136929794865666,0.940412580776003,0.7770286628936922
25.235093420073746,1.0147768166230293,-0.2765719362506221,0.9501478561583969,0.7715916409780408
25.273920828881497,1.0039892426997388,-0.27870087457986414,0.9588369167239826,0.7659083692971879
25.306799145275853,0.9948255818999933,-0.2783431897010332,0.9666414557227537,0.760028277885495
25.335108551858486,0.9869749484355064,-0.27591157552096574,0.9737079799462007,0.7540150304106228
25.35979288840175,0.9802116488026085,-0.27170422695233254,0.9801426358081385,0.7479571348530325
25.381555790075122,0.9743573352864306,-0.2659456700544666,0.986033032760318,0.7419501807425888
25.400931403281103,0.9692702169762953,-0.2588098527217762,0.99145128058405,0.73609314047879
25.41833474959366,0.9648359734550715,-0.25043492237277254,0.9964576315222774,0.730484827888889
25.43573809590622,0.9605663628479817,-0.2398242664002793,1.0015934647401146,0.724668236268554
25.45149753823547,0.9568774865663318,-0.22793117096386012,1.0063508540598907,0.7193948265472392
25.465732197081525,0.9537222695286086,-0.21501482184924603,1.010728334034671,0.7148368697774538
25.478707605762796,0.9510197813395271,-0.20119631159914236,1.0147772072255015,0.7110819170454071
25.490641557265683,0.9487040508591471,-0.18657547105132033,1.0185419720485562,0.7082046515100383
25.501707567973764,0.9467226039426788,-0.1712447309202815,1.0220589997386478,0.706271658697886
25.512044668502867,0.9450334853933885,-0.1552948172535137,1.0253578566974277,0.7053420217469436
25.521764464442846,0.9436029525561747,-0.13881951425596523,1.028462316819834,0.7054670163488035
25.530955892213573,0.9424036933941922,-0.12192025690617825,1.031391029379692,0.7066887225279523
25.539688239678828,0.9414133851995848,-0.10471074676103381,1.0341579232651266,0.7090371592161471
25.548012808736868,0.940613455278788,-0.08732158667029302,1.0367724166448313,0.7125255278382222
25.555963469915007,0.9399879394515093,-0.06990475179087427,1.0392394944563355,0.7171432063044686
25.563556244312494,0.9395223654627557,-0.052637659076309955,1.041559702536122,0.7228462669549122
25.57078780626655,0.9392026204577826,-0.03572702960929045,1.0437290472763723,0.7295453389022295
25.577632095092856,0.9390137798549426,-0.019414526361679587,1.0457385944284694,0.7370899354464835
25.584032102741475,0.9389388196851934,-0.003991568189500949,1.0475729931970776,0.7452448581892087
25.589876326811762,0.9389568098268417,0.010150799659757353,1.0492051973297956,0.7536400546925195
25.595287085222967,0.9390471300186827,0.023226513028439373,1.0506756852466301,0.7622254393545878
25.60126524012221,0.9392289531715051,0.03758020790393426,1.0522503323050205,0.7726150386855378
25.60769558568721,0.9395197520269941,0.052824471587176146,1.053879863195938,0.7848300730888546
25.614508718352912,0.9399338017702882,0.06865730152332,1.05552702699551,0.7989061576523159
25.621663558056213,0.9404831883782054,0.08482694052734038,1.057161139910934,0.8148739701336792
25.629139066617164,0.9411786181516171,0.10111791586643705,1.0587552316133646,0.8327506260076273
25.63693049745993,0.9420302171667596,0.11734627682371464,1.0602843455302724,0.8525370433645082
25.64504732342684,0.943048313827187,0.13335672902668805,1.0617241616553008,0.8742167489829032
25.65351183528992,0.9442441610017431,0.1490192940406439,1.063049666851599,0.8977536559606336
25.662358139118744,0.9456305714768399,0.16422520169724786,1.0642338116999812,0.9230875783558874
25.671631547790213,0.9472224699784975,0.17888242989255254,1.065246161565126,0.9501270339522814
25.681388424279262,0.949037386075711,0.19291135608317195,1.0660515600550415,0.9787393251957891
25.69169652991178,0.9510959213367562,0.20624080962853375,1.0666088207094868,1.0087381305114387
25.702635926971293,0.9534222262834867,0.21880463223089144,1.0668694667020497,1.039869052601133
25.714300508070938,0.9560445246586766,0.2305387323908593,1.0667765518444317,1.0717938824157192
25.72680028643537,0.9589957305156965,0.24137855442737552,1.066263614182963,1.1040748116361545
25.74026469388214,0.9623142235651285,0.25125684277481414,1.0652538252551802,1.1361604469582733
25.754847311419535,0.9660448849434479,0.2601015297417493,1.063659388368093,1.1673761121765447
25.770732701609184,0.9702405471540987,0.2678334689964478,1.0613811950321776,1.1969212772844076
25.78814621183677,0.974964039445488,0.2743635339376708,1.0583086935867632,1.2238765689326856
25.807367226762068,0.9802908371684534,0.2795883117719489,1.0543200440605314,1.247221379624315
25.828743292586324,0.9863113149300379,0.2833835718198834,1.049283671105249,1.2658617153218563
25.852690633878506,0.9931279402150337,0.28559650129934855,1.0430664810422383,1.278673494592229
25.879638883608806,1.0008346188769306,0.2860464704351566,1.0355637978191254,1.2846000906084547
25.909899963714448,1.0094728292444761,0.28455900445981386,1.0267594816285552,1.2829005153677369
25.943781125973338,1.0190586729504092,0.2810056525121469,1.0167110470541598,1.2734344266749655
25.982485408441825,1.029826841950902,0.2751580424057972,1.0052855291393674,1.2562478526342604
26.030728954857267,1.04288744700851,0.2660024960821237,0.9914644949496665,1.2295933934099024
26.071142975036764,1.0534633383930232,0.25724096834526944,0.9804246628775494,1.205345233300917
26.11155699521626,1.0636706908448796,0.24780560395668874,0.9699588909426178,1.1807972543591294
26.15087506605821,1.0732258807635515,0.238180025303082,0.9603561664008101,1.1573797889125514
26.18996095550223,1.082343341864227,0.2283146055898465,0.9513784109464386,1.1349655412877333
26.229304840890844,1.091127392886241,0.21818594603923416,0.9429009262749093,1.113485032734915
26.26919673558963,1.0996241799532986,0.20778835996586417,0.9348572207857107,1.0929041991035742
26.309840528180544,1.107852849739186,0.19711921953047268,0.9272068618421,1.0731921546171075
26.351395780327657,1.11581685786638,0.18617493224993656,0.9199239486610522,1.0543160013887467
26.39399806228981,1.1235091914925268,0.17494932812994388,0.9129918167523796,1.0362407728601453
26.43777051970501,1.1309150034719921,0.16343281513335325,0.9064003296138927,1.0189304873509766
26.48283147497057,1.1380129552242475,0.15161175368498428,0.9001444141468165,1.0023492216181524
26.529300191991886,1.1447758082688386,0.1394678329691458,0.8942232783056516,0.9864619379773492
26.577301900817695,1.1511704975297345,0.1269773399766035,0.8886400596971051,0.9712350423795775
26.62697273520997,1.157157770981784,0.114110248245906,0.8834017974057369,0.9566367245629603
26.67846502587997,1.1626913912497367,0.10082906430151613,0.8785196985167627,0.9426371539035954
26.731953254426834,1.1677168251929126,0.0870873785779016,0.8740097266982854,0.9292086183639191
26.787640773912063,1.1721692786339997,0.07282809989600202,0.8698935927975069,0.9163257223135076
26.845766914283786,1.1759708607368144,0.05798146268121945,0.8662002874408037,0.9039658280149797
26.906612799506288,1.1790266102553744,0.04246321648825889,0.8629683622362989,0.892110080030878
26.97050096445596,1.1812191976260809,0.026174241229886305,0.8602491992263449,0.8807456612975567
27.037776708415496,1.182402703025618,0.009004720937966924,0.8581113348680962,0.8698704137931557
27.108748228981362,1.18239784305896,-0.009150980441735942,0.8566450101842968,0.8595010626359861
27.183669803709016,1.180992076998121,-0.028389633204251388,0.855963438410764,0.849670513225594
27.286218556148462,1.176724201486292,-0.05487925836552661,0.8564654419971699,0.8378820424321508
27.38874763930858,1.1697309976506935,-0.08156977020809629,0.8586385044274671,0.8278033840445993
27.485357668780757,1.160628200471958,-0.10690105271622416,0.8622525369438715,0.8196730836052872
27.590888582410415,1.1478801911319194,-0.13471227447925754,0.8680089076214355,0.8120942422822519
27.677023088161775,1.1352983370634453,-0.1574225923195249,0.8741819998926035,0.8067491004104147
27.75441174133002,1.1223293736886157,-0.17771116149336388,0.8809290982681436,0.8024499601268787
27.831800394498266,1.107799847874962,-0.19771902667728383,0.8888877218144201,0.798473101413967
27.90370482552463,1.092928108543908,-0.21583448163560237,0.8974450269312058,0.7948905374814791
27.971507455744856,1.077733926901877,-0.23221034204417149,0.9066181572140602,0.791400988245181
28.036363620354127,1.0621920714523496,-0.2468558441593594,0.9164752109171048,0.7876994061969156
28.099015351759107,1.0463195619775327,-0.25953958286204676,0.9270868136903975,0.7834415878646993
28.159802636840006,1.030220159068718,-0.26972889669318906,0.9384974079182382,0.7782045519624926
28.208229378255844,1.0170061326836757,-0.27559680556978755,0.9484431964586273,0.7728164747786432
28.248362483702707,1.0058842758541129,-0.2782549275432508,0.9573077641697135,0.7671816163149171
28.28223737607765,0.9964505571307569,-0.27833299356307384,0.9652593712172952,0.7613416063299729
28.31133300198312,0.9883767914430345,-0.2762710553109735,0.9724519253870216,0.7553543930230519
28.336648405564926,0.98142740959688,-0.27238425284044143,0.9789951614745556,0.7493061981416727
28.358925894578956,0.9754163528261016,-0.2669086786508346,0.9849798160867106,0.7432912487427533
28.378726379259845,0.9701960907353375,-0.2600263818952632,0.9904803723779895,0.7374080366977468
28.396484106591366,0.9656478956514597,-0.25188131866110414,0.9955589526301488,0.7317554649112579
28.414241833922887,0.9612637186396874,-0.24148578060284712,1.0007728440790464,0.7258602514226371
28.430299353380892,0.9574768415297052,-0.22978183652504,1.0055992946846155,0.7204881045473917
28.444779289485947,0.9542392120031975,-0.21703401368402217,1.0100360129269592,0.7158162827831682
28.457958202378638,0.9514667072652379,-0.20336653856350106,1.014136000427136,0.7119341039254286
28.4700625662744,0.9490907971710365,-0.18888101035527124,1.0179452425725417,0.7089176533289963
28.481272506678227,0.947057036155126,-0.17367066858883448,1.0215013171673428,0.7068348044507862
28.491732217382697,0.9453219344493401,-0.157826228313067,1.0248347972381404,0.7057459043753465
28.501557477641526,0.9438505453695808,-0.1414406945409143,1.0279703286809552,0.7057036032572638
28.510840739417528,0.9426146132389965,-0.12461396194836458,1.0309273470986136,0.7067516628631074
28.519654400459896,0.941591088019015,-0.10745742082825244,1.0337205189663132,0.7089223558368473
28.528052667830686,0.9407608614720122,-0.09009859462704249,1.0363599780549158,0.712232040455086
28.536072279386975,0.940107615682349,-0.0726856524122368,1.0388514203755292,0.7166745375229246
28.543732240785477,0.9396167059527952,-0.055391548088985845,1.0411961104014094,0.7222120599351263
28.551032529281656,0.9392740323003401,-0.03841785037385251,1.0433908031205577,0.7287635320058077
28.55795112389491,0.9390648765764258,-0.02199979865384173,1.0454274230218557,0.7361896409655697
28.56443695646912,0.9389726462956475,-0.0064186464700524,1.0472918658879562,0.7442711774463383
28.569732311165446,0.9389725000561935,0.006367872758738326,1.0487775837570075,0.7516917598223218
28.574931535226877,0.9390382542983772,0.018921373636989928,1.0502008462282932,0.7597037336374719
28.580752608631737,0.9391891613522684,0.0329097664252209,1.0517485435655225,0.769525939395475
28.58705696070451,0.939443995753098,0.047899388346225036,1.0533649819885398,0.7811644418810987
28.593762807108654,0.9398179171261541,0.06356594677351478,1.0550097687004372,0.7946523309734245
28.600821313481624,0.9403236202526765,0.07964428140703357,1.0566505235909311,0.8100230315134674
28.608205612266904,0.9409721666332582,0.0959083223895243,1.058259289217207,0.8272981482333217
28.615906065727447,0.9417737838035236,0.11216458181630648,1.059810599046159,0.8464835627865677
28.623927825216008,0.9427386579247785,0.12824910365319916,1.0612800446046478,0.8675681157545967
28.63228926746464,0.943877679356251,0.14402437158190795,1.0626429434879954,0.8905218831000361
28.641020871919466,0.9452031065729984,0.15937541855863865,1.0638730013483197,0.9152924772264225
28.65016448106943,0.9467291426635249,0.1742054270333579,1.0649409633248808,0.9417987192575744
28.65977299385047,0.9484724434430448,0.1884313082100105,1.065813272837252,0.9699215653440033
28.66991054883677,0.9504525887529583,0.20197961193016284,1.0664507542926067,0.9994924558633308
28.680653245813392,0.9526925521577231,0.21478292652697778,1.0668073373101172,1.0302794641978457
28.692090467380233,0.9552192056039795,0.2267767859005896,1.0668288507573922,1.061971893503783
28.704326910748406,0.9580639010839822,0.23789702061632592,1.066451932288007,1.0941643902010572
28.71748553501158,0.9612631868990458,0.24807744562911235,1.0656031141130013,1.1263422235568805
28.731711785241398,0.9648597471696394,0.2572477327627725,1.0641981443804651,1.1578700293172903
28.747179681230378,0.9689037014054446,0.2653312315904629,1.0621415704661943,1.1879867938266324
28.764100598277096,0.9734544446089521,0.27224233330425945,1.0593265509364318,1.2158097483545454
28.78273547463853,0.9785831339370831,0.27788270099428114,1.0556348880926025,1.2403487280089829
28.80340936191371,0.9843753027204072,0.2821354865583779,1.0509378793784359,1.2605308388399823
28.826519143035494,0.9909305517649563,0.2848575475746901,1.0451013966258869,1.2752372592674392
28.852502100127797,0.9983493725230123,0.2858754880867829,1.038006733765759,1.2833756566516497
28.88172039894261,1.0066940247209664,0.28500664330529657,1.0296037561123255,1.2840712011030233
28.9144336450306,1.0159749223105463,0.2821093821240408,1.0199408332031998,1.2769893112898905
28.951405523155035,1.0263160594834038,0.277023185845123,1.0089910802001498,1.262235740984339
28.995830738619105,1.0384530004231043,0.26910142565628986,0.9961149930681462,1.2389415801137966
29.037199239488068,1.0494105598723078,0.2604903012245621,0.9846080016073243,1.2146032553692256
29.07856774035703,1.0599940175068947,0.25106561960468615,0.9736784180755018,1.1894947076155704
29.11819185914221,1.0697544083061796,0.24151317799951583,0.9637952740342586,1.165682071358548
29.15729870065162,1.0790090613745322,0.2317413035404559,0.9546130302888345,1.1429265246476479
29.196519877274774,1.087902119733072,0.22171029797390543,0.9459663578977067,1.1211205634052352
29.236197101634577,1.0964950390604853,0.21141112460925998,0.9377736364767498,1.100224678396632
29.276558998002972,1.1048149038337614,0.20084076997149336,0.9299868725025585,1.080208115302535
29.317778293901164,1.1128700232779642,0.1899962627003363,0.9225757351724996,1.0610389603913712
29.35999775698353,1.1206567506057978,0.17887248588936522,0.9155206381628679,1.0426829890483538
29.403344160664968,1.1281628381548445,0.16746115138832832,0.9088093182305677,1.0251045306606135
29.447937000217134,1.1353691598474345,0.1557501307005111,0.9024350108200628,1.0082675932831695
29.493894769003482,1.1422505354021686,0.1437228464417484,0.8963954614319013,0.9921367928391074
29.541340167726823,1.1487759735612486,0.13135758888119545,0.8906924373402174,0.9766780072346458
29.59040502221541,1.154908462393926,0.11862667602904911,0.8853315908125162,0.9618587896920231
29.64123541348345,1.1606043305174312,0.10549539275290074,0.8803226209938297,0.9476486096475489
29.69399737284409,1.165812129268768,0.09192065193306474,0.8756797430846615,0.9340190035666507
29.748883333131754,1.1704709179208022,0.0778493411667115,0.8714225257667206,0.9209437390131643
29.806119174993597,1.174507762188835,0.06321639272709861,0.8675772145845333,0.9083991465768713
29.865970777533192,1.1778341911420487,0.04794284031953588,0.8641787247377966,0.8963648928664293
29.928746591274823,1.1803413703824785,0.03193473581488185,0.8612735407199523,0.8848257163892475
29.99478715034389,1.181894094076628,0.015085265925821642,0.8589236928824985,0.87377508879308
30.064422046038885,1.1823250696746685,-0.0027147819312569425,0.8572114221411564,0.863222177565387
30.137868704026456,1.1814344067435036,-0.02155104267837172,0.8562423083954342,0.8532021217149914
30.23530780289587,1.1781118803923836,-0.046674119339797246,0.8562709257098287,0.8414912181786055
30.331782659939005,1.1724020141070803,-0.07172683514388316,0.8577805202978811,0.8314804404438957
30.42825751698214,1.164266308609139,-0.09696179965237728,0.8607907902613626,0.8228583411890237
30.528723707290915,1.153197941499315,-0.12339967567869581,0.865574805100976,0.8151651472455967
30.62195715489381,1.140546316489434,-0.14799696425202247,0.8715923267380696,0.809022266258223
30.702541144798825,1.1277652246944,-0.1691930251449354,0.878088750919036,0.804338445617711
30.78312513470384,1.1132836842648886,-0.19016783310989718,0.8858646777234553,0.8000768431086194
30.857123047864476,1.0985107653729016,-0.20902553863555592,0.8942107125433637,0.7963636826266027
30.926341375524437,1.0834487306344103,-0.2260525381818179,0.9031409338350985,0.7928658950204055
30.99222903564706,1.0680440982384805,-0.24137072703977047,0.9127290008693467,0.7892742874072699
31.055661473172883,1.052297992362052,-0.25484078408410055,0.9230443392753725,0.7852656198202277
31.117175374620157,1.0362652140245288,-0.26606065320972716,0.9341524419537021,0.7804472621114553
31.169501162863515,1.0221396629065338,-0.27344097323777183,0.9445333876430254,0.7751877633314712
31.21275098610939,1.0102206467031924,-0.2773286924763816,0.9538151169535586,0.7696532696472798
31.248990351849148,1.0001438553370336,-0.27840514183499676,0.9621173864564633,0.7638947921006919
31.27991035111963,0.9915486145744195,-0.27718054669002534,0.96960315671872,0.7579633823962864
31.306679620583797,0.9841661029802486,-0.27401357994659914,0.9763981959873111,0.7519349170614734
31.330133347888488,0.9777920134320613,-0.2691689583200708,0.9826003240777053,0.7459008244752856
31.350898329787857,0.9722646644331513,-0.2628484536941118,0.9882899776864434,0.7399582608531431
31.369455406952238,0.967454631026618,-0.2552100614243045,0.9935338629875978,0.7342062047987994
31.38801248411662,0.9628068745678916,-0.2452869945464571,0.9989266953256083,0.7281333531939627
31.403037857994903,0.9591942629923565,-0.23525698056592165,1.0033990778024946,0.7231061661720429
31.418063231873187,0.9557477176086747,-0.2231312701972067,1.0079608557825597,0.7181552138449537
31.431834002800706,0.9527636159678287,-0.20990600031945816,1.0122132770901344,0.7138949288796389
31.444436530586664,0.9502049945885025,-0.19580787749377754,1.0161568115026263,0.710461988662476
31.456063403725896,0.9480129897797352,-0.18094047747735478,1.0198303088242269,0.7079307820661155
31.466874551395357,0.9461393085561184,-0.16539553519799854,1.0232673886605357,0.7063653762920061
31.47699861482848,0.9445451861359712,-0.1492644312496588,1.0264954008443872,0.7058222138303217
31.4865387420693,0.9431993720730146,-0.13264321474548071,1.0295361897715285,0.7063495600143443
31.495576649711147,0.9420764945585787,-0.11563721050211775,1.0324066515049497,0.7079856285364112
31.504175118961243,0.941155706881452,-0.09836564982027896,1.0351190590929518,0.7107550767127097
31.512379235791993,0.9404194940864455,-0.08096627054245516,1.03768121733984,0.7146634709570308
31.520216586808928,0.9398525471620691,-0.06359965874657597,1.0400965064936656,0.719689406084817
31.527696485047123,0.9394406436239595,-0.046453163241411306,1.0423638506134532,0.7257740986196337
31.53480794635096,0.9391695036609404,-0.029744993481293155,1.0444775520285994,0.7328081715132796
31.541515094617953,0.9390235932573152,-0.013731795357639957,1.0464266471533346,0.7406140066116955
31.547745422033547,0.9389847305251771,0.00126885693508701,1.048192585079253,0.7489162652569655
31.553353179062608,0.9390297845467033,0.014798008754845934,1.0497406604972026,0.7572684318025226
31.559004467963394,0.9391518515639191,0.028388866295130193,1.0512567668849264,0.7665304533397168
31.56517364104358,0.9393724461623377,0.043097351789977756,1.052856435363937,0.7775999025713967
31.571765890556183,0.9397077349520291,0.058575949677300426,1.0544958857256008,0.7905072355428148
31.57872369175094,0.9401710955872997,0.07454440549609222,1.0561407333812338,0.8052875705361185
31.586013956786875,0.9407740194921816,0.09076555051611276,1.0577618681910648,0.8219667056298061
31.593621964703733,0.9415269125660444,0.10703615272886648,1.0593331886519886,0.8405554401562406
31.60154842522223,0.942439893210506,0.12318336267544688,1.0608300776527424,0.8610478481632865
31.609807715634147,0.9435235575570072,0.13906180349899372,1.0622280589011077,0.8834198998826064
31.618426635479885,0.9447896710928905,0.15454992885853253,1.0635014638945721,0.9076264814568441
31.62744354264997,0.9462517714523339,0.16954573240167356,1.0646220852577564,0.9335959187507928
31.636907903888112,0.9479256948660222,0.1839622894435511,1.0655578319099337,0.9612217554713325
31.646880318796587,0.9498300551500629,0.197723540175538,1.0662714036594838,0.9903518830475726
31.657433067399822,0.9519867098946699,0.21076053105706002,1.0667190016563122,1.0207753352181503
31.66865123551932,0.9544212498402893,0.22300816881277685,1.066849098734595,1.0522072998518694
31.68063450878086,0.9571635510134883,0.23440244374810773,1.0666013096623335,1.0842732699279778
31.69349980525697,0.9602484409795763,0.24487802697884373,1.065905418270259,1.116493789408153
31.707385052046018,0.9637165562475456,0.2543661056908841,1.0646806238066746,1.1482718926336533
31.72245461638844,0.9676155111713844,0.26279225314819804,1.0628350467889651,1.1788859006940076
31.738907152599843,0.972001549017961,0.2700739918174236,1.0602654793664483,1.207490361751326
31.756986710327062,0.9769418316732085,0.2761174656495905,1.0568573384726048,1.2331271440323122
31.776996944177252,0.9825171548792218,0.28081236815642835,1.0524851066130207,1.2547469934284332
31.799312940981366,0.9888231773648408,0.28402460331453555,1.0470153808512017,1.2712417628581572
31.82436750632391,0.9959629130825136,0.28558975839933337,1.040320841096635,1.2815002757395306
31.85256266002326,1.004015843156917,0.2853231781387377,1.0323228408344243,1.2845501142925817
31.88416527937929,1.0130018847225875,0.283066904449168,1.0230448810024655,1.2798626566591043
31.919666762489285,1.0229784039689247,0.27868858799612434,1.012517992262072,1.2674781792453917
31.96114669758659,1.0344008516290903,0.2717878065574115,1.0003874896792744,1.2471015983942355
32.00389259799229,1.0458407067928783,0.263264893982165,0.9883201120220704,1.2226141850327212
32.04663849839799,1.0568939125199408,0.2537598084744796,0.9768394797425093,1.196794623144471
32.08665931726269,1.0668609321093983,0.24425171145245617,0.9666851999024056,1.1726147603719879
32.12583919241739,1.0762417335574095,0.23455390388626124,0.9573197096798545,1.1495697426139466
32.16499072987783,1.085230762426223,0.2246026533243308,0.9485258954542457,1.1274920427384845
32.20451217241615,1.093905913426316,0.2143844000308433,0.9402057134149255,1.1063336177389145
32.244657653806705,1.1023022090632406,0.2038952998323529,0.932303513302991,1.0860630319954354
32.2856131276106,1.1104325853255572,0.19313270296599916,0.9247846794231507,1.0666491151864397
32.32752858647313,1.118296484214395,0.18209227070831244,0.9176268980614187,1.0480583495502656
32.37053460207689,1.1258839654642028,0.17076673129137648,0.910815980126428,1.0302554326648852
32.41475221597575,1.1331778086472732,0.15914514877994615,0.9043436710873567,1.0132044061954644
32.46029976418447,1.1401545585152606,0.14721231493665232,0.8982064613747914,0.9968696633264136
32.507298310905995,1.146784920413287,0.13494809752940615,0.8924049712963201,0.9812166858386454
32.55587659741285,1.1530336773256524,0.12232665328739065,0.8869437195619256,0.9662125243877164
32.6061760717603,1.1588591784705424,0.10931543792695544,0.881831199351252,0.9518260841726919
32.658356391532116,1.1642123697830287,0.095873954080485,0.8770802542476224,0.9380282947817561
32.712601646027466,1.1690352684870409,0.08195219205229812,0.8727087997122748,0.9247922598198058
32.76912727157454,1.17325871340852,0.06748877104138847,0.8687409903710142,0.9120935217471441
32.82818692788167,1.1767991525365378,0.05240895576691593,0.8652089969248801,0.8999106717576937
32.89007676059027,1.179554206032486,0.03662318866305212,0.8621556189336933,0.8882267385733195
32.95513000196079,1.1813969481027697,0.02002794117520316,0.8596379484448815,0.8770321771004476
33.02368569859705,1.18216982587488,0.002513135989546871,0.8577319435715554,0.8663307799549019
33.096004760381774,1.1816819486572914,-0.01601656331211614,0.8565363818913773,0.8561494083896691
33.18206037774668,1.1793514295746486,-0.038167193957165654,0.85619161553431,0.8453728834745322
33.279881201039046,1.1743798332135214,-0.06351093875284317,0.8572209741265632,0.8347041945843255
33.37770202433141,1.1669198459234533,-0.08904365204339028,0.8597823215422639,0.8255248553976114
33.475664620606125,1.1569373474467293,-0.11478288419851951,0.8639271158279774,0.8176379820365912
33.58686147883427,1.1425434929957279,-0.14411427304440985,0.8706371527941582,0.8100317200969994
33.66876070442889,1.1298568868076588,-0.16567771114352703,0.8770229240277301,0.8051748527942161
33.75065993002351,1.1154110667948551,-0.187043181057189,0.8847168711624996,0.8007824865882756
33.82560545723106,1.100671428561901,-0.20621845007514564,0.8929834120771017,0.7969993766416175
33.895446770431256,1.085660910122868,-0.2235088762602967,0.9018202404135547,0.7934833667353336
33.96178145434571,1.0703121503123403,-0.23908777673551276,0.911304413065558,0.7899198224462572
34.0255485526701,1.054619582369269,-0.25285226712779446,0.9215051788559321,0.7859913591564394
34.087340994204844,1.038626174955133,-0.26444502003949766,0.9324910342479398,0.7813178351972789
34.14696787299291,1.022584392293638,-0.27311963563045705,0.9442134199400427,0.7754671107620564
34.19038861999738,1.0106300233205523,-0.2771107221970608,0.9535039290989872,0.7699583548972889
34.226870083474324,1.0004920920829223,-0.2782838769781641,0.9618394863185988,0.7642081044378183
34.2579652654279,0.991850667934483,-0.2771399335457197,0.9693502634550762,0.7582857376464981
34.28487652631155,0.9844291519155718,-0.27404252043432786,0.9761673457054707,0.7522633037633851
34.30844593257342,0.9780222184480264,-0.2692590816966803,0.9823886550375291,0.7462321476996624
34.32930660066654,0.9724669466401669,-0.26299324347913555,0.9880951313401942,0.7402891520603515
34.347943721995684,0.9676330037756863,-0.2554043408284209,0.9933538388724238,0.7345332145491624
34.366580843324826,0.9629611345174849,-0.24552837783083128,0.998762765835211,0.728450220547012
34.38166214758573,0.9593311227509179,-0.23553948103187392,1.003246495995794,0.7234121808242908
34.39674345184663,0.9558671925738147,-0.22345229193023164,1.0078204315928205,0.7184445070480289
34.41056233177783,0.952867986901954,-0.21026149265799332,1.0120837515245857,0.7141641105299437
34.423205504261404,0.9502964177031626,-0.19619454672706427,1.016036797505696,0.7107084499659603
34.43486698118725,0.9480932114061916,-0.18135534171098547,1.0197186422403963,0.7081522156127237
34.44570785843848,0.9462097389926427,-0.1658357189315142,1.0231631090679374,0.7065597330863075
34.45585770779178,0.9446069709726457,-0.1497270067423728,1.0263977223068566,0.7059877065367581
34.46542044302373,0.9432534481494403,-0.13312505136258707,1.0294444806645722,0.7064846969037123
34.474478437730276,0.9421236352255578,-0.11613482326089708,1.0323204221836642,0.7080892893182902
34.48309506507806,0.941196560748921,-0.09887504584632532,1.0350379555301894,0.7108266435018524
34.49131597321564,0.9404546204644981,-0.08148279797888233,1.0376050189952541,0.7147030264860487
34.49916931121772,0.9398824505009872,-0.06411786592895688,1.0400251269427794,0.719698007502392
34.50666498588644,0.9394658082865459,-0.046966667037145554,1.0422973408933944,0.7257541322674367
34.513792687488724,0.939190429636728,-0.030246311704180226,1.0444161115449095,0.7327638080151503
34.520517414466276,0.9390408344128368,-0.014211961994584337,1.0463706611965595,0.7405518570086316
34.526768094977676,0.9389989442526281,0.0008215066705309082,1.0481427531587713,0.7488466624464634
34.5324023928333,0.9390418360301215,0.014402472241557522,1.0496984907795428,0.7572092943155673
34.53803939735944,0.9391612383596302,0.02794886623227026,1.0512111965944126,0.7664187131094744
34.5441982807469,0.9393786525084158,0.042624592259189714,1.0528089536452276,0.7774349966888471
34.550782723667595,0.9397103513397078,0.058079540031774596,1.0544475836919336,0.7902879959156477
34.557734267041326,0.940169786120196,0.07403195548576677,1.0560924765447641,0.8050128289275876
34.56501917602588,0.9407684966014975,0.09024362135560018,1.057714388218777,0.8216355737365878
34.572622214362305,0.9415169121672651,0.10651039601777117,1.059287135835038,0.8401673804651053
34.58054365029485,0.9424251502655567,0.12265859095426448,1.0607860620799991,0.8606026842265417
34.5887974703784,0.9435037833751124,0.13854207440135344,1.0621866897668493,0.8829178465657254
34.5974101213068,0.9447645333084443,0.15403865657747495,1.06346338930775,0.907068237765182
34.606419633672175,0.9462208766381466,0.16904581424738233,1.0645880324998793,0.9329828397973838
34.61587515856401,0.9478885730561079,0.18347623267607735,1.0655286477971602,0.9605561070709518
34.62583697621417,0.9497861452282502,0.19725357922715434,1.0662480948219426,0.9896371758642941
34.63637702696398,0.9519353447245703,0.21030873091971342,1.0667027745489124,1.0200167306257166
34.64758001837916,0.9543616399873657,0.22257651442285864,1.0668413988953647,1.0514120729472058
34.65954519791422,0.9570947657634163,0.2339929174815358,1.0666038592201352,1.0834513039704734
34.672388958044294,0.9601693848326984,0.24449267733589602,1.0659202502364453,1.1156580588299665
34.686248574493014,0.9636259381062527,0.2540071116546273,1.064710111699992,1.1474388727050588
34.70128758113488,0.9675118018855663,0.2624619911862509,1.0628819290750753,1.1780758264740947
34.71770353555472,0.9718829215471172,0.26977511774075397,1.0603328798559855,1.2067272601650871
34.735739024513116,0.9768060805869243,0.275853032020121,1.056948782547092,1.232438593569693
34.75569581097719,0.9823616128396164,0.2805860040668782,1.052604512319037,1.2541636126102085
34.77794691514675,0.9886447325922378,0.2838407525197081,1.0471669077478947,1.2707963493621321
34.8029242721446,0.9957584716473694,0.28545377129061505,1.0405081976571413,1.2812257628284305
34.8310331205519,1.0037836818299228,0.2852405235829852,1.0325474859937758,1.2844734338070398
34.8625438584159,1.012741902905146,0.28304148119961486,1.0233052731350412,1.2799944260900846
34.89793184914929,1.0226867324314144,0.2787249344237417,1.0128153170363894,1.2678173678943951
34.93919919819096,1.0340538337161733,0.27190634372450184,1.0007428814240715,1.247681553940917
34.98209889561264,1.0455401145001322,0.2633883547518819,0.9886221195179468,1.2231802766540338
35.02499859303431,1.0566381749290787,0.25387121869677776,0.9770893371311746,1.1972928154228617
35.06506127716139,1.066620174191617,0.24436671480633648,0.9669145368297173,1.1730892624219733
35.10425408672837,1.0760087109790475,0.23467506343925063,0.9575362960324609,1.1500275266105524
35.14340688604319,1.085002905322622,0.22473018097621264,0.9487326638490876,1.1279340599609038
35.182922809388835,1.0936820122995297,0.21451812946721735,0.9404042273882323,1.1067601060125463
35.223058161303065,1.1020816808687866,0.20403499964494926,0.9324947260102644,1.0864742163488734
35.264000030292216,1.1102151974326935,0.19327816525705432,0.9249692147403152,1.0670453274826848
35.30589905336619,1.1180822279047267,0.18224334150584234,0.9178051779228201,1.0484400215058987
35.34888617582582,1.1256729910728542,0.17092332338416175,0.9109882897656691,1.030623063685009
35.393082642806476,1.1329703905679425,0.15930724949656325,0.9045101950895666,1.0135585319224434
35.43860687259955,1.1399510767696914,0.1473799935254137,0.8983673042763602,0.9972108310372154
35.485579913045164,1.1465858528268573,0.13512151425536678,0.892560168980729,0.9815454370820855
35.5341303980978,1.1528395997557244,0.12250607153601485,0.887093244344757,0.9665293836221952
35.584399575237136,1.158670772412026,0.1095012404145277,0.8819749599185306,0.9521315518088579
35.636546798405014,1.1640304379916564,0.0960666642883764,0.8772180905248363,0.938322842985618
35.69075573493876,1.168860760461335,0.08215250191732319,0.8728404718472961,0.925076329282558
35.74724126411927,1.1730927638444104,0.06769757528019674,0.8688661600860877,0.9123675171155399
35.80625634663309,1.1766431371723074,0.05262739061619301,0.8653271983900033,0.9001749519658248
35.86809631933826,1.1794098196202978,0.03685266559438335,0.862266215377264,0.8884815954620205
35.93309363189663,1.181266305127651,0.020270149514624577,0.8597400715242673,0.877277791596948
36.00158688845488,1.1820555674277498,0.0027699679495394904,0.8578244204958221,0.8665671489844665
36.073837008259794,1.1815873089927853,-0.015743118693045035,0.8566176789317517,0.8563763096159402
36.15937824250161,1.1792997405962684,-0.0377618070962969,0.8562568950044175,0.8456391397379017
36.25731332717309,1.1743606028919185,-0.06313488219859606,0.8572640006159581,0.8349291053219513
36.35524841184456,1.1669272860906037,-0.0886971750181782,0.8598066987156058,0.8257151495059551
36.45312242331997,1.1569888653027596,-0.11441315769537415,0.8639260187249297,0.8178145880257863
36.56401687968374,1.1426795367814016,-0.14366583261152432,0.87058853501205,0.8102065919329193
36.646094709958646,1.1300000463205213,-0.16527887956948747,0.8769646192149491,0.8053249579401346
36.72817254023355,1.115553365393645,-0.1866956188825106,0.8846534381781591,0.800912798595502
36.803225514143456,1.1008174135714706,-0.20590498634909418,0.8929129247719098,0.7971183259745986
36.87313503609195,1.0858132593578413,-0.2232213227207494,0.9017410919730972,0.793596518189193
36.93951805548061,1.070471637498162,-0.23882395145052265,0.9112156221210961,0.7900316608170312
37.00332113221413,1.05478628126861,-0.2526134245814544,0.9214058062610181,0.7861066084654569
37.06514189315448,1.0387994331239376,-0.2642359682513129,0.9323801969845064,0.7814422397834737
37.12480617961904,1.0227589118393405,-0.27295103031893136,0.9440932692481576,0.7756064500449339
37.168339323158534,1.0107799756591027,-0.27698627870697784,0.9533958357448905,0.7701020755974105
37.20490542647046,1.000622411621955,-0.2781956388582257,0.9617413395113384,0.7643566665814272
37.23606729019647,0.9919647271335886,-0.2770824160997175,0.9692606914091401,0.7584387602679244
37.26303269502832,0.9845294699749582,-0.2740117086731875,0.976085328253127,0.75241996452628
37.28664673703697,0.9781108510615024,-0.269251915233875,0.9823133073531551,0.7463914295138878
37.30754471588336,0.9725455704761901,-0.26300733440218066,0.9880256992706827,0.74044991443361
37.32621338122988,0.9677030017785109,-0.25543778778012294,0.9932896727347824,0.7346942582579813
37.344882046576394,0.9630224243176604,-0.2455805722289434,0.9987043293034475,0.7286095647567485
37.35998594620668,0.9593860619723104,-0.2356079723879893,1.003192172065627,0.7235693174313788
37.37508984583696,0.9559157885248111,-0.2235363715656456,1.0077705143399902,0.7185975115368544
37.388928381335475,0.9529110540568521,-0.21035972491080104,1.0120378109763593,0.7143117413632023
37.40158840613672,0.9503347301978559,-0.19630574023017644,1.0159943543454575,0.7108497194324503
37.41326445444311,0.9481274019402611,-0.18147842554950358,1.0196792894163438,0.7082862473951225
37.42411805193665,0.9462403234048087,-0.16596967025699752,1.0231265063914443,0.7066857493486561
37.43427911435975,0.9446343724181859,-0.14987079283751742,1.0263635872055188,0.7061050288117366
37.44385183870903,0.943278016224947,-0.13327757438834667,1.029412581771822,0.7065927566460652
37.45291884077135,0.9421456615382435,-0.11629486458242083,1.0322905754444454,0.7081876521925365
37.46154371020093,0.9412162922993659,-0.09904120927608198,1.0350100222676402,0.7109150521366066
37.46977229819684,0.940472271906965,-0.08165345338990097,1.0375789054021405,0.714781466065367
37.47763295387866,0.9398982160416673,-0.06429109568209682,1.0400007845795192,0.7197667973793228
37.485135791602225,0.9394798736725288,-0.04714021506049421,1.0422747682078688,0.7258140457733193
37.49227073329034,0.9392029844291551,-0.030417519830963226,1.0443953581348082,0.7328162273968843
37.49900307320233,0.9390520850702364,-0.01437763134305512,1.0463518413866073,0.7405989980210231
37.50526222028658,0.9390091310010868,0.0006655391643447719,1.0481260907957093,0.7488920122904104
37.510906976586256,0.939051268002323,0.014262923733515941,1.0496844885458476,0.7572589220420632
37.51654022100407,0.9391697561207388,0.027792262404202985,1.0511959871029377,0.7664507099458864
37.52269685984023,0.9393860859803397,0.04245489980402496,1.0527930390050255,0.777449181228749
37.52928002005494,0.939716569394553,0.057899850328147345,1.0544313207554368,0.7902839312235367
37.536230901865146,0.940174684816893,0.07384486574762014,1.0560761380017052,0.8049900368283633
37.54351553615276,0.9407719900973737,0.09005138791818838,1.0576981947413504,0.8215936297245198
37.551118502371516,0.9415189238464677,0.10631497797532569,1.0592712742419244,0.8401059325946466
37.55903991310503,0.942425604020105,0.12246166932761882,1.0607706993928077,0.8605214480158451
37.567293619495565,0.9435025955278356,0.1383450768170787,1.062171986607971,0.8828166053093577
37.57590594814212,0.9447616054688268,0.15384279195800757,1.0634495134612176,0.9069468627803821
37.584914820450415,0.9462160894985148,0.1688521138909399,1.0645751727268216,0.9328413375954776
37.59436928419944,0.9478817808466187,0.1832855922144355,1.0655170278381796,0.9603946951014657
37.60432951673145,0.9497771704513931,0.19706679792605483,1.0662379876324954,0.989456386985311
37.61486735011409,0.9519239727586593,0.21012654670774877,1.0666945168413333,1.0198175453097402
37.62606737210268,0.9543476131697485,0.22239963459886974,1.0668354059867964,1.051196076958667
37.63802869160622,0.9570777764713572,0.2338220455308447,1.0666006400067312,1.083220865393417
37.650867534903355,0.9601490669777994,0.2443285370073094,1.065920421951421,1.115416513901029
37.66472097149639,0.9636018560955186,0.253850469594043,1.064714414050234,1.1471907027173847
37.679752270961046,0.9674834355907812,0.2623136803057386,1.0628912375770139,1.177826802061279
37.696158642132296,0.9718496452590965,0.26963606511696653,1.0603482186782183,1.2064845272513
37.714182204340005,0.9767671344643877,0.27572429793520137,1.0569713368705378,1.2322106823383359
37.73412411102078,0.9823160717350251,0.2804688413685976,1.0526356338771317,1.2539603650342144
37.756356706929125,0.9885915051110797,0.2837366868877838,1.0472080762762563,1.2706287393443947
37.78131163551869,0.9956964452111905,0.28536463945130874,1.0405608043909869,1.2811053452545191
37.80939526840502,1.0037121899808352,0.2851682221359626,1.0326122205810944,1.2844104304575272
37.84087965956635,1.0126609330563991,0.2829873493977686,1.0233817328714614,1.2799940986894458
37.8762360700234,1.0225953215739898,0.27869026961510746,1.0129036807641822,1.2678806486983238
37.91744369382086,1.0339450649512913,0.2718969879564441,1.000849285755505,1.2478188770641303
37.96039179207762,1.0454439782857017,0.2633814141700916,0.9887136612884101,1.2233170357995622
38.00333989033439,1.0565542149771543,0.2538613924104315,0.9771663177048507,1.1974127044464526
38.04341722557679,1.0665395085512415,0.24435847594869164,0.9669863315628531,1.173205119209359
38.08261623505187,1.075929253160228,0.23466896955242103,0.9576051074640411,1.1501409972830332
38.121771854453655,1.0849238995757482,0.22472614414250824,0.9487993136524926,1.1280451375869054
38.16128866350994,1.0936030806953985,0.21451597125684826,0.9404691552605179,1.1068686326459105
38.20142362115474,1.1020026156999498,0.20403453189822296,0.9325582044382144,1.0865800664320497
38.24236416957647,1.1101358831210122,0.19327921017662753,0.9250314283210769,1.0671484328745924
38.284261158189395,1.1180026048567853,0.18224573669584668,0.917866259384934,1.0485403637938708
38.32724566840198,1.1255930366224296,0.1709269225917146,0.9110483386576642,1.030720661070837
38.37143903552954,1.1328901079925364,0.15931192221416926,0.9045692884621426,1.0136534273600812
38.41695973756326,1.1398704885789015,0.14738562450061193,0.8984255032588221,0.9973030829810873
38.463928859596635,1.1465049965358114,0.1351280033239567,0.8926175230779608,0.9816351127821334
38.51247505429536,1.1527585252702301,0.12251333398880267,0.8871497943641053,0.966616554525954
38.56273957044646,1.158589540605051,0.10950920809941758,0.882030740002634,0.9522162906236882
38.61488174482473,1.1639491203364418,0.09607528770651763,0.8772731295220308,0.9384052220113277
38.669085205503464,1.1687794397812337,0.0821617537926495,0.87289479412037,0.9251564197931655
38.7255647633462,1.1730115364828197,0.06770745641508585,0.8689197857300323,0.9124453897110475
38.78457326856173,1.1765621172160246,0.05263793958670064,0.8653801426972215,0.9002506781213263
38.846405881354194,1.1793291464251552,0.03686397539948223,0.8623184871556939,0.8885552510784614
38.9113947580613,1.1811861566647992,0.02028239853334805,0.8597916694461244,0.8773494650606429
38.97987796014643,1.1819761854844348,0.002783487570339218,0.857875325633883,0.8666369625477236
39.05211508543866,1.1815090586429118,-0.015727635195402684,0.8566678378281845,0.8564444978574748
39.13761053479989,1.179224474544319,-0.03773609175385112,0.8563059607279438,0.8457089139214529
39.23555407582118,1.1742872393678787,-0.06311302694890597,0.8573117080778192,0.834993370556727
39.333497616842465,1.1668552361856745,-0.08867907755177425,0.8598536340363077,0.8257746148375432
39.43136373802286,1.156919421241276,-0.11439432882529242,0.8639719464270535,0.8178710299455361
39.5422361660401,1.1426152780782595,-0.1436423127154641,0.8706324516696058,0.8102604918563904
39.62432169306828,1.1299364251218524,-0.16525782609321277,0.8770087613301023,0.8053754513873291
39.706407220096466,1.1154900340176443,-0.18667649139573633,0.8846982619394174,0.8009599669669324
39.78146390998816,1.1007547762304977,-0.20588604072053068,0.8929584073212022,0.7971625344520723
39.85137520880146,1.0857515996179856,-0.22320121755116587,0.9017872568384342,0.7936378043876868
39.917759247813066,1.0704111501467832,-0.23880140529659385,0.9112625650496325,0.7900698023344781
39.98156299636142,1.0547271853376534,-0.25258685996463887,0.9214536521892724,0.786141150792176
40.04338346244695,1.0387422374109576,-0.2642030774750429,0.9324289394756228,0.7814725314922591
40.10303988640031,1.0227060815401532,-0.2729079248025017,0.9441414765123517,0.7756324090533024
40.146539923849915,1.010738383763689,-0.27693166798739954,0.953437491082423,0.7701282856168776
40.183083603171305,1.0005892031714663,-0.2781324611371564,0.9617779778884317,0.7643835612007815
40.214229458947095,0.9919380395823044,-0.2770125547834846,0.9692933149873454,0.7584669059298589
40.24118313499446,0.9845079732570788,-0.27393646737338295,0.9761146711309868,0.7524499389409928
40.2647884919945,0.9780935445244727,-0.2691722426310026,0.9823399424021091,0.7464237818934484
40.28568000517788,0.9725316900023958,-0.26292394747516695,0.9880500791985191,0.7404851602553474
40.3043438653122,0.9676919543283169,-0.25535124790972147,0.99331216149515,0.7347328750895757
40.323007725446516,0.9630142209316223,-0.24549160083634278,0.9987247823835123,0.7286527687299803
40.338109269824855,0.9593797866920217,-0.23551677975182148,1.0032113224588268,0.7236167477097606
40.353210814203194,0.955911444112576,-0.22344365863785798,1.0077882685912276,0.7186501918406093
40.36704771899088,0.9529083545310468,-0.21026601486985186,1.012054360579025,0.7143700371310265
40.379706809303634,0.9503334119705343,-0.19621141521689167,1.0160099010152606,0.7109138546526577
40.391382464041264,0.9481272618008904,-0.18138384258713242,1.0196939940266672,0.7083564156392544
40.40223608497824,0.9462412060188035,-0.1658751884235982,1.0231404939753956,0.7067621235773883
40.41239749152919,0.9446361590361494,-0.1497767905520572,1.02637695280694,0.7061877608313247
40.42197080218929,0.9432806161268323,-0.13318446524006342,1.0294253944477316,0.7066819707046619
40.43103856442444,0.9421490053239903,-0.1162031129328852,1.0323028807789054,0.7082834315148605
40.4396643037177,0.9412203262824125,-0.09895134561525373,1.0350218438162857,0.7110174167694389
40.447893806347125,0.9404769530465,-0.08156608840637335,1.037590245475412,0.7148903406364668
40.45575535134419,0.9399035070316439,-0.0642069319581012,1.0400116246679318,0.7198819679714932
40.46325897325932,0.9394857379409741,-0.04706005605781299,1.0422850692349253,0.7259351058133605
40.4703944971371,0.939209380944599,-0.03034228205863704,1.0444050600043764,0.7329425107421953
40.4771270859296,0.9390589627253203,-0.014308382721413427,1.0463608594617262,0.7407294867472061
40.483385931266795,0.9390164213764675,0.000727437238505671,1.0481343010539368,0.7490251635123195
40.48902933556569,0.9390588707182136,0.014315248589268227,1.0496916663926623,0.7573921578114011
40.49466688602764,0.9391777551635537,0.02784835283442106,1.05120363896909,0.7665927010559049
40.5008274437424,0.9393945741323789,0.042512820587290875,1.0528009123075712,0.7776000054869179
40.50741432202736,0.9397256271613238,0.057958126638467763,1.0544392132695837,0.790443695353154
40.514368834313636,0.9401843845196857,0.07390229885193186,1.0560838717756482,0.8051587811163095
40.52165709113426,0.9407823990190708,0.09010697582113489,1.0577056023163511,0.8217712782985565
40.529263738477816,0.9415301073749177,0.10636788432874775,1.0592781905926028,0.8402922705633867
40.537188949729284,0.9424376287990412,0.1225112039165889,1.060776955499923,0.8607161045860674
40.54544663374885,0.9435155324104567,0.13839067537159744,1.0621774032882056,0.8830190313889087
40.554063173189036,0.9447755321343583,0.1538839935814445,1.0634538951815353,0.9071562976316893
40.563076545158005,0.9462310926973737,0.1688885376369736,1.064578301484663,0.9330567626057553
40.572535854473294,0.9478979583517636,0.18331691495850905,1.0655186573113309,0.9606147755924602
40.58250133888065,0.949794632835142,0.19709273478911932,1.0662378378177388,0.9896794046000424
40.59304489654566,0.9519428451204548,0.21014683440045467,1.0666922694474978,1.0200413250950058
40.60425118982375,0.954368036963274,0.22241401759266446,1.066830700941759,1.0514179156722678
40.6162194143172,0.9570999116224461,0.23383026464020157,1.0665930735281763,1.0834374705373069
40.62906589994085,0.9601730945620498,0.2443303196947489,1.0659095466727808,1.1156239662023018
40.642927843907835,0.9636279820479342,0.25384552118917453,1.0646997415944393,1.1473844581448787
40.65796867796951,0.9675118960993937,0.2623016746010327,1.0628722436713407,1.1780017496304118
40.67438582230857,0.9718807146096238,0.26961663191951674,1.0603243505065576,1.2066351151224293
40.69242167410817,0.9768011352877239,0.27569700372389727,1.0569420226925794,1.2323311143162898
40.71237773881221,0.9823533834581752,0.28043315891282744,1.052600299008678,1.2540448589308995
40.73462673840779,0.9886325520660386,0.2836919568842514,1.0471661858313155,1.2706718570422904
40.759600500213395,0.9957416135224383,0.2853100625639414,1.040511992647437,1.281102539230292
40.78770504305149,1.0037616417106325,0.2851029917306139,1.0325565530482261,1.2843592237102543
40.81921261448018,1.0127147384671975,0.28291084177658216,1.0233196322545637,1.2798954880981201
40.85459890314414,1.0226545942636838,0.27860138751976893,1.0128346765173284,1.2677370792236609
40.89585999823949,1.0340150464728681,0.27179099292602915,1.0007686803589484,1.2476245836901723
40.93877389461351,1.045500258661341,0.2632764183587346,0.9886480949856531,1.2231332925975509
40.981687790987536,1.0565972328879658,0.25376111672977114,0.9771153243628942,1.1972522201408466
41.021759104045316,1.0665770083531325,0.24425838577094108,0.9669416636896574,1.1730553817163771
41.06095920995197,1.0759630745309026,0.2345680677882127,0.9575647330515191,1.1499995241776233
41.1001187583284,1.0849546491073994,0.22462411145188227,0.9487624713813253,1.1279111937061008
41.13964117886206,1.093631003368155,0.21441261646419513,0.9404354451377726,1.1067417627216507
41.17978294789329,1.102027784927615,0.20392969654684764,0.932527391463605,1.0864598840929398
41.22073127704513,1.1101582714813762,0.19317273687415482,0.9250033700521296,1.0670345731744153
41.26263690567075,1.1180221156802537,0.1821374550392116,0.9178408734875404,1.0484324743985953
41.30563087410944,1.1256095191875883,0.17081664084859585,0.9110255867751458,1.0306184031592402
41.34983452330849,1.1329033644934634,0.1591994208007961,0.9045491679362884,1.0135564782525546
41.395366374043704,1.1398802761655555,0.14727064962833242,0.8984080432430877,0.9972111382940229
41.44234758838065,1.1465110257781057,0.1350102599497653,0.8926027835449968,0.9815478876607882
41.49090693117422,1.1527604554382962,0.12239247746964677,0.88713786742627,0.9665337840923292
41.5411858022856,1.158586971545213,0.10938483407874772,0.882021753501468,0.9521377300360555
41.59334373374134,1.163941580226029,0.09594691988293833,0.8772672532397134,0.9383306467057119
41.64756459798869,1.1687663675165778,0.08202882962691556,0.8728922493832469,0.9250856268285039
41.70406349930217,1.172992256914954,0.06756931195703195,0.8689208596554676,0.9123782018246992
41.76309361258814,1.1765358070778478,0.05249379781583456,0.8653852089089525,0.9001869536875154
41.82495038709583,1.1792947896344093,0.036712950686098846,0.8623280350914251,0.8884949063636687
41.88996604150381,1.1811424930331638,0.02012354970212548,0.8598063429989602,0.8772925212093274
41.95847800085323,1.1819216759501918,0.002615994542825583,0.857895964154358,0.8665836383685335
42.030743484606454,1.1814419422443678,-0.015904015639268007,0.8566954879667217,0.8563953780459854
42.11653987264398,1.1791307655855028,-0.037992337278013516,0.8563435647280561,0.8456333796223073
42.2144118309362,1.1741728125468491,-0.06335385563199344,0.857363464488183,0.8349390863352901
42.31228378922842,1.166723438709208,-0.08890411801682592,0.8599178431225537,0.8257377723311861
42.41020123693754,1.156759597644256,-0.11463518582894017,0.8640532406342034,0.817839062260129
42.52125875639641,1.1424020288403192,-0.14393317243871914,0.8707453763813541,0.8102253403368062
42.60322515194135,1.1297190554383052,-0.16551616392100385,0.877129244650071,0.8053527153798269
42.68519154748629,1.1152738613265796,-0.18690012940160572,0.884823712845427,0.8009460958419488
42.76017507673185,1.1005371156569026,-0.20608470471724388,0.8930902229713454,0.7971519002391383
42.83003896386721,1.0855309541157132,-0.22337864185986978,0.901926673654125,0.7936263425978626
42.896389003988496,1.0701872857958863,-0.23895696122840251,0.9114104787640916,0.7900537982587883
42.96016729474549,1.0545004333057306,-0.25271684613729734,0.9216109761600674,0.7861163076382908
43.021966222415344,1.0385139901542288,-0.2642998675530506,0.9325963040010756,0.7814334582231133
43.08158073263793,1.0224846897323172,-0.2729567753863353,0.9443146922272454,0.7755747415331034
43.12493995821992,1.0105547641873636,-0.27692777630296295,0.9535903567600413,0.7700678305588875
43.16138190578412,1.000434743956723,-0.27808681909916083,0.9619147222536985,0.7643207437905337
43.19245049601816,0.9918069975221138,-0.276932500735322,0.9694167022096956,0.7584029994858632
43.21934363870247,0.9843961655256062,-0.27382724460857377,0.9762267364147639,0.7523865640461794
43.242900804698436,0.9779977045910774,-0.2690377707174881,0.9824423401830186,0.7463626529818433
43.263753418713456,0.9724492438430365,-0.26276724511847044,0.9881441578446475,0.7404280238748846
43.28238554493844,0.9676208434577719,-0.25517470283124805,0.9933990373325823,0.7346814548315928
43.30101767116343,0.9629545254751655,-0.24529692761838037,0.9988038598298621,0.7286106598067458
43.316098381401964,0.9593281629965554,-0.23530615677216477,1.0032850784310128,0.723583694176508
43.3311790916405,0.9558678916016606,-0.22321883950416285,1.007856322032004,0.7186294103357452
43.344998603883,0.952871770962871,-0.21002897815868346,1.0121173642894088,0.7143630857914991
43.35764359261215,0.9503027641514263,-0.19596371233185825,1.0160685620647107,0.7109218567546032
43.36930777910053,0.9481017265928027,-0.18112689232395024,1.0197488946632234,0.7083803588808137
43.3801520305877,0.946220130358109,-0.1656103781438708,1.023192104314498,0.7068028866636815
43.39030574356112,0.9446190223324481,-0.14950554928016535,1.0264256478806453,0.7062461116970941
43.3998726895507,0.9432670011744545,-0.13290833233170174,1.0294714659106847,0.7067585472844641
43.40893511706382,0.9421385750571479,-0.1159238066995384,1.0323465441523545,0.7083786999064433
43.41755627883905,0.9412128040522771,-0.09867083213262333,1.0350632424463395,0.7111316004591771
43.42578169682756,0.9404721046772034,-0.08128664803921451,1.0376294522415135,0.7150233150642669
43.433639378851325,0.9399011233922158,-0.06393121928566964,1.0400486423775843,0.7200331167834341
43.44113906544585,0.9394856173006793,-0.046791153397980206,1.0423198299179985,0.7261031369203925
43.44827023958552,0.9392113107696591,-0.030083768161871343,1.0444374209328198,0.7331252238334238
43.45499761338289,0.9390627001244766,-0.014064504317027899,1.0463905867374053,0.7409234440295149
43.461249637259186,0.9390216678264803,0.0009511973922597759,1.0481610098272605,0.7492250575033922
43.466882878717065,0.9390652199075682,0.014509972887415285,1.0497145853628942,0.7575889259344487
43.47253072316181,0.9391854757505135,0.028062186164621743,1.051228269652347,0.7668178040013631
43.478699787149836,0.939403953621988,0.04273947029824962,1.052826444536042,0.7778537187334824
43.48529411429719,0.9397369029457101,0.05819274015790382,1.0544650307444254,0.7907265274001075
43.49225546627143,0.9401977597002946,0.0741408680199925,1.0561094622630036,0.8054711526897971
43.4995502652778,0.9407980546040512,0.090346086799165,1.0577305100322505,0.8221133661135389
43.50716340961955,0.9415482143419354,0.10660463204152068,1.0593019888143609,0.8406639541180381
43.51509529383064,0.9424583600327134,0.12274314358413657,1.0607992249361151,0.8611169400677187
43.52336002773517,0.9435390738370805,0.13861576912454818,1.062197711412886,0.883448212254625
43.531984180667635,0.9448020925525046,0.15410054511112894,1.0634717753807945,0.9076125806860188
43.541005907839484,0.9462609122818864,0.1690951209909284,1.0645932321622076,0.9335383520198945
43.55047449024514,0.9479313161590264,0.18351230493521095,1.065530041326741,0.9611191648951712
43.56045034740371,0.949831853788954,0.19727584368404733,1.0662449826085993,0.9902031808824899
43.5710055732886,0.9519843070233232,0.2103166571250506,1.0666943682626377,1.020579943803312
43.58222504957738,0.9544141780733233,0.22256958491316575,1.0668268158074274,1.051965458993466
43.594208226218555,0.9571512394596564,0.23397060336796496,1.0665821208719277,1.0839864102779944
43.60707173781882,0.9602301969200064,0.24445441810518928,1.0658902867185331,1.1161649621985963
43.62095315813995,0.9636915416572301,0.25395229688197785,1.0646707725089022,1.1479062324461238
43.636016399071025,0.967582711231564,0.2623899407714054,1.0628320007426386,1.1784910831336277
43.65245950980284,0.9719597284164421,0.26968505482552974,1.0602711095940345,1.2070770069022605
43.67052572100699,0.9768894748556273,0.27574403974952366,1.0568739080276988,1.232709120911943
43.69051760603177,0.9824523973886561,0.2804569572260042,1.0525153074363336,1.2543416017269957
43.71280904424795,0.9887437891792015,0.28369023309705355,1.0470622915207006,1.2708697358149392
43.737832388538514,0.9958665671792202,0.28528005884202373,1.0403875371533067,1.2811851069022422
43.76599218933715,1.0039010788261684,0.2850419002029458,1.0324111581071969,1.2843146882358607
43.797559871001376,1.0128687991973926,0.28281658546094074,1.0231543342534506,1.2797218120636158
43.83302211684491,1.0228260032899368,0.2784710447197471,1.0126484556120756,1.2674377970170896
43.87442213456728,1.034218299581801,0.27161174405954647,1.000548562748189,1.2471813738097486
43.91724223969275,1.0456706814223253,0.26309682533614914,0.9884647905877811,1.2227082980286708
43.96006234481821,1.0567358968607845,0.25359149122811303,0.9769678350905376,1.1968794254405999
44.00011240073088,1.0667035563180154,0.24408784075855625,0.9668091264051213,1.1727044313555661
44.03930989435445,1.0760822467583147,0.23439447099764685,0.9574419837327679,1.1496649252222428
44.0784743179242,1.0850680688919685,0.22444697082409595,0.948647564361064,1.127591666999975
44.11800601594974,1.0937393805337776,0.2142317297658378,0.9403273505203711,1.1064366260511487
44.15816013189717,1.1021314015510348,0.20374492534593516,0.9324254931648025,1.0861685503050287
44.19912320947034,1.1102571637220957,0.19298393635441213,0.9249072800865922,1.0667564494039992
44.24104563672205,1.1181161560270185,0.18194444562362347,0.917750348300144,1.0481669527470687
44.28405828090302,1.1256984572987971,0.17061919302186776,0.9109404850201317,1.0303648721896583
44.328282426332855,1.1329868475665026,0.1589972439235185,0.9044694280059162,1.0133143365433341
44.37383662543465,1.1399578574654072,0.1470633810834354,0.8983336715652573,0.9969798051582104
44.42084214911091,1.1465821650168035,0.13479745278844465,0.8925338496687718,0.9813268103122258
44.46942794717293,1.152824512320253,0.12217358536716554,0.8870745042167063,0.9663224418710822
44.519735686276334,1.158643192403449,0.10915919259662789,0.8819641620092235,0.9519356367030394
44.57192525717383,1.1639890765575776,0.09571372326112586,0.8772157127175868,0.9381373521465949
44.62618099448601,1.1688040841813245,0.0817871028114405,0.8728471337251906,0.9249007199163604
44.68271857291175,1.1730189265801594,0.06731787944283399,0.8688826625244154,0.9122013174245994
44.74179182376432,1.1765498866448336,0.052231255966357734,0.8653545808925717,0.9000177892706198
44.8036968367935,1.179294375432106,0.03643766376168048,0.8623058369348221,0.8883332590376098
44.868766151259436,1.1811252202354832,0.019833722170439327,0.8597937167690194,0.8771383654507927
44.937336449995904,1.181884639274025,0.002309936481264468,0.8578944110514742,0.8664372751412874
45.009661683942916,1.181381755712313,-0.016227231136641252,0.8567069005198296,0.85625767515195
45.09602930990787,1.1790208064265153,-0.03846571395729376,0.8563736135752308,0.8454474080324916
45.19377372202991,1.1740244481801005,-0.06379847230522584,0.857419662777955,0.8347942362085676
45.29151813415195,1.1665427495876495,-0.08931940672394797,0.8599969238322758,0.8256269437117012
45.38953538483809,1.156526601020722,-0.11507982044389649,0.8641637421027157,0.8177390593239989
45.500941205714604,1.1420692501514138,-0.14447088349364473,0.8709141925642255,0.8101215686438447
45.58269078160846,1.1293782807418378,-0.16599432119542265,0.8773114737187678,0.8052735089165387
45.66444035750232,1.1149347597174104,-0.18731523782564793,0.8850144451117599,0.8008850820898565
45.739290945950465,1.1001947149910112,-0.20645510339818043,0.8932919244949575,0.7970988289859057
45.80906891633949,1.0851824238924874,-0.2237118630825822,0.9021415169366687,0.7935739288235217
45.875357472789204,1.0698320790127374,-0.2392527673596507,0.9116399939496611,0.7899955432071326
45.93908976978304,1.054138990598234,-0.25296972007498514,0.9218567074437463,0.786044825621862
46.0008502513657,1.0381484806643975,-0.26449775809654774,0.9328593568775918,0.7813395483116463
46.054299983601894,1.0237905833057277,-0.2723477981151571,0.9433343361266582,0.7761342942441115
46.09859151044749,1.0116238549243022,-0.27664336556856073,0.9527412461338427,0.7706357739967437
46.13562076133745,1.0013466606397017,-0.2780507108637221,0.9611493554318058,0.764911164379957
46.16715167962772,0.9925883850904973,-0.2771035431697053,0.9687241396910492,0.7590080850737614
46.19441013079894,0.9850698007271621,-0.2741753003998373,0.9755962558049521,0.7529983783799256
46.21826165499934,0.9785812359564368,-0.26954017629094756,0.9818653970179394,0.7469721415143705
46.239354764093484,0.9729567350350392,-0.26340649909408825,0.9876136861895939,0.7410257302082692
46.25818561064786,0.9680636336677544,-0.25593694288376706,0.9929091323538174,0.7352578607179483
46.27701645720223,0.9633320940939049,-0.24617405082235128,0.9983579546898419,0.7291471110962121
46.29223196592499,0.9596591993766778,-0.23628378869399513,1.002869652274044,0.724079992761212
46.30744747464775,0.9561524088906442,-0.22428850361370264,1.0074735624373095,0.7190684956223642
46.321381356973575,0.9531160097057271,-0.21117956397112422,1.0117637037186935,0.7147359515784919
46.3341211968513,0.9505126018682366,-0.19718636050690727,1.0157401010648353,0.711221796147888
46.345864531824155,0.9482818824497469,-0.18241355852604665,1.0194423931490644,0.7086014558300351
46.356775341143056,0.9463743802806214,-0.1669532672483104,1.0229049187663743,0.7069398800945879
46.366985490072516,0.9447504038189054,-0.1508966942313793,1.0261556422248186,0.7062944022715705
46.37660077519793,0.9433779725542947,-0.13433919747192083,1.0292169500689226,0.7067142937309411
46.385705182679224,0.9422311432228709,-0.11738489078725965,1.0321062360402251,0.7082390343030623
46.39436353728301,0.9412886329939075,-0.10015126770888935,1.0348362475767405,0.7108949982063328
46.40262286589374,0.9405326142161391,-0.08277381004165613,1.0374152555588045,0.7146901522751209
46.41051269842065,0.9399475848855009,-0.06541036534180449,1.0398471076685993,0.719606437165888
46.41804440069525,0.9395192503147894,-0.048245096367370024,1.0421312057879306,0.7255896405404484
46.42520931834665,0.9392333825391447,-0.03149246733221454,1.0442623651511496,0.7325365236709879
46.431974582575954,0.9390746318841037,-0.015404108919926936,1.0462302578127853,0.7402778451848191
46.43827257182922,0.9390251707400418,-0.0002885774470202714,1.0480173907818522,0.7485509470921269
46.44396894304908,0.9390625707486756,0.013419338004278861,1.0495917334152352,0.7569347306623715
46.449566869091846,0.9391753282913419,0.026854751983222045,1.0510956511534926,0.7660104114327897
46.455696844825304,0.9393847635452163,0.04144979530703517,1.0526884932336062,0.7768917743191587
46.4622586225932,0.9397074183217696,0.056847407422454574,1.0543250424469102,0.7896070227064563
46.4691913556992,0.9401569300941692,0.07276189486733818,1.0559701122537362,0.8041912824186261
46.476459669966104,0.9407449614557933,0.08895232312173866,1.0575941226531027,0.8206713979044956
46.48404702763133,0.9414820025941412,0.10521221550890708,1.059170690162308,0.8390594944669842
46.49195258046533,0.9423781704971926,0.12136573694223304,1.0606750616129286,0.8593510263657484
46.5001893240573,0.9434439801061686,0.13726482611451993,1.062082763472094,0.8815234644908511
46.50878280696662,0.9446910452150868,0.15278564769705213,1.0633682703629705,0.9055335338145442
46.51777022420088,0.9461326905960168,0.16782435581245625,1.0645036599049982,0.9313120162290967
46.52719991928064,0.9477844852967684,0.18229263682279784,1.0654572679527476,0.9587558189607335
46.53713135462355,0.9496647248816658,0.19611345853161588,1.0661923623964413,0.987717382627992
46.54763560087816,0.9517948969365136,0.20921726211897979,1.0666658519139198,1.0179917234447928
46.55879639830631,0.9542001657899253,0.2215386661171801,1.0668270526676504,1.0493016383950944
46.570711875585005,0.9569099154150436,0.2330136466767597,1.0666165511224939,1.0812819537894325
46.58349708574974,0.9599584001488196,0.24357710290093934,1.0659652183501391,1.113464213726969
46.59728764796457,0.9633855768725019,0.2531606759728193,1.0647934382206206,1.1452638393037842
46.612244981219874,0.9672382336255461,0.26169062759749423,1.0630105930785996,1.1759723686068764
46.62856386543761,0.9715715803820353,0.26908545439115406,1.0605147979191827,1.2047575700505173
46.64648318686597,0.9764514666179379,0.27525268385748763,1.0571928375989244,1.2306735476529018
46.66629991525999,0.9819570832960015,0.2800840208282159,1.0529205220387734,1.2526813201692046
46.688381762985124,0.9881825297960912,0.28344821921988095,1.0475652549818484,1.26967982968737
46.71315810094193,0.9952308127609865,0.2851840821946563,1.0409981658632628,1.2805578022351078
46.741041485763134,1.0031860459319084,0.2851075506707706,1.0331328712776493,1.2843215884072963
46.77231110123665,1.0120738769849091,0.28305535850066155,1.0239822651074475,1.2803851329418225
